item_id,purchase_order_date,reserve_status,market,inventory_category,sales_channel,date_of_customer_delivery,sales_company,date_of_arrival_at_port,date_of_clearance,maturity_stage,transportation_time_days,advance_notice_time_days
1,,Available,Netherlands,Standard,Direct Sales,2025-07-28,23,2025-04-30 08:00:31,2025-07-18 12:45:07,M0,10.152,
2,2025-02-28,Available,Belgium,Business,Agency,2026-02-04,20,2025-05-23 14:29:05,2025-08-28 14:29:29,M0,159.778,
3,2025-02-28,Available,Netherlands,Standard,Direct Sales,2025-08-14,23,2025-05-23 14:31:22,2025-08-07 07:29:54,M0,7.12,
4,2025-02-28,Available,France,Standard,Direct Sales,2025-09-09,23,2025-05-23 14:31:17,2025-08-11 12:25:18,M0,28.965,
5,2025-04-03,Available,Netherlands,Standard,Direct Sales,2025-10-29,23,2025-10-15 11:47:05,2025-10-16 11:36:52,M1,13.21,
6,2025-04-03,Available,Netherlands,Standard,Direct Sales,2025-10-02,23,2025-07-07 11:37:04,2025-09-22 14:03:42,M0,9.85,
7,2025-06-05,Available,Netherlands,Standard,Direct Sales,2025-09-22,23,,2025-09-05 10:45:56,M1,17.153,
8,2025-06-05,Available,Netherlands,Standard,Direct Sales,2025-09-08,23,2025-08-27 10:42:22,2025-09-02 15:00:17,M1,6.068,
9,2025-06-05,Available,Netherlands,Standard,Direct Sales,2025-09-22,23,,2025-09-05 10:45:56,M1,17.116,
10,2025-06-05,Available,Netherlands,Standard,Direct Sales,2025-09-05,23,,2025-08-26 16:10:58,M1,10.035,
11,2025-06-05,Available,Denmark,Standard,Agency,2025-11-18,17,2025-08-27 10:39:11,2025-10-07 11:56:52,M1,41.933,
12,2025-06-05,Available,Belgium,Standard,Agency,2026-03-04,2,2025-09-12 10:58:14,2026-01-20 11:11:52,M1,42.13,7.868
13,2025-06-05,Available,Netherlands,Standard,Direct Sales,2025-10-24,23,,2025-09-05 10:45:10,M1,49.195,
14,2025-08-05,Available,Netherlands,Standard,Direct Sales,2025-12-01,23,2025-11-03 10:44:03,2025-11-11 10:39:05,M1,20.206,56.959
15,2025-08-05,Available,Denmark,Standard,Agency,2026-01-05,18,2025-11-03 10:41:06,2025-11-28 16:39:54,M1,37.729,74.209
16,2025-08-05,Available,Netherlands,Standard,Direct Sales,2026-01-15,23,2025-11-03 10:41:23,2025-12-19 14:36:29,M1,26.977,95.123
17,2025-08-05,Available,France,Standard,Direct Sales,2026-04-08,23,2025-11-03 10:41:12,2025-11-11 15:22:24,M1,147.954,57.155
18,2025-08-05,Available,France,Standard,Direct Sales,2026-01-08,23,2025-11-03 10:41:02,2025-12-02 12:46:26,M1,37.137,78.047
19,,Available,Netherlands,Standard,Direct Sales,2025-05-26,23,2025-04-09 10:52:42,,M0,,
20,,Available,Netherlands,Standard,Direct Sales,2025-08-28,23,2025-04-21 10:04:06,2025-08-07 07:33:13,M0,21.295,
21,,Available,Netherlands,Standard,Direct Sales,2025-11-03,23,2025-04-21 10:04:17,2025-10-24 13:35:21,M0,10.036,
22,,Available,Netherlands,Standard,Direct Sales,2025-10-24,23,2025-04-21 10:04:19,2025-09-16 12:53:34,M0,38.105,
23,2025-02-28,Available,Netherlands,Standard,Direct Sales,2025-07-29,23,2025-05-23 14:30:05,,M0,,
24,2025-02-28,Available,Denmark,Standard,Agency,2025-09-19,18,2025-05-23 14:30:21,2025-08-22 15:21:19,M0,27.825,
25,2025-02-28,Available,Netherlands,Standard,Direct Sales,2026-01-08,23,2025-05-23 14:31:15,2025-11-28 16:39:53,M0,40.876,16.256
26,2025-02-28,Available,Belgium,Standard,Agency,2025-11-20,20,2025-05-23 14:33:02,2025-08-26 13:25:44,M0,83.884,
27,2025-02-28,Available,Netherlands,Standard,Direct Sales,2025-12-08,23,2025-05-23 14:32:19,2025-09-12 12:46:54,M0,87.159,9.896
28,2025-02-28,Available,Netherlands,Standard,Direct Sales,2025-10-10,23,2025-05-23 14:29:09,2025-09-08 07:33:37,M0,32.342,5.679
29,2025-04-03,Available,Netherlands,Standard,Direct Sales,2025-07-29,23,2025-07-07 11:37:17,2025-07-17 12:27:25,M0,12.184,
30,2025-06-05,Available,Denmark,Standard,Agency,2025-11-21,22,2025-08-27 10:39:22,2025-10-10 09:45:15,M1,42.092,
31,2025-06-05,Available,Netherlands,Standard,Direct Sales,2025-10-29,23,2025-08-27 10:40:16,2025-10-17 16:27:13,M1,12.01,
32,2025-06-05,Available,Denmark,Standard,Agency,2025-11-13,17,2025-09-12 10:58:15,2025-10-31 13:11:32,M1,12.903,
33,2025-06-05,Available,Netherlands,Standard,Direct Sales,2025-09-23,23,2025-08-27 10:41:01,2025-09-10 13:00:47,M1,13.103,
34,2025-06-05,Available,Denmark,Standard,Agency,2026-01-23,17,2025-09-12 10:56:05,2025-10-29 16:23:02,M1,95.04,
35,2025-06-05,Available,Netherlands,Standard,Direct Sales,2025-12-26,24,2025-09-12 10:58:06,2025-10-31 13:11:36,M1,56.193,1.948
36,2025-06-05,Available,Netherlands,Standard,Direct Sales,2026-01-22,24,2025-09-12 10:56:12,2025-10-31 13:11:37,M1,83.12,1.948
37,2025-06-05,Available,France,Standard,Direct Sales,2025-11-27,23,2025-09-12 10:56:05,2025-09-26 08:25:37,M1,62.106,
38,2025-06-05,Available,Netherlands,Standard,Direct Sales,2025-10-10,23,,2025-09-05 10:45:19,M1,35.195,
39,2025-06-05,Available,Netherlands,Standard,Direct Sales,2025-09-18,23,,2025-09-05 10:47:19,M1,13.039,
40,2025-08-05,Available,France,Standard,Direct Sales,2026-01-07,23,2025-11-03 10:41:09,2025-11-20 16:13:55,M1,47.819,66.191
41,,Available,Netherlands,Standard,Direct Sales,2025-06-17,23,2025-04-30 08:00:43,,M0,,
42,,Available,France,Demo,Direct Sales,2025-07-10,23,2025-04-14 13:56:31,,M0,,
43,,Available,Belgium,Standard,Agency,2025-08-28,26,2025-04-21 10:05:11,,M0,,
44,,Available,Netherlands,Standard,Direct Sales,2025-11-07,23,2025-04-21 10:04:17,2025-09-08 07:33:33,M0,60.131,5.679
45,2025-02-28,Available,Denmark,Standard,Agency,2025-09-23,17,2025-05-23 14:32:16,2025-09-05 12:46:04,M0,17.946,
46,2025-02-28,Available,Netherlands,Standard,Direct Sales,2025-09-26,23,2025-05-23 14:30:20,2025-09-17 11:56:20,M0,9.08,
47,2025-02-28,Available,Netherlands,Standard,Direct Sales,2025-09-26,23,2025-05-23 14:30:14,2025-09-17 11:56:20,M0,9.078,
48,2025-02-28,Available,Netherlands,Standard,Direct Sales,2026-01-09,23,2025-05-23 14:30:10,2025-12-19 14:36:31,M0,21.055,37.171
49,2025-02-28,Available,Netherlands,Standard,Direct Sales,2025-10-10,23,2025-05-23 14:30:06,2025-09-08 07:33:36,M0,32.342,5.679
50,2025-06-05,Available,France,Standard,Direct Sales,2025-12-29,23,2025-08-27 10:42:05,2025-10-29 10:48:23,M1,61.041,
51,2025-06-05,Available,Netherlands,Standard,Direct Sales,2025-10-08,23,2025-08-27 10:37:06,2025-09-24 08:36:47,M1,14.272,
52,2025-06-05,Available,Netherlands,Standard,Direct Sales,2026-01-02,23,2025-09-12 10:58:07,2025-11-28 16:39:59,M1,34.78,30.141
53,2025-06-05,Available,Netherlands,Standard,Direct Sales,2025-11-24,23,2025-08-27 10:41:04,2025-11-04 16:21:15,M1,19.907,
54,2025-06-05,Available,Netherlands,Standard,Direct Sales,2025-11-12,23,2025-08-27 10:40:21,2025-10-30 11:53:29,M1,13.126,
55,2025-06-05,Available,Netherlands,Standard,Direct Sales,2026-03-30,23,2025-09-12 10:56:04,2026-02-13 10:38:32,M1,45.15,93.769
56,2025-06-05,Available,Belgium,Standard,Agency,2026-04-07,20,2025-09-12 10:59:05,2026-01-16 15:18:14,M1,80.704,65.964
57,2025-06-05,Available,Belgium,Standard,Agency,2026-03-03,20,2025-09-12 10:59:01,2026-01-16 15:18:11,M1,45.876,65.964
58,2025-06-05,Available,France,Standard,Direct Sales,2025-10-02,23,,2025-09-05 10:46:04,M1,27.098,
59,2025-08-05,Available,Spain,Business,Agency,2026-03-09,8,2025-11-03 10:42:24,2026-02-03 09:17:38,M1,34.228,140.902
60,2025-08-05,Reserved,Denmark,Standard,Agency,2026-02-11,17,2025-11-03 10:42:19,2025-11-07 08:38:40,M1,96.341,52.875
61,2025-08-05,Available,Denmark,Standard,Agency,2025-12-12,18,2025-11-03 10:44:08,2025-11-07 08:38:35,M1,35.043,52.875
62,2025-08-05,Available,Netherlands,Standard,Direct Sales,2025-11-27,23,2025-11-03 10:41:07,2025-11-11 10:39:09,M1,16.274,56.959
63,2025-08-05,Available,Netherlands,Standard,Direct Sales,2025-12-10,23,2025-11-03 10:41:20,2025-11-27 15:07:57,M1,12.94,73.145
64,2025-08-05,Available,Denmark,Standard,Agency,2025-12-31,18,2025-11-03 10:42:25,2025-11-17 11:35:15,M1,44.108,62.998
65,2025-08-05,Available,Italy,Business,Agency,2026-03-02,13,2025-11-03 10:41:00,2026-01-22 10:30:46,M1,39.338,128.953
66,2025-08-05,Available,Italy,Business,Agency,2026-03-02,13,2025-11-03 10:42:12,2026-01-22 10:30:45,M1,39.337,128.953
67,2025-08-05,Available,Denmark,Standard,Agency,2026-01-30,17,2025-11-03 10:41:08,2025-11-17 11:35:15,M1,74.086,62.998
68,2025-08-05,Available,Italy,Business,Agency,2026-03-02,13,2025-11-03 10:42:21,2026-01-22 10:30:47,M1,39.343,128.953
69,,Available,Netherlands,Standard,Direct Sales,2025-08-08,23,2025-04-04 09:14:12,,M0,,
70,,Available,Denmark,Business,Agency,2025-07-18,22,2025-04-21 10:02:13,2025-07-10 13:12:03,M0,14.796,
71,,Available,Netherlands,Standard,Direct Sales,2025-11-07,23,2025-04-21 10:02:02,2025-09-08 07:33:36,M0,60.126,5.679
72,2025-02-28,Available,France,Standard,Direct Sales,2025-09-26,23,2025-05-23 14:29:00,2025-08-26 13:28:03,M0,31.114,
73,2025-02-28,Available,Denmark,Standard,Agency,2025-11-11,18,2025-05-23 14:32:18,2025-10-16 11:37:23,M0,26.141,
74,2025-02-28,Available,Netherlands,Standard,Direct Sales,2025-10-29,23,2025-05-23 14:31:02,2025-10-17 16:27:14,M0,12.018,4.082
75,2025-02-28,Available,Netherlands,Standard,Direct Sales,2025-09-10,24,2025-05-23 14:30:24,2025-09-05 10:45:06,M0,5.253,
76,2025-02-28,Available,Netherlands,Standard,Direct Sales,2026-01-09,23,2025-05-23 14:31:20,2025-12-19 14:36:28,M0,21.055,37.171
77,2025-06-05,Available,Netherlands,Standard,Direct Sales,2025-12-26,23,2025-08-27 10:41:23,2025-11-28 16:39:50,M1,28.045,
78,2025-06-05,Available,Belgium,Standard,Agency,2026-02-13,20,2025-09-12 10:58:13,2026-01-20 11:11:51,M1,23.294,69.792
79,2025-06-05,Available,Netherlands,Standard,Direct Sales,2025-09-19,23,,2025-09-05 10:45:54,M1,14.196,
80,2025-06-05,Available,Netherlands,Standard,Direct Sales,2025-09-22,23,,2025-09-05 10:46:07,M1,17.152,
81,2025-06-05,Available,Netherlands,Standard,Direct Sales,2025-10-23,23,2025-09-12 10:56:15,2025-10-07 11:56:49,M1,15.963,
82,2025-08-05,Available,Italy,Business,Agency,2026-03-02,13,2025-11-03 10:41:21,2026-01-22 10:30:52,M1,39.341,128.953
83,2025-08-05,Available,Denmark,Standard,Agency,2026-01-22,22,2025-11-03 10:41:16,2025-11-17 11:35:16,M1,65.968,62.998
84,,Available,France,Demo,Direct Sales,2025-10-10,23,2025-04-14 13:56:31,,M0,,
85,,Available,Netherlands,Standard,Direct Sales,2025-08-25,23,2025-04-30 08:00:30,2025-08-05 09:08:21,M0,20.226,
86,,Reserved,Switzerland,Standard,Agency,2025-10-13,11,2025-04-21 10:03:19,2025-06-26 09:08:47,M0,108.946,
87,,Available,Netherlands,Standard,Direct Sales,2025-12-08,23,2025-04-21 10:03:00,2025-09-12 12:46:51,M0,87.162,9.896
88,,Available,Netherlands,Standard,Direct Sales,2026-01-09,23,2025-04-21 10:02:14,2025-12-19 14:36:27,M0,21.054,37.171
89,,Available,Netherlands,Standard,Direct Sales,2025-10-23,23,2025-04-21 10:02:12,2025-09-15 14:56:19,M0,37.996,
90,,Available,France,Standard,Direct Sales,2025-06-06,23,2025-04-21 10:05:04,,M0,,
91,2025-02-28,Available,Denmark,Standard,Agency,2025-09-30,22,2025-05-23 14:31:11,2025-07-21 10:40:24,M0,71.161,
92,2025-02-28,Available,Netherlands,Standard,Direct Sales,2026-01-09,23,2025-05-23 14:31:05,2025-12-19 14:36:27,M0,21.056,37.171
93,2025-02-28,Available,Denmark,Standard,Agency,2025-10-28,17,2025-05-23 14:30:02,2025-09-19 09:28:54,M0,39.085,
94,2025-02-28,Available,France,Standard,Direct Sales,2025-11-28,23,2025-05-23 14:29:20,2025-10-24 15:34:13,M0,34.922,11.045
95,2025-02-28,Available,Netherlands,Standard,Direct Sales,2026-01-09,23,2025-05-23 14:29:13,2025-12-19 14:36:23,M0,21.053,37.171
96,2025-02-28,Available,Netherlands,Standard,Direct Sales,2026-01-09,23,2025-05-23 14:29:05,2025-12-19 14:36:27,M0,21.052,37.171
97,2025-06-05,Available,Netherlands,Standard,Direct Sales,2026-03-09,23,2025-09-12 10:56:07,2026-01-27 13:48:33,M1,8.929,1.145
98,2025-06-05,Available,Netherlands,Standard,Direct Sales,2025-10-27,23,2025-08-27 10:43:05,2025-10-01 09:08:31,M1,26.261,
99,2025-06-05,Available,Netherlands,Standard,Direct Sales,2026-03-09,23,2025-09-12 10:56:06,2026-01-27 13:48:32,M1,8.925,1.145
100,2025-06-05,Available,Denmark,Standard,Agency,2025-12-30,22,2025-09-12 10:56:02,2025-11-17 11:35:12,M1,49.981,5.795
101,2025-06-05,Available,Netherlands,Standard,Direct Sales,2025-09-23,23,,2025-09-05 10:47:19,M1,18.195,
102,2025-06-05,Available,Netherlands,Standard,Direct Sales,2025-09-16,23,,2025-09-05 10:45:53,M1,11.169,
103,2025-08-05,Available,Netherlands,Standard,Direct Sales,2026-02-03,23,2025-11-03 10:42:18,2026-01-09 13:06:00,M1,25.27,116.061
104,2025-08-05,Available,Slovenia,Standard,Agency,2026-03-03,21,2025-11-03 10:44:01,2025-11-11 10:39:05,M1,112.227,56.959
105,2025-08-05,Available,Netherlands,Standard,Direct Sales,2025-12-18,23,2025-11-03 10:41:05,2025-11-28 16:39:52,M1,20.03,74.209
106,2025-08-05,Available,Netherlands,Standard,Direct Sales,2025-12-09,23,2025-11-03 10:41:21,2025-11-07 13:23:24,M1,32.19,53.073
107,2025-08-05,Available,Italy,Business,Agency,2026-03-02,13,2025-11-03 10:42:13,2026-01-22 10:30:47,M1,39.343,128.953
108,2025-08-05,Available,Denmark,Standard,Agency,2026-01-22,22,2025-11-03 10:42:22,2025-11-17 11:35:12,M1,66.191,62.998
109,2025-08-05,Available,Portugal,Business,Agency,2026-03-05,7,2025-11-03 10:42:17,2026-02-09 08:37:57,M1,24.091,146.874
110,,Available,Netherlands,Standard,Direct Sales,2025-10-10,23,2025-04-21 10:04:10,2025-09-08 07:33:37,M0,32.375,5.679
111,,Available,Netherlands,Standard,Direct Sales,2025-11-07,23,2025-04-21 10:05:09,2025-09-08 07:33:35,M0,60.13,5.679
112,,Available,Denmark,Standard,Agency,2025-09-05,22,2025-04-21 10:04:23,2025-07-18 20:48:39,M0,48.503,
113,2025-02-28,Available,Netherlands,Standard,Direct Sales,2025-08-29,23,2025-05-23 14:31:24,2025-07-22 20:56:52,M0,37.564,
114,2025-02-28,Available,Netherlands,Standard,Direct Sales,2026-01-09,23,2025-05-23 14:33:01,2025-12-19 14:36:28,M0,21.056,37.171
115,2025-02-28,Available,Belgium,Standard,Agency,2026-02-10,26,2025-05-23 14:30:11,2025-10-24 15:34:16,M0,108.789,11.045
116,2025-02-28,Available,Belgium,Standard,Agency,2026-04-14,26,2025-05-23 14:30:01,2025-10-24 15:34:11,M0,172.0,11.044
117,2025-02-28,Available,Netherlands,Standard,Direct Sales,2025-09-19,23,2025-05-23 14:30:13,2025-09-02 15:00:17,M0,16.764,
118,2025-06-05,Available,Denmark,Standard,Agency,2026-03-26,22,2025-09-12 10:58:11,2026-01-22 10:30:47,M1,62.899,71.764
119,2025-06-05,Available,Netherlands,Standard,Direct Sales,2026-03-02,23,2025-09-12 10:56:07,2026-02-20 12:47:30,M1,10.182,100.859
120,2025-06-05,Available,Denmark,Standard,Agency,2026-03-19,18,2025-09-12 10:56:00,2026-01-20 15:10:53,M1,58.903,69.958
121,2025-06-05,Available,Belgium,Standard,Agency,2026-04-09,26,2025-08-27 10:41:14,2026-01-02 09:37:26,M1,94.056,57.724
122,2025-06-05,Available,Netherlands,Standard,Direct Sales,2026-02-05,23,2025-09-12 10:58:27,2026-01-22 10:30:49,M1,14.214,
123,2025-06-05,Available,Netherlands,Standard,Direct Sales,2025-09-23,23,,2025-09-05 10:47:18,M1,18.194,
124,2025-06-05,Available,France,Standard,Direct Sales,2025-11-24,23,2025-08-27 10:43:05,2025-09-02 15:00:26,M1,82.831,
125,2025-06-05,Available,Netherlands,Standard,Direct Sales,2025-09-26,23,,2025-09-05 10:46:06,M1,21.238,
126,2025-08-05,Available,Netherlands,Standard,Direct Sales,2026-01-09,23,2025-11-03 10:42:15,2025-12-19 14:36:24,M1,21.049,95.123
127,2025-08-05,Available,Netherlands,Standard,Direct Sales,2026-01-09,23,2025-11-03 10:41:23,2025-12-19 14:36:28,M1,21.049,95.123
128,2025-08-05,Available,Netherlands,Standard,Direct Sales,2026-01-09,23,2025-11-03 10:41:13,2025-12-19 14:36:30,M1,21.048,95.123
129,,Available,Netherlands,Standard,Direct Sales,2025-08-14,23,2025-04-30 08:00:31,2025-07-28 09:53:39,M0,17.028,
130,,Available,Netherlands,Standard,Direct Sales,2025-07-29,23,2025-04-30 08:00:42,,M0,,
131,,Available,France,Standard,Direct Sales,2025-07-18,23,2025-04-21 10:02:03,,M0,,
132,,Available,Denmark,Standard,Agency,2025-12-30,22,2025-04-21 10:05:08,2025-07-18 20:48:39,M0,164.681,
133,,Available,Denmark,Standard,Agency,2025-10-10,18,2025-04-21 10:04:06,,M0,,
134,,Available,France,Standard,Direct Sales,2025-07-31,23,2025-04-21 10:03:11,,M0,,
135,2025-02-28,Available,Denmark,Standard,Agency,2025-10-16,17,2025-05-23 14:30:12,2025-09-24 13:46:31,M0,22.099,
136,2025-02-28,Available,Netherlands,Standard,Direct Sales,2026-01-09,23,2025-05-23 14:30:08,2025-12-19 14:36:28,M0,21.056,37.171
137,2025-02-28,Available,Denmark,Standard,Agency,2025-11-10,17,2025-05-23 14:30:22,2025-09-19 09:28:53,M0,52.063,
138,2025-02-28,Available,Netherlands,Standard,Direct Sales,2025-11-07,23,2025-05-23 14:32:23,2025-11-03 16:38:48,M0,3.755,11.283
139,2025-02-28,Available,Netherlands,Standard,Direct Sales,2025-07-30,23,2025-05-23 14:32:16,2025-07-21 10:40:24,M0,9.241,
140,2025-02-28,Available,Netherlands,Standard,Direct Sales,2025-07-07,23,2025-05-23 14:32:08,2025-07-01 09:53:45,M0,,
141,2025-02-28,Available,Netherlands,Standard,Direct Sales,2025-10-10,23,2025-05-23 14:32:00,2025-09-08 07:33:35,M0,32.342,5.679
142,2025-06-05,Available,Belgium,Business,Agency,2026-03-06,1,2025-08-27 10:40:17,2026-02-16 14:46:24,M1,17.811,102.938
143,2025-06-05,Available,Netherlands,Standard,Direct Sales,2025-10-22,23,2025-08-27 10:40:10,2025-10-08 13:23:13,M1,14.193,
144,2025-06-05,Available,Belgium,Business,Agency,2026-01-15,2,2025-09-12 10:56:19,2025-12-31 08:28:55,M1,33.282,54.88
145,2025-06-05,Available,Belgium,Business,Agency,2026-03-03,1,2025-08-27 10:37:08,2026-02-16 14:46:23,M1,14.885,102.938
146,2025-06-05,Available,Belgium,Standard,Agency,2026-03-10,26,2025-09-12 10:58:24,2026-01-02 09:37:18,M1,67.137,57.724
147,2025-06-05,Available,Netherlands,Standard,Direct Sales,2025-10-15,23,2025-09-12 10:56:09,2025-09-15 14:56:20,M1,29.99,
148,2025-06-05,Available,Netherlands,Standard,Direct Sales,2025-09-23,23,,2025-09-05 10:45:55,M1,18.196,
149,2025-08-05,Available,Netherlands,Standard,Direct Sales,2026-03-05,23,2025-11-03 10:42:13,2026-02-11 08:59:47,M1,22.096,148.889
150,2025-08-05,Available,Netherlands,Standard,Direct Sales,2025-11-25,23,2025-11-03 10:41:22,2025-11-11 14:30:17,M1,13.951,57.119
151,2025-08-05,Available,Netherlands,Standard,Direct Sales,2026-01-09,23,2025-11-03 10:43:06,2025-12-19 14:36:30,M1,21.048,95.123
152,2025-08-05,Available,Denmark,Standard,Agency,2026-03-20,22,2025-11-03 10:42:20,2026-01-20 11:11:57,M1,59.163,126.981
153,2025-08-05,Available,Denmark,Standard,Agency,2026-02-23,22,2025-11-03 10:42:17,2026-01-20 11:11:56,M1,33.966,126.981
154,2025-08-05,Available,Italy,Business,Agency,2026-03-02,13,2025-11-03 10:41:03,2026-01-22 10:30:48,M1,39.347,128.952
155,2025-08-05,Available,Italy,Business,Agency,2026-03-02,13,2025-11-03 10:43:05,2026-01-22 10:30:53,M1,39.345,128.953
156,,Available,Netherlands,Standard,Direct Sales,2025-05-21,23,2025-04-30 08:00:31,,M0,,
157,,Available,Netherlands,Standard,Direct Sales,2025-12-08,23,2025-04-21 10:03:03,2025-09-12 12:46:56,M0,87.16,9.896
158,,Available,Netherlands,Standard,Direct Sales,2025-11-07,23,2025-04-21 10:02:07,2025-09-08 07:33:34,M0,60.128,5.679
159,2025-02-28,Available,Netherlands,Standard,Direct Sales,2026-01-09,23,2025-05-23 14:31:24,2025-12-19 14:36:31,M0,21.055,37.171
160,2025-02-28,Available,Belgium,Standard,Agency,2026-02-17,12,2025-05-23 14:31:01,2025-12-01 11:07:29,M0,78.004,45.839
161,2025-02-28,Available,France,Standard,Direct Sales,2025-11-27,23,2025-05-23 14:29:11,2025-10-24 15:34:11,M0,33.96,39.101
162,2025-02-28,Available,Netherlands,Standard,Direct Sales,2025-11-07,23,2025-05-23 14:29:24,2025-10-17 15:01:56,M0,20.84,
163,2025-02-28,Available,Netherlands,Standard,Direct Sales,2026-04-01,23,2025-05-23 14:29:04,2026-02-27 16:59:22,M0,32.883,177.22
164,2025-06-05,Available,Belgium,Standard,Agency,2026-02-25,14,2025-08-27 10:40:20,2026-01-13 14:01:41,M1,42.986,68.907
165,2025-06-05,Available,France,Standard,Direct Sales,2026-01-15,23,2025-08-27 10:40:04,2025-11-20 16:13:57,M1,55.715,9.002
166,2025-06-05,Available,Netherlands,Standard,Direct Sales,2025-12-23,23,2025-08-27 10:38:22,2025-11-28 16:39:52,M1,24.763,17.02
167,2025-06-05,Available,France,Standard,Direct Sales,2025-11-14,23,2025-08-27 10:39:11,2025-10-10 09:46:51,M1,35.257,
168,2025-06-05,Available,Denmark,Standard,Agency,2025-11-13,22,2025-08-27 10:43:00,2025-10-07 11:56:53,M1,36.961,
169,2025-06-05,Available,Netherlands,Standard,Direct Sales,2026-01-09,23,2025-09-12 10:58:08,2025-12-19 14:36:32,M1,21.048,37.922
170,2025-06-05,Available,Netherlands,Standard,Direct Sales,2026-02-06,23,2025-08-27 10:42:08,2025-10-31 13:11:33,M1,97.873,
171,2025-06-05,Available,Belgium,Business,Agency,2026-03-06,1,2025-09-12 10:58:19,2026-02-16 14:46:25,M1,17.804,102.939
172,2025-06-05,Available,Belgium,Standard,Agency,2026-03-23,12,2025-08-27 10:41:11,2026-01-20 15:10:59,M1,61.781,75.956
173,2025-06-05,Available,Netherlands,Standard,Direct Sales,2025-10-16,23,2025-09-12 10:56:03,2025-10-01 09:08:29,M1,15.285,
174,2025-06-05,Available,Netherlands,Standard,Direct Sales,2025-10-03,23,2025-09-12 10:56:12,2025-09-16 12:53:37,M1,17.075,
175,2025-08-05,Available,Netherlands,Standard,Direct Sales,2026-01-09,23,2025-11-03 10:43:06,2025-12-19 14:36:30,M1,21.047,95.123
176,2025-08-05,Available,Netherlands,Standard,Direct Sales,2026-01-09,23,2025-11-03 10:41:07,2025-12-19 14:36:25,M1,21.046,95.123
177,2025-08-05,Available,Italy,Business,Agency,2026-03-02,13,2025-11-03 10:43:08,2026-01-22 10:30:56,M1,39.346,128.953
178,,Available,Netherlands,Standard,Direct Sales,2025-06-09,23,2025-04-21 10:03:16,,M0,,
179,,Available,Netherlands,Standard,Direct Sales,2025-07-31,23,2025-04-21 10:04:01,,M0,,
180,,Available,Netherlands,Standard,Direct Sales,2025-12-08,23,2025-04-21 10:04:11,2025-09-12 12:46:54,M0,87.156,9.896
181,,Available,Netherlands,Standard,Direct Sales,2025-05-13,23,2025-04-21 10:05:02,,M0,,
182,,Available,Netherlands,Standard,Direct Sales,2025-11-27,23,2025-04-21 10:02:06,,M0,,
183,2025-02-28,Available,Netherlands,Standard,Direct Sales,2025-07-07,23,2025-05-23 14:32:13,2025-07-01 09:53:47,M0,,
184,2025-02-28,Available,Netherlands,Standard,Direct Sales,2026-01-09,23,2025-05-23 14:32:21,2025-12-19 14:36:26,M0,21.055,37.171
185,2025-02-28,Available,Netherlands,Standard,Direct Sales,2025-10-29,23,2025-05-23 14:29:23,2025-10-17 16:27:15,M0,12.016,
186,2025-02-28,Available,Denmark,Standard,Agency,2025-11-27,18,2025-05-23 14:30:06,2025-11-07 08:38:36,M0,19.185,9.747
187,2025-02-28,Available,Netherlands,Standard,Direct Sales,2025-07-07,23,2025-05-23 14:30:15,2025-07-01 09:53:47,M0,,
188,2025-02-28,Available,Netherlands,Standard,Direct Sales,2025-12-08,23,2025-05-23 14:31:04,2025-09-12 12:46:57,M0,87.164,9.896
189,2025-04-03,Available,Netherlands,Standard,Direct Sales,2025-08-15,23,2025-07-07 11:37:02,2025-08-11 17:07:46,M0,3.989,
190,2025-04-03,Available,Netherlands,Standard,Direct Sales,2025-07-24,23,2025-07-07 11:37:05,2025-07-16 18:29:45,M0,7.909,
191,2025-06-05,Available,Belgium,Standard,Agency,2026-02-28,12,2025-08-27 10:37:07,2026-01-20 15:10:59,M1,38.852,75.159
192,2025-06-05,Available,Belgium,Service,Agency,2026-03-03,20,2025-08-27 10:37:16,2025-12-25 15:10:09,M1,67.791,49.955
193,2025-06-05,Available,Belgium,Business,Agency,2026-03-03,1,2025-09-12 10:56:16,2026-02-16 14:46:25,M1,14.878,102.142
194,2025-06-05,Available,Belgium,Service,Agency,2026-03-10,2,2025-08-27 10:38:12,2026-02-27 14:49:56,M1,10.963,113.941
195,2025-06-05,Available,Netherlands,Standard,Direct Sales,2026-04-09,23,2025-08-27 10:40:17,2026-02-27 15:54:53,M1,40.858,113.986
196,2025-06-05,Available,Belgium,Standard,Agency,2026-01-29,20,2025-08-27 10:41:24,2025-12-25 15:10:07,M1,33.782,49.955
197,2025-06-05,Available,Belgium,Business,Agency,2026-02-09,14,2025-09-12 10:58:18,2026-01-13 14:01:40,M1,27.836,68.908
198,2025-06-05,Available,Netherlands,Standard,Direct Sales,2025-12-19,23,2025-09-12 10:56:17,2025-11-28 16:39:54,M1,20.813,
199,2025-06-05,Available,Netherlands,Standard,Direct Sales,2025-12-17,23,2025-09-12 10:58:09,2025-11-28 16:40:01,M1,18.736,74.145
200,2025-08-05,Available,Denmark,Business,Agency,2026-01-19,18,2025-11-03 10:41:14,2025-11-17 11:35:13,M1,63.25,62.997
201,2025-08-05,Available,Denmark,Standard,Agency,2026-02-19,17,2025-11-03 10:43:01,2025-11-17 11:35:16,M1,93.936,62.997
202,2025-08-05,Reserved,Denmark,Standard,Agency,2025-12-15,17,2025-11-03 10:41:09,2025-11-07 08:38:36,M1,38.068,52.875
203,2025-08-05,Available,Denmark,Standard,Agency,2026-01-01,17,2025-11-03 10:41:25,2025-11-17 11:35:15,M1,44.945,62.997
204,2025-08-05,Available,Denmark,Standard,Agency,2026-01-06,17,2025-11-03 10:42:12,2025-11-17 11:35:11,M1,49.986,62.997
205,2025-08-05,Available,Netherlands,Standard,Direct Sales,2026-01-09,23,2025-11-03 10:42:19,2025-12-19 14:36:30,M1,21.05,95.123
206,2025-08-05,Available,Netherlands,Standard,Direct Sales,2026-01-09,23,2025-11-03 10:43:01,2025-12-19 14:36:26,M1,21.05,95.123
207,2025-08-05,Available,Netherlands,Standard,Direct Sales,2026-01-09,23,2025-11-03 10:43:05,2025-12-19 14:36:29,M1,21.05,95.123
208,,Available,Netherlands,Standard,Direct Sales,2025-05-05,23,2025-05-05 16:17:00,,M0,,
209,,Available,Netherlands,Standard,Direct Sales,2025-05-30,23,2025-04-21 10:05:13,,M0,,
210,,Available,Netherlands,Standard,Direct Sales,2025-05-23,23,2025-04-21 10:04:13,,M0,,
211,2025-02-28,Available,Belgium,Standard,Agency,2026-02-06,26,2025-05-23 14:30:19,2025-11-07 13:23:25,M0,90.997,53.01
212,2025-02-28,Available,Netherlands,Standard,Direct Sales,2025-07-07,23,2025-05-23 14:30:05,2025-07-01 09:53:48,M0,,
213,2025-02-28,Available,Denmark,Standard,Agency,2026-01-12,18,2025-05-23 14:32:17,2025-11-18 15:45:42,M0,54.979,21.044
214,2025-02-28,Available,Denmark,Standard,Agency,2025-12-16,17,2025-05-23 14:32:19,2025-11-07 13:23:22,M0,38.878,9.945
215,2025-02-28,Available,Denmark,Standard,Agency,2025-11-21,17,2025-05-23 14:32:02,2025-11-07 13:23:21,M0,14.115,9.945
216,2025-06-05,Available,Belgium,Service,Agency,2026-03-03,20,2025-08-27 10:39:07,2025-12-25 15:10:08,M1,68.76,49.955
217,2025-06-05,Available,Netherlands,Standard,Direct Sales,2025-12-22,23,2025-08-27 10:41:08,2025-11-28 16:39:55,M1,23.697,17.02
218,2025-06-05,Available,Belgium,Service,Agency,2026-03-03,20,2025-08-27 10:40:12,2025-12-25 15:10:08,M1,68.767,49.955
219,2025-06-05,Available,Belgium,Service,Agency,2026-03-10,20,2025-08-27 10:40:20,2025-12-25 15:10:06,M1,74.755,49.955
220,2025-06-05,Available,Belgium,Standard,Agency,2026-01-26,20,2025-08-27 10:37:22,2025-12-25 15:10:06,M1,32.743,49.955
221,2025-06-05,Available,Netherlands,Standard,Direct Sales,2025-09-18,23,2025-08-27 10:37:04,2025-09-10 13:00:49,M1,8.168,
222,2025-06-05,Available,Netherlands,Standard,Direct Sales,2026-01-09,23,2025-09-12 10:58:29,2025-12-19 14:36:25,M1,21.053,37.922
223,2025-06-05,Available,Belgium,Standard,Agency,2026-01-26,20,2025-08-27 10:40:06,2025-12-25 15:10:08,M1,32.74,49.955
224,2025-06-05,Available,Netherlands,Standard,Direct Sales,2025-11-07,23,,2025-09-10 13:00:48,M1,58.017,
225,2025-06-05,Available,Netherlands,Standard,Direct Sales,2025-10-22,23,2025-09-12 10:56:10,2025-09-24 08:40:42,M1,28.131,
226,2025-08-05,Available,Denmark,Standard,Agency,2025-12-01,18,2025-11-03 10:42:16,2025-11-07 08:38:33,M1,24.084,52.875
227,2025-08-05,Available,France,Standard,Direct Sales,2025-12-30,23,2025-11-03 10:41:14,2025-11-18 11:31:39,M1,42.056,63.995
228,2025-08-05,Available,Netherlands,Standard,Direct Sales,2026-01-09,23,2025-11-03 10:43:10,2025-12-19 14:36:32,M1,21.052,95.123
229,2025-08-05,Available,Denmark,Standard,Agency,2026-01-27,22,2025-11-03 10:41:24,2025-11-17 11:35:14,M1,71.105,62.997
230,2025-08-05,Available,Netherlands,Standard,Direct Sales,2026-01-09,23,2025-11-03 10:41:05,2025-12-19 14:36:24,M1,21.052,95.123
231,2025-08-05,Available,Netherlands,Standard,Direct Sales,2026-01-09,23,2025-11-03 10:41:15,2025-12-19 14:36:31,M1,21.051,95.123
232,2025-08-05,Available,Netherlands,Standard,Direct Sales,2026-01-09,23,2025-11-03 10:42:22,2025-12-19 14:36:25,M1,21.051,95.123
233,,Available,Netherlands,Standard,Direct Sales,2025-07-15,23,2025-04-30 08:00:31,2025-07-01 10:18:30,M0,,
234,,Available,Netherlands,Standard,Direct Sales,2025-05-15,23,2025-04-21 10:02:04,,M0,,
235,,Available,Netherlands,Standard,Direct Sales,2025-05-12,23,2025-04-21 10:02:13,,M0,,
236,,Available,Netherlands,Standard,Direct Sales,2025-11-13,23,2025-04-21 10:04:09,,M0,,
237,2025-02-28,Available,Netherlands,Standard,Direct Sales,2025-09-10,23,2025-05-23 14:31:13,2025-07-22 20:56:54,M0,49.83,
238,2025-02-28,Available,Netherlands,Standard,Direct Sales,2025-06-12,23,2025-05-23 14:29:20,,M0,,
239,2025-04-03,Available,Netherlands,Standard,Direct Sales,2025-09-10,23,2025-07-07 11:39:09,2025-08-07 11:09:43,M0,34.235,
240,2025-06-05,Available,Netherlands,Standard,Direct Sales,2025-09-04,23,,2025-08-26 16:10:55,M1,8.876,
241,2025-06-05,Available,Belgium,Standard,Agency,2026-03-07,14,2025-09-12 10:56:06,2026-02-11 09:05:46,M1,24.211,91.705
242,2025-06-05,Available,Denmark,Standard,Agency,2026-03-02,18,2025-09-12 10:58:27,2026-01-20 15:10:57,M1,40.803,69.959
243,2025-06-05,Available,Netherlands,Standard,Direct Sales,2026-03-09,23,2025-09-12 10:58:05,2026-01-27 13:48:34,M1,8.932,76.901
244,2025-06-05,Available,Netherlands,Standard,Direct Sales,2025-09-05,23,,2025-08-26 16:10:57,M1,9.967,
245,2025-06-05,Available,Netherlands,Standard,Direct Sales,2025-11-13,24,2025-09-12 10:56:11,2025-10-31 13:11:37,M1,13.16,1.948
246,2025-06-05,Available,Netherlands,Standard,Direct Sales,2025-09-29,23,2025-09-12 10:56:16,2025-09-12 12:46:52,M1,17.038,
247,2025-06-05,Available,Netherlands,Standard,Direct Sales,2025-10-06,23,2025-09-12 10:56:01,2025-09-24 08:40:40,M1,12.314,
248,2025-08-05,Available,Denmark,Standard,Agency,2025-11-25,18,2025-11-03 10:44:04,2025-11-07 08:38:32,M1,18.127,52.874
249,2025-08-05,Available,Netherlands,Standard,Direct Sales,2025-12-26,23,2025-11-03 10:41:12,2025-11-28 16:39:58,M1,28.047,74.209
250,,Reserved,Denmark,Business,Agency,2025-05-21,17,2025-04-21 10:02:02,,M0,,
251,,Reserved,Switzerland,Standard,Agency,2025-06-20,11,2025-04-21 10:02:24,2025-06-06 11:20:49,M0,13.92,
252,2025-02-28,Available,Britain,Standard,Agency,2025-09-15,19,2025-05-23 14:31:05,2025-09-08 08:14:16,M0,7.287,12.925
253,2025-02-28,Available,Netherlands,Standard,Direct Sales,2025-08-01,23,2025-05-23 14:31:03,2025-07-08 14:45:19,M0,23.979,
254,2025-02-28,Available,France,Standard,Direct Sales,2025-06-24,23,2025-05-23 14:32:24,,M0,,
255,2025-02-28,Available,Britain,Standard,Agency,2025-12-08,16,2025-10-15 11:53:11,2025-10-30 10:12:29,M1,38.966,64.837
256,2025-08-05,Available,Switzerland,Business,Agency,2025-11-30,11,2025-11-03 10:44:11,2025-11-25 14:39:52,M1,5.209,71.126
257,2025-08-28,Available,Belgium,Standard,Agency,2026-02-17,12,2025-12-01 13:52:10,2026-01-02 09:37:29,M1,46.2,99.031
258,2025-08-28,Available,Britain,Standard,Agency,2026-03-09,4,2025-12-01 13:52:05,2025-12-08 15:14:42,M1,90.807,47.08
259,2025-08-28,Available,Britain,Standard,Agency,2026-02-03,4,2025-12-01 13:52:06,2025-12-08 15:14:37,M1,56.005,74.265
260,2025-08-28,Available,Switzerland,Standard,Agency,2025-12-23,11,2025-12-01 13:51:23,2025-12-03 14:07:06,M1,19.658,54.134
261,2025-08-28,Available,Britain,Standard,Agency,2026-02-12,3,2025-12-01 13:51:04,2026-01-06 11:48:53,M1,36.966,75.937
262,,Available,France,Standard,Direct Sales,2025-08-08,23,2025-04-21 10:02:06,2025-07-30 15:00:10,M0,9.017,
263,,Reserved,Switzerland,Standard,Agency,2025-07-23,11,2025-04-21 10:03:23,2025-06-26 09:08:47,M0,27.183,
264,,Reserved,Switzerland,Standard,Agency,2025-09-11,11,2025-04-21 10:05:09,2025-06-26 09:08:47,M0,77.092,
265,2025-02-28,Available,Belgium,Business,Agency,2025-07-11,26,2025-05-23 14:30:18,,M0,,
266,2025-02-28,Reserved,Britain,Standard,Agency,2025-10-13,19,2025-05-23 14:30:14,2025-09-01 08:01:09,M0,42.214,16.858
267,2025-02-28,Available,Germany,Standard,Direct Sales,2026-01-27,23,2025-05-23 14:29:07,2025-11-20 16:13:57,M0,68.183,8.223
268,2025-08-05,Available,Britain,Standard,Agency,2026-04-15,5,2025-11-03 10:44:02,2025-11-17 11:36:16,M1,149.03,62.998
269,2025-08-05,Reserved,Britain,Standard,Agency,2025-12-01,4,2025-11-03 10:44:20,2025-11-17 11:29:38,M1,13.927,62.994
270,2025-08-05,Reserved,Britain,Standard,Agency,2025-12-01,4,2025-11-03 10:44:16,2025-11-17 11:31:00,M1,20.79,62.995
271,2025-08-28,Available,Britain,Standard,Agency,2026-02-11,15,2025-12-01 13:51:21,2025-12-08 15:14:40,M1,63.9,47.08
272,2025-08-28,Available,Britain,Standard,Agency,2026-02-10,15,2025-12-01 13:51:17,2025-12-08 15:14:41,M1,63.865,47.08
273,2025-08-28,Available,Switzerland,Standard,Agency,2025-12-15,11,2025-12-01 13:52:11,2025-12-03 14:07:05,M1,12.125,54.134
274,2025-08-28,Available,Britain,Standard,Agency,2026-02-26,15,2025-12-01 13:52:23,2025-12-09 11:34:00,M1,79.054,47.927
275,2025-08-28,Available,Britain,Standard,Agency,2026-02-03,15,2025-12-01 13:52:17,2025-12-08 15:14:41,M1,56.792,53.939
276,,Available,France,Standard,Direct Sales,2025-10-10,23,2025-04-21 10:03:13,2025-08-18 14:17:19,M0,53.053,
277,,Available,France,Standard,Direct Sales,2026-01-09,23,2025-04-21 10:04:12,2025-11-04 16:21:15,M0,65.742,
278,,Available,Denmark,Standard,Agency,2025-11-17,17,2025-04-21 10:04:22,,M0,,
279,2025-02-28,Available,Britain,Standard,Agency,2025-11-28,19,2025-05-23 14:32:09,2025-09-08 08:14:17,M0,81.098,12.925
280,2025-02-28,Reserved,Britain,Standard,Agency,2025-09-19,19,2025-05-23 14:32:02,2025-09-08 08:14:13,M0,11.12,12.925
281,2025-02-28,Available,Belgium,Business,Agency,2025-08-27,20,2025-05-23 14:31:20,2025-08-01 09:51:19,M0,25.78,
282,2025-02-28,Available,Britain,Standard,Agency,2026-01-01,5,2025-10-15 11:57:05,2025-10-30 10:12:43,M1,70.028,64.837
283,2025-08-05,Available,Switzerland,Standard,Agency,2025-11-30,11,2025-11-03 10:44:20,2025-11-25 14:48:10,M1,5.205,71.132
284,2025-08-28,Available,Britain,Standard,Agency,2026-01-06,15,2025-12-01 13:52:09,2025-12-09 11:33:59,M1,27.143,47.927
285,2025-08-28,Available,Britain,Standard,Agency,2026-03-10,9,2025-12-01 13:52:15,2026-01-05 20:55:27,M1,63.767,75.317
286,2025-08-28,Available,Britain,Standard,Agency,2026-01-06,15,2025-12-01 13:51:15,2025-12-08 15:14:39,M1,27.988,53.939
287,,Available,Netherlands,Standard,Direct Sales,2025-09-23,23,2025-09-23 15:27:00,,M1,,
288,,Available,Netherlands,Standard,Direct Sales,2026-01-26,23,2025-04-21 10:04:24,2026-01-07 12:01:40,M0,19.147,
289,,Available,Netherlands,Standard,Direct Sales,2025-09-09,23,2025-04-21 10:05:06,2025-08-26 13:28:05,M0,14.061,
290,,Available,Belgium,Standard,Agency,2026-01-21,20,2025-04-21 10:03:11,2025-12-23 15:19:30,M0,28.056,7.149
291,,Reserved,Denmark,Business,Agency,2025-05-16,18,2025-04-21 10:04:11,,M0,,
292,,Reserved,Switzerland,Standard,Agency,2025-06-25,11,2025-04-21 10:03:06,2025-06-26 09:08:47,M0,0.247,
293,2025-02-28,Available,Denmark,Business,Agency,2025-08-06,22,2025-05-23 14:31:02,2025-07-21 10:40:22,M0,16.2,
294,2025-02-28,Reserved,Britain,Standard,Agency,2025-09-11,16,2025-05-23 14:31:10,2025-09-08 08:14:20,M0,2.19,23.867
295,2025-02-28,Reserved,Britain,Business,Agency,2025-09-18,5,2025-05-23 14:32:20,2025-09-01 08:01:11,M0,17.138,16.858
296,2025-02-28,Available,Belgium,Standard,Agency,2026-02-03,20,2025-10-15 11:53:17,2025-10-16 11:37:15,M1,109.276,54.8
297,2025-02-28,Available,Britain,Standard,Agency,2026-04-08,5,2025-10-15 11:53:23,2025-10-30 10:12:35,M1,159.047,64.837
298,2025-08-05,Available,Britain,Standard,Agency,2025-12-08,19,2025-11-03 10:44:21,2025-11-17 11:27:46,M1,20.899,62.993
299,2025-08-05,Available,Britain,Standard,Agency,2025-12-01,4,2025-11-03 10:44:06,2025-11-17 11:36:14,M1,14.082,62.998
300,2025-08-05,Available,Britain,Standard,Agency,2025-12-18,16,2025-11-03 10:44:15,2025-11-17 11:31:01,M1,30.885,62.995
301,2025-08-05,Reserved,Britain,Standard,Agency,2026-01-20,9,2025-11-03 10:43:09,2025-11-17 11:36:16,M1,63.911,62.998
302,2025-08-05,Available,Britain,Standard,Agency,2025-12-02,4,2025-11-03 10:44:05,2025-11-17 11:36:17,M1,14.246,62.998
303,2025-08-28,Available,Britain,Standard,Agency,2025-12-29,19,2025-12-01 13:52:06,2025-12-09 11:47:00,M1,20.03,
304,2025-08-28,Available,Britain,Standard,Agency,2026-02-26,4,2025-12-01 13:52:03,2025-12-08 15:14:41,M1,78.915,47.08
305,2025-08-28,Available,Britain,Standard,Agency,2026-02-18,15,2025-12-01 13:51:14,2025-12-08 15:14:38,M1,66.978,47.08
306,2025-08-28,Available,Britain,Standard,Agency,2026-01-09,3,2025-12-01 13:51:22,2026-01-06 11:48:52,M1,2.065,75.937
307,,Available,Netherlands,Standard,Direct Sales,2025-11-07,23,2025-04-21 10:04:18,2025-10-08 13:23:09,M0,30.087,
308,,Reserved,Switzerland,Standard,Agency,2025-07-08,11,2025-04-21 10:04:04,2025-06-26 09:08:47,M0,11.971,
309,2025-02-28,Reserved,Britain,Standard,Agency,2025-10-06,19,2025-05-23 14:30:21,2025-09-08 08:14:20,M0,28.082,12.925
310,2025-02-28,Available,Netherlands,Standard,Direct Sales,2025-11-12,23,2025-05-23 14:29:03,2025-11-03 16:38:31,M0,8.815,11.283
311,2025-02-28,Available,France,Standard,Direct Sales,2025-11-24,23,2025-10-15 11:55:21,2025-10-16 11:37:05,M1,39.062,50.895
312,2025-08-05,Available,Britain,Standard,Agency,2025-12-08,16,2025-11-03 10:44:23,2025-11-17 11:29:37,M1,20.875,62.994
313,2025-08-05,Available,Britain,Standard,Agency,2025-11-29,9,2025-11-03 10:44:17,2025-11-17 11:29:36,M1,12.118,62.994
314,2025-08-28,Available,Britain,Standard,Agency,2026-02-20,19,2025-12-01 13:51:12,2025-12-09 11:47:01,M1,73.009,
315,2025-08-28,Available,Britain,Standard,Agency,2026-01-02,19,2025-12-01 13:51:19,2025-12-09 11:47:02,M1,24.172,
316,2025-08-28,Available,Britain,Standard,Agency,2026-02-10,4,2025-12-01 13:51:11,2025-12-08 15:14:42,M1,63.951,47.08
317,2025-08-28,Available,Britain,Standard,Agency,2025-12-26,9,2025-12-01 13:51:23,2025-12-09 11:30:18,M1,16.929,
318,2025-08-28,Available,Britain,Standard,Agency,2025-12-26,9,2025-12-01 13:52:05,2025-12-09 11:30:18,M1,17.007,
319,2025-08-28,Available,Britain,Standard,Agency,2025-12-29,9,2025-12-01 13:52:07,2025-12-09 11:30:17,M1,20.18,
320,,Reserved,Britain,Standard,Agency,2026-04-08,16,2025-06-05 10:37:35,,M0,,
321,,Available,Denmark,Standard,Agency,2025-08-22,22,2025-04-21 10:05:12,2025-07-18 20:48:38,M0,34.709,
322,,Reserved,Britain,Business,Agency,2025-10-11,5,2025-04-21 10:03:20,2025-09-01 08:01:05,M0,58.042,16.858
323,,Reserved,Britain,Standard,Agency,2025-10-03,19,2025-04-21 10:02:19,2025-09-01 08:01:11,M0,32.206,16.858
324,2025-02-28,Reserved,Britain,Standard,Agency,2025-10-13,19,2025-05-23 14:32:04,2025-09-08 08:14:15,M0,35.119,12.925
325,2025-02-28,Available,Belgium,Business,Agency,2025-10-02,20,2025-05-23 14:32:14,2025-08-26 13:25:47,M0,36.879,
326,2025-02-28,Available,Britain,Standard,Agency,2025-11-24,19,2025-10-15 11:52:12,2025-10-30 10:12:34,M1,25.22,64.837
327,2025-02-28,Available,Britain,Standard,Agency,2025-11-17,16,2025-10-15 11:52:13,2025-10-30 10:12:35,M1,17.943,64.837
328,2025-08-05,Available,Switzerland,Standard,Agency,2025-12-15,11,2025-11-03 10:44:22,2025-11-27 11:01:03,M1,18.253,72.974
329,2025-08-05,Available,Britain,Standard,Agency,2025-12-02,19,2025-11-03 10:44:07,2025-11-17 11:36:16,M1,14.916,62.998
330,2025-08-05,Available,Britain,Standard,Agency,2025-12-31,19,2025-11-03 10:44:01,2025-11-17 11:36:15,M1,43.214,62.998
331,2025-08-28,Available,Britain,Standard,Agency,2025-12-16,16,2025-12-01 13:51:06,2025-12-09 11:40:39,M1,5.876,
332,2025-08-28,Available,Britain,Standard,Agency,2026-03-04,16,2025-12-01 13:51:06,2025-12-09 11:40:38,M1,85.061,
333,2025-08-28,Available,Britain,Standard,Agency,2026-03-09,3,2025-12-01 13:52:13,2026-01-06 11:48:50,M1,61.956,75.937
334,2025-08-28,Available,Britain,Standard,Agency,2025-12-24,9,2025-12-01 13:51:10,2025-12-09 11:30:17,M1,14.941,
335,2025-08-28,Available,Britain,Standard,Agency,2026-01-02,9,2025-12-01 13:52:19,2025-12-09 11:30:19,M1,23.948,
336,2025-08-28,Available,Britain,Standard,Agency,2026-03-04,16,2025-12-01 13:52:25,2025-12-09 11:40:39,M1,84.138,
337,2025-08-28,Available,Britain,Standard,Agency,2025-12-23,16,2025-12-01 13:52:05,2025-12-09 11:40:37,M1,12.943,
338,,Available,Belgium,Business,Agency,2026-01-13,12,2025-04-21 10:03:21,2025-07-07 10:41:44,M0,198.281,
339,,Available,Denmark,Standard,Agency,2025-09-05,18,2025-04-21 10:02:22,,M0,,
340,,Available,France,Standard,Direct Sales,2025-09-02,23,2025-04-21 10:02:17,2025-08-12 14:40:06,M0,20.92,
341,2025-02-28,Reserved,Britain,Standard,Agency,2025-11-10,19,2025-05-23 14:31:19,2025-09-08 08:14:17,M0,64.081,12.925
342,2025-02-28,Available,France,Standard,Direct Sales,2025-11-25,23,2025-10-15 11:54:16,2025-10-16 11:37:33,M1,39.918,50.896
343,2025-08-05,Available,Britain,Standard,Agency,2025-12-24,16,2025-11-03 10:44:09,2025-11-17 11:32:07,M1,35.016,62.996
344,2025-08-05,Reserved,Britain,Standard,Agency,2025-11-28,4,2025-11-03 10:44:19,2025-11-17 11:27:47,M1,10.183,62.993
345,2025-08-05,Reserved,Britain,Standard,Agency,2025-12-01,4,2025-11-03 10:44:08,2025-11-17 11:31:02,M1,13.877,62.995
346,2025-08-05,Available,Britain,Standard,Agency,2026-02-11,19,2025-11-03 10:44:14,2025-11-17 11:31:01,M1,85.925,62.995
347,2025-08-28,Available,Britain,Standard,Agency,2026-03-26,16,2025-12-01 13:52:19,2025-12-09 11:40:39,M1,106.86,
348,2025-08-28,Available,Netherlands,Standard,Direct Sales,2026-01-23,24,2025-12-01 13:52:20,2025-12-08 11:42:28,M1,46.082,39.891
349,2025-08-28,Available,Britain,Standard,Agency,2026-03-02,3,2025-12-01 13:51:05,2026-01-06 11:48:54,M1,56.004,75.937
350,2025-08-28,Available,France,Standard,Direct Sales,2026-01-09,23,,2025-12-01 13:43:28,M1,38.852,60.14
351,2025-08-28,Available,Britain,Standard,Agency,2026-02-04,4,2025-12-01 13:52:13,2025-12-08 15:14:37,M1,57.92,47.08
352,2025-08-28,Available,Britain,Standard,Agency,2026-03-06,15,2025-12-01 13:52:21,2025-12-09 11:34:00,M1,86.179,47.927
353,2025-08-28,Available,Britain,Standard,Agency,2025-12-25,19,2025-12-01 13:51:01,2025-12-09 11:47:02,M1,16.161,
354,2025-08-28,Available,Britain,Standard,Agency,2026-02-11,19,2025-12-01 13:51:10,2025-12-09 11:47:04,M1,64.158,
355,2025-08-28,Available,Britain,Business,Agency,2026-02-02,16,2025-12-01 13:51:12,2025-12-09 11:40:37,M1,55.09,
356,,Reserved,Denmark,Standard,Agency,2025-12-25,18,2025-04-21 10:02:17,,M0,,
357,,Reserved,Britain,Standard,Agency,2025-11-25,19,2025-04-21 10:02:11,2025-09-01 08:01:14,M0,85.168,16.858
358,,Reserved,Britain,Standard,Agency,2025-10-10,19,2025-04-21 10:04:08,2025-09-01 08:01:07,M0,39.316,16.858
359,2025-02-28,Reserved,Britain,Standard,Agency,2025-10-24,19,2025-05-23 14:29:02,2025-09-08 08:14:13,M0,46.119,12.925
360,2025-02-28,Available,Britain,Standard,Agency,2025-11-12,16,2025-10-15 11:56:12,2025-10-30 10:12:35,M1,12.973,64.837
361,2025-02-28,Available,Britain,Standard,Agency,2025-11-13,16,2025-10-15 11:56:09,2025-10-30 10:12:34,M1,13.235,64.837
362,2025-08-05,Available,Britain,Standard,Agency,2025-12-09,15,2025-11-03 10:44:12,2025-11-17 11:30:59,M1,21.915,62.995
363,2025-08-05,Available,Britain,Standard,Agency,2025-12-19,15,2025-11-03 10:44:02,2025-11-17 11:36:15,M1,31.125,62.998
364,2025-08-28,Available,Britain,Standard,Agency,2026-01-22,4,2025-12-01 13:52:12,2025-12-09 20:46:54,M1,50.58,39.321
365,2025-08-28,Available,Britain,Standard,Agency,2026-01-27,4,2025-12-01 13:51:14,2026-01-01 14:55:37,M1,25.987,71.067
366,2025-08-28,Available,Britain,Standard,Agency,2026-02-12,15,2025-12-01 13:52:20,2025-12-08 15:14:36,M1,65.743,47.08
367,2025-08-28,Available,France,Standard,Direct Sales,2026-01-09,23,,2025-12-01 13:43:29,M1,38.852,
368,2025-08-28,Available,Denmark,Standard,Agency,2025-12-30,18,,2025-12-01 13:43:27,M1,29.135,
369,2025-08-28,Available,Britain,Standard,Agency,2026-01-22,4,2025-12-01 13:51:18,2025-12-09 20:46:51,M1,50.61,39.321
370,2025-08-28,Available,Britain,Standard,Agency,2026-01-22,4,2025-12-01 13:51:04,2025-12-09 20:46:53,M1,50.604,39.321
371,,Reserved,Britain,Standard,Agency,2025-10-30,19,2025-04-21 10:02:05,2025-09-08 08:14:13,M0,52.146,12.925
372,,Reserved,Britain,Standard,Agency,2025-10-03,19,2025-04-21 10:04:21,2025-09-01 08:01:07,M0,32.034,16.858
373,,Available,Denmark,Business,Agency,2025-07-18,22,2025-04-21 10:03:19,2025-07-10 13:12:04,M0,14.795,
374,2025-02-28,Reserved,Britain,Standard,Agency,2025-10-14,4,2025-05-23 14:32:23,2025-09-08 08:14:15,M0,37.321,12.925
375,2025-02-28,Available,Britain,Standard,Agency,2026-01-21,5,2025-10-15 11:52:17,2025-10-30 10:12:37,M1,81.244,64.837
376,2025-02-28,Reserved,Britain,Standard,Agency,2025-11-27,19,2025-10-15 11:56:04,2025-10-30 10:12:31,M1,28.199,64.837
377,2025-08-05,Available,Britain,Standard,Agency,2025-12-23,19,2025-11-03 10:44:03,2025-11-26 18:23:27,M1,26.876,72.281
378,2025-08-05,Available,Britain,Standard,Agency,2025-12-19,9,2025-11-03 10:44:10,2025-11-17 11:31:02,M1,32.055,62.995
379,2025-08-28,Available,Britain,Service,Agency,2025-12-10,4,2025-12-01 13:51:15,2025-12-09 20:46:54,M1,0.628,39.321
380,2025-08-28,Available,Britain,Standard,Agency,2026-01-13,15,2025-12-01 13:51:21,2025-12-09 11:34:01,M1,58.997,47.927
381,2025-08-28,Available,Britain,Business,Agency,2026-02-25,9,2025-12-01 13:52:03,2026-01-05 20:55:27,M1,50.545,75.317
382,2025-08-28,Available,Britain,Standard,Agency,2026-02-24,15,2025-12-01 13:51:07,2025-12-08 15:14:38,M1,76.969,47.08
383,2025-08-28,Available,Britain,Standard,Agency,2026-01-22,4,2025-12-01 13:51:20,2025-12-09 20:46:55,M1,50.592,39.321
384,2025-08-28,Available,Britain,Standard,Agency,2026-01-22,4,2025-12-01 13:51:25,2025-12-09 20:46:52,M1,50.601,39.321
385,2025-08-28,Available,Britain,Standard,Agency,2026-01-22,4,2025-12-01 13:52:08,2025-12-09 20:46:54,M1,50.599,39.321
386,2025-08-28,Available,Britain,Standard,Agency,2026-01-22,4,2025-12-01 13:52:16,2025-12-09 20:46:55,M1,50.61,39.321
387,,Reserved,Switzerland,Business,Agency,2025-06-25,11,2025-04-21 10:03:01,2025-06-26 09:08:47,M0,0.238,
388,,Available,Britain,Standard,Agency,2025-11-20,19,2025-04-21 10:03:10,2025-09-08 08:14:18,M0,73.223,12.925
389,,Available,Netherlands,Standard,Direct Sales,2025-07-04,23,2025-04-21 10:05:06,,M0,,
390,,Available,Netherlands,Standard,Direct Sales,2025-12-02,23,2025-04-21 10:02:14,2025-11-07 13:23:24,M0,25.194,
391,,Available,Netherlands,Standard,Direct Sales,2026-02-23,23,2025-04-21 10:04:21,,M0,,
392,,Reserved,Britain,Standard,Agency,2025-10-23,19,2025-04-21 10:05:04,2025-09-01 08:01:06,M0,52.132,
393,2025-02-28,Available,Britain,Standard,Agency,2026-02-12,19,2025-05-23 14:29:24,2025-09-08 08:14:11,M0,157.118,12.925
394,2025-02-28,Available,Britain,Standard,Agency,2025-11-26,19,2025-05-23 14:30:08,2025-09-08 08:13:02,M0,79.218,12.924
395,2025-02-28,Available,Netherlands,Standard,Direct Sales,2025-06-23,23,2025-05-23 14:29:13,,M0,,
396,2025-02-28,Reserved,Britain,Standard,Agency,2025-11-14,9,2025-10-15 11:55:03,2025-10-30 10:12:32,M1,15.113,64.837
397,2025-08-05,Available,Britain,Standard,Agency,2025-12-26,19,2025-11-03 10:44:14,2025-11-17 11:31:01,M1,38.884,62.995
398,2025-08-05,Available,Britain,Standard,Agency,2025-12-17,19,2025-11-03 10:44:04,2025-11-17 11:36:17,M1,32.111,62.998
399,2025-08-28,Reserved,Britain,Standard,Agency,2026-03-09,3,2025-12-01 13:51:09,2025-12-09 13:49:00,M1,89.865,39.031
400,2025-08-28,Available,Britain,Standard,Agency,2026-01-02,19,2025-12-01 13:51:19,2025-12-09 11:47:03,M1,23.866,
401,2025-08-28,Available,Britain,Standard,Agency,2026-01-22,4,2025-12-01 13:51:01,2025-12-09 20:46:53,M1,50.596,39.321
402,2025-08-28,Available,Britain,Standard,Agency,2026-04-17,16,2025-12-01 13:52:15,2025-12-09 11:40:39,M1,127.861,
403,2025-08-28,Available,Britain,Standard,Agency,2025-12-09,4,2025-12-01 13:52:01,2025-12-08 15:14:39,M1,1.041,38.091
404,2025-08-28,Available,Switzerland,Standard,Agency,2025-12-15,11,2025-12-01 13:52:08,2025-12-03 14:07:03,M1,12.13,35.11
405,,Available,Netherlands,Standard,Direct Sales,2025-06-06,23,2025-04-21 10:03:05,,M0,,
406,2025-02-28,Available,Britain,Standard,Agency,2025-09-15,16,2025-05-23 14:30:09,2025-09-08 08:14:19,M0,7.098,12.925
407,2025-02-28,Available,Britain,Standard,Agency,2026-03-04,5,2025-10-15 11:52:10,2025-10-30 10:12:33,M1,125.182,64.837
408,2025-08-05,Available,Britain,Standard,Agency,2026-01-01,16,2025-11-03 10:44:21,2025-11-17 11:27:45,M1,45.151,62.993
409,2025-08-05,Available,Britain,Standard,Agency,2025-12-18,19,2025-11-03 10:44:18,2025-11-17 11:27:48,M1,30.89,62.993
410,2025-08-05,Reserved,Britain,Standard,Agency,2025-11-27,9,2025-11-03 10:44:07,2025-11-17 11:36:16,M1,10.062,62.998
411,2025-08-05,Available,Britain,Standard,Agency,2025-12-02,19,2025-11-03 10:43:11,2025-11-17 11:36:17,M1,14.919,62.998
412,2025-08-05,Available,Britain,Standard,Agency,2025-12-08,19,2025-11-03 10:44:13,2025-11-17 11:30:59,M1,21.118,62.995
413,2025-08-28,Reserved,Britain,Business,Agency,2026-03-10,6,2025-12-01 13:52:18,2025-12-09 13:48:58,M1,90.981,39.031
414,2025-08-28,Available,France,Standard,Direct Sales,2026-01-29,23,2025-12-01 13:52:18,2025-12-19 14:36:25,M1,40.998,66.271
415,2025-08-28,Available,Britain,Business,Agency,2026-03-24,16,2025-12-01 13:51:09,2025-12-09 11:40:37,M1,104.834,
416,2025-08-28,Available,Britain,Standard,Agency,2026-01-28,4,2025-12-01 13:51:18,2025-12-08 15:14:42,M1,51.038,38.091
417,2025-08-28,Available,Britain,Standard,Agency,2026-02-16,4,2025-12-01 13:52:07,2025-12-08 15:14:38,M1,69.832,38.091
418,2025-02-28,Available,Denmark,Standard,Agency,2026-03-10,17,2025-06-17 11:32:12,2025-09-24 08:36:48,M0,167.315,62.872
419,2025-03-28,Available,Netherlands,Standard,Direct Sales,2025-11-05,23,2025-06-17 11:25:07,2025-10-01 09:08:28,M0,35.196,69.894
420,2025-05-02,Available,Netherlands,Standard,Direct Sales,2025-09-18,23,2025-08-01 10:52:13,2025-09-09 14:20:29,M0,9.112,
421,2025-05-02,Available,Netherlands,Standard,Direct Sales,2025-09-05,23,2025-08-01 10:52:08,2025-08-21 12:33:22,M0,15.194,
422,2025-05-02,Available,Netherlands,Standard,Direct Sales,2025-08-26,23,2025-08-01 10:52:14,2025-08-19 15:20:58,M0,6.954,
423,2025-05-02,Available,Norway,Standard,Direct Sales,2025-08-29,23,2025-08-01 10:52:17,2025-08-21 12:33:18,M0,7.899,
424,2025-05-02,Available,Netherlands,Standard,Direct Sales,2025-09-08,23,2025-08-01 10:52:03,2025-08-19 14:38:24,M0,19.883,
425,2025-06-26,Available,Netherlands,Standard,Direct Sales,2025-10-01,23,,2025-09-19 09:31:49,M1,12.155,
426,2025-06-26,Available,Denmark,Business,Agency,2026-02-03,18,2025-09-23 09:59:03,2025-10-03 11:24:00,M1,123.233,28.078
427,2025-06-26,Available,Netherlands,Standard,Direct Sales,2025-10-17,23,,2025-09-19 09:32:00,M1,28.231,
428,2025-06-26,Available,Netherlands,Standard,Direct Sales,2025-10-29,23,,2025-09-19 09:31:51,M1,40.31,
429,2025-06-26,Available,Netherlands,Standard,Direct Sales,2025-10-16,23,,2025-09-19 09:31:42,M1,27.184,
430,2025-08-01,Available,France,Standard,Direct Sales,2025-11-07,23,2025-10-15 11:47:03,2025-10-24 13:35:24,M1,13.934,49.169
431,2025-08-01,Available,Belgium,Standard,Agency,2026-03-05,26,2025-10-15 11:47:11,2025-10-16 11:37:19,M1,139.974,52.026
432,2025-08-01,Available,Netherlands,Standard,Direct Sales,2025-11-24,23,,2025-10-24 15:34:15,M1,31.001,
433,2025-08-01,Available,Netherlands,Standard,Direct Sales,2026-03-10,23,2025-11-03 13:08:04,2026-01-26 14:01:52,M1,43.134,143.187
434,2025-08-01,Available,France,Standard,Direct Sales,2025-12-01,23,2025-10-15 11:47:00,2025-10-29 10:48:20,M1,33.167,54.053
435,2025-08-01,Available,Netherlands,Standard,Direct Sales,2025-12-02,23,2025-11-03 10:38:10,2025-11-07 13:23:25,M1,25.012,63.944
436,2025-08-01,Available,Netherlands,Standard,Direct Sales,2025-12-10,23,2025-11-03 10:38:17,2025-11-07 13:23:22,M1,33.006,63.944
437,2025-08-01,Available,Netherlands,Standard,Direct Sales,2025-11-24,23,2025-11-03 10:37:24,2025-11-11 14:30:19,M1,12.891,67.99
438,2025-08-01,Available,Netherlands,Standard,Direct Sales,2025-12-16,23,2025-11-03 10:37:19,2025-11-28 16:39:55,M1,17.713,85.08
439,2025-08-01,Available,Netherlands,Standard,Direct Sales,2025-11-21,23,2025-11-03 10:37:12,2025-11-07 08:38:41,M1,14.39,63.746
440,2025-08-01,Available,Netherlands,Standard,Direct Sales,2025-11-25,23,2025-11-03 10:37:20,2025-11-11 14:30:15,M1,13.949,67.99
441,2025-08-01,Available,Netherlands,Standard,Direct Sales,2025-11-24,23,2025-11-03 10:37:24,2025-11-07 08:38:40,M1,17.032,63.746
442,2025-08-01,Available,Netherlands,Standard,Direct Sales,2025-11-26,23,2025-11-03 10:38:05,2025-11-11 10:39:07,M1,15.311,67.83
443,2025-08-01,Available,Netherlands,Standard,Direct Sales,2025-11-24,23,2025-11-03 10:37:18,2025-11-07 08:38:34,M1,17.033,63.746
444,2025-08-01,Available,Netherlands,Standard,Direct Sales,2025-11-27,23,2025-11-03 10:37:20,2025-11-11 10:39:10,M1,16.27,67.83
445,2025-08-01,Available,Netherlands,Standard,Direct Sales,2025-11-25,23,2025-11-03 10:37:04,2025-11-11 10:39:09,M1,14.263,67.83
446,2025-08-01,Available,Netherlands,Standard,Direct Sales,2025-11-19,23,2025-11-03 10:37:12,2025-11-07 08:38:41,M1,12.286,63.746
447,2025-11-05,Available,Netherlands,Standard,Direct Sales,2026-03-04,23,2026-02-18 14:52:18,2026-02-25 11:46:57,M2,7.238,70.102
448,,Available,France,Standard,Direct Sales,2025-06-02,23,2025-04-08 14:57:22,,M0,,
449,2025-03-28,Available,France,Standard,Direct Sales,2025-12-09,23,2025-06-17 11:29:11,2025-10-17 16:27:16,M0,52.919,86.198
450,2025-03-28,Available,Netherlands,Standard,Direct Sales,2025-10-20,23,2025-06-17 11:26:02,2025-10-07 11:56:48,M0,12.996,76.011
451,2025-05-02,Available,Netherlands,Standard,Direct Sales,2025-09-26,23,2025-08-01 10:52:06,2025-08-21 12:33:22,M0,36.057,
452,2025-05-02,Available,Netherlands,Standard,Direct Sales,2025-08-15,23,,2025-07-29 09:37:55,M0,17.11,
453,2025-05-02,Available,Netherlands,Standard,Direct Sales,2025-08-05,23,,2025-07-29 09:37:59,M0,7.177,
454,2025-06-26,Available,Netherlands,Standard,Direct Sales,2025-10-14,23,,2025-09-19 09:32:03,M1,25.247,
455,2025-06-26,Available,Netherlands,Standard,Direct Sales,2025-10-02,23,,2025-09-19 09:31:47,M1,13.289,
456,2025-06-26,Available,Netherlands,Standard,Direct Sales,2025-10-01,23,,2025-09-19 09:31:51,M1,12.154,
457,2025-06-26,Available,Netherlands,Standard,Direct Sales,2025-10-10,23,,2025-09-19 09:32:00,M1,21.079,
458,2025-08-01,Available,Netherlands,Standard,Direct Sales,2025-10-29,23,2025-10-15 11:47:18,2025-10-16 11:37:01,M1,13.224,
459,2025-08-01,Available,Netherlands,Standard,Direct Sales,2025-11-05,23,2025-10-15 11:47:24,2025-10-16 11:37:06,M1,20.248,
460,2025-08-01,Available,Netherlands,Standard,Direct Sales,2025-11-24,23,2025-10-15 11:47:05,2025-10-24 15:34:17,M1,30.93,
461,2025-08-01,Available,Netherlands,Standard,Direct Sales,2025-11-19,23,2025-10-15 11:47:10,2025-10-24 13:35:25,M1,26.077,
462,2025-08-01,Available,France,Standard,Direct Sales,2025-11-07,23,2025-10-15 11:47:25,2025-10-24 13:35:26,M1,13.945,49.169
463,2025-08-01,Available,Netherlands,Standard,Direct Sales,2025-12-01,23,2025-11-03 10:38:16,2025-11-11 10:39:06,M1,20.201,67.83
464,2025-08-01,Available,Netherlands,Standard,Direct Sales,2025-11-24,23,2025-11-03 10:38:24,2025-11-11 14:30:18,M1,12.976,67.99
465,2025-08-01,Available,Denmark,Standard,Agency,2025-12-17,18,2025-11-03 10:38:06,2025-11-07 08:38:34,M1,42.12,63.746
466,2025-08-01,Available,Netherlands,Standard,Direct Sales,2025-11-26,23,2025-11-03 10:37:08,2025-11-11 10:39:11,M1,15.302,67.83
467,2025-08-01,Available,Netherlands,Standard,Direct Sales,2026-02-06,23,2025-11-03 10:37:05,2025-11-07 13:23:23,M1,90.866,63.944
468,2025-08-01,Available,Netherlands,Standard,Direct Sales,2025-11-21,23,2025-11-03 10:38:11,2025-11-07 08:38:38,M1,14.382,63.746
469,2025-08-01,Available,Netherlands,Standard,Direct Sales,2025-11-25,23,2025-11-03 10:37:11,2025-11-11 14:30:19,M1,13.956,61.965
470,2025-08-01,Available,Netherlands,Standard,Direct Sales,2025-11-21,23,2025-11-03 10:37:22,2025-11-07 08:38:38,M1,14.224,63.746
471,2025-11-05,Available,Netherlands,Standard,Direct Sales,2026-03-10,23,2026-03-02 09:21:45,2026-03-04 11:58:12,M2,6.219,93.184
472,2025-11-05,Available,France,Standard,Direct Sales,2026-04-17,23,2026-02-18 14:52:02,2026-02-20 12:47:32,M2,56.046,81.219
473,2025-11-05,Available,Netherlands,Standard,Direct Sales,2026-04-15,23,2026-03-02 09:20:28,2026-03-04 11:58:46,M2,41.947,77.11
474,2025-02-28,Available,France,Standard,Direct Sales,2025-11-28,23,2025-06-17 11:26:10,2025-10-17 16:27:11,M0,41.958,86.198
475,2025-03-28,Available,Netherlands,Standard,Direct Sales,2025-07-04,23,2025-06-17 11:29:13,,M0,,
476,2025-03-28,Available,Netherlands,Standard,Direct Sales,2025-08-21,23,2025-06-17 11:30:06,2025-07-03 12:16:20,M0,49.205,
477,2025-05-02,Available,Netherlands,Standard,Direct Sales,2025-09-09,23,2025-08-01 10:52:07,2025-08-20 10:53:58,M0,20.001,
478,2025-05-02,Available,Netherlands,Standard,Direct Sales,2025-08-07,23,2025-08-01 10:52:18,2025-08-04 09:38:25,M0,3.208,
479,2025-05-02,Available,Netherlands,Standard,Direct Sales,2025-09-25,23,2025-08-01 10:52:01,2025-08-18 08:18:07,M0,38.14,
480,2025-05-02,Available,Netherlands,Standard,Direct Sales,2025-09-22,23,2025-08-04 07:38:01,2025-08-18 13:33:25,M1,35.041,
481,2025-05-02,Reserved,Denmark,Standard,Agency,2025-09-25,22,,2025-07-31 13:02:20,M0,55.85,
482,2025-06-26,Available,Netherlands,Standard,Direct Sales,2025-10-10,23,,2025-09-19 09:31:52,M1,21.289,
483,2025-06-26,Available,France,Standard,Direct Sales,2025-11-28,23,2025-09-23 09:59:23,2025-10-17 16:27:15,M1,41.926,42.288
484,2025-08-01,Available,Netherlands,Standard,Direct Sales,2025-11-04,23,2025-10-15 11:47:04,2025-10-16 11:36:51,M1,19.23,
485,2025-08-01,Available,Netherlands,Standard,Direct Sales,2025-11-13,23,2025-10-15 11:47:20,2025-10-16 11:37:29,M1,28.204,
486,2025-08-01,Available,Netherlands,Standard,Direct Sales,2025-11-07,23,,2025-10-17 16:27:15,M1,21.007,
487,2025-08-01,Available,Netherlands,Standard,Direct Sales,2025-11-07,23,,2025-10-17 16:27:15,M1,20.828,
488,2025-08-01,Available,Netherlands,Standard,Direct Sales,2025-11-17,23,2025-10-15 11:47:13,2025-10-24 13:35:26,M1,24.157,
489,2025-08-01,Available,Netherlands,Standard,Direct Sales,2025-11-26,23,2025-11-03 10:38:12,2025-11-11 10:39:14,M1,15.306,67.83
490,2025-08-01,Available,Netherlands,Standard,Direct Sales,2025-12-08,23,2025-11-03 10:38:18,2025-11-07 13:23:23,M1,31.179,63.944
491,2025-08-01,Available,Netherlands,Standard,Direct Sales,2025-11-24,23,2025-11-03 10:37:22,2025-11-07 08:38:39,M1,17.034,63.746
492,2025-08-01,Available,Netherlands,Standard,Direct Sales,2025-11-24,23,2025-11-03 10:37:15,2025-11-11 14:30:13,M1,12.976,67.99
493,2025-08-01,Available,Netherlands,Standard,Direct Sales,2025-12-02,23,2025-11-03 10:37:11,2025-11-07 13:23:26,M1,25.256,63.944
494,2025-08-01,Available,Netherlands,Standard,Direct Sales,2025-12-01,23,2025-11-03 10:37:16,2025-11-11 10:39:07,M1,20.248,67.83
495,2025-08-01,Available,Netherlands,Standard,Direct Sales,2025-11-28,23,2025-11-03 10:38:24,2025-11-11 10:39:14,M1,17.273,67.83
496,2025-08-01,Available,Netherlands,Standard,Direct Sales,2025-11-25,23,2025-11-03 10:37:10,2025-11-11 14:30:18,M1,14.052,67.99
497,2025-08-01,Available,Netherlands,Standard,Direct Sales,2025-11-24,23,2025-11-03 10:38:21,2025-11-07 08:38:37,M1,17.035,63.746
498,2025-08-01,Available,Netherlands,Standard,Direct Sales,2025-11-24,23,2025-11-03 10:38:12,2025-11-11 14:30:19,M1,13.115,67.207
499,2025-11-05,Available,Netherlands,Standard,Direct Sales,2026-03-03,23,2026-02-18 14:52:13,2026-02-20 12:47:33,M2,11.198,65.144
500,,Available,Netherlands,Standard,Direct Sales,2025-04-25,23,2025-04-08 14:56:12,,M0,,
501,2025-02-28,Available,Denmark,Standard,Agency,2025-09-05,22,2025-06-17 11:27:09,2025-07-14 15:51:41,M0,52.882,
502,2025-03-28,Available,Netherlands,Standard,Direct Sales,2025-07-03,23,2025-06-17 11:32:15,,M0,,
503,2025-03-28,Available,Netherlands,Standard,Direct Sales,2025-07-07,23,2025-06-17 11:24:13,,M0,,
504,2025-05-02,Available,Netherlands,Standard,Direct Sales,2025-10-08,23,2025-08-01 10:52:06,2025-08-18 08:18:09,M0,51.356,
505,2025-05-02,Available,Netherlands,Standard,Direct Sales,2025-09-16,23,2025-08-01 10:52:16,2025-08-12 13:51:11,M0,35.044,
506,2025-05-02,Available,Netherlands,Standard,Direct Sales,2025-09-16,23,,2025-07-29 09:37:54,M0,49.189,
507,2025-05-02,Available,Netherlands,Standard,Direct Sales,2025-08-22,23,,2025-07-29 09:37:53,M0,24.274,
508,2025-05-02,Available,Netherlands,Standard,Direct Sales,2025-08-22,23,,2025-07-29 09:37:58,M0,24.272,
509,2025-05-02,Available,Netherlands,Standard,Direct Sales,2025-08-15,23,2025-08-01 10:52:23,2025-08-12 09:47:53,M0,3.29,
510,2025-06-26,Available,Netherlands,Standard,Direct Sales,2025-10-10,23,,2025-09-19 09:32:00,M1,21.074,
511,2025-06-26,Available,Netherlands,Standard,Direct Sales,2025-10-10,23,2025-09-23 09:58:13,2025-09-24 08:40:45,M1,16.307,
512,2025-08-01,Available,Netherlands,Standard,Direct Sales,2025-11-10,23,2025-10-15 11:47:23,2025-10-29 16:23:01,M1,11.842,
513,2025-08-01,Available,Netherlands,Standard,Direct Sales,2025-10-31,23,2025-10-15 11:47:15,2025-10-16 11:37:22,M1,15.141,
514,2025-08-01,Available,Netherlands,Business,Direct Sales,2026-03-10,24,2025-10-15 11:47:08,2025-10-31 13:11:35,M1,130.039,56.152
515,2025-08-01,Available,France,Standard,Direct Sales,2025-11-07,23,2025-10-15 11:47:15,2025-10-24 13:35:21,M1,13.962,49.169
516,2025-08-01,Available,Netherlands,Standard,Direct Sales,2025-11-28,23,2025-11-03 10:38:22,2025-11-11 10:39:11,M1,17.257,67.83
517,2025-08-01,Available,Netherlands,Standard,Direct Sales,2025-11-27,23,2025-11-03 10:38:08,2025-11-11 10:39:10,M1,16.273,67.83
518,2025-08-01,Available,Netherlands,Standard,Direct Sales,2025-11-24,23,2025-11-03 10:37:02,2025-11-11 14:30:14,M1,12.984,67.99
519,2025-08-01,Available,Netherlands,Standard,Direct Sales,2025-11-27,23,2025-11-03 10:38:15,2025-11-11 10:39:06,M1,16.271,67.83
520,2025-08-01,Available,Netherlands,Standard,Direct Sales,2025-11-25,23,2025-11-03 10:37:09,2025-11-11 14:30:16,M1,13.957,67.99
521,2025-08-01,Available,Belgium,Standard,Agency,2026-01-20,26,2025-11-03 10:37:02,2025-11-17 11:35:12,M1,63.959,73.868
522,2025-08-01,Available,Netherlands,Standard,Direct Sales,2025-11-24,23,2025-11-03 10:38:19,2025-11-11 14:30:16,M1,13.117,67.99
523,2025-08-01,Available,Netherlands,Standard,Direct Sales,2025-11-25,23,2025-11-03 10:38:10,2025-11-11 14:30:17,M1,14.053,67.99
524,2025-08-01,Available,Belgium,Standard,Agency,2026-01-02,26,2025-11-03 10:38:05,2025-11-17 11:35:13,M1,46.007,73.085
525,2025-08-01,Available,Netherlands,Standard,Direct Sales,2025-11-20,23,2025-11-03 10:37:23,2025-11-11 14:30:18,M1,9.091,67.99
526,2025-08-01,Available,Netherlands,Standard,Direct Sales,2025-12-10,23,2025-11-03 10:38:14,2025-11-11 14:30:12,M1,28.964,67.99
527,2025-11-05,Available,France,Standard,Direct Sales,2026-03-23,23,2026-02-18 14:52:19,2026-02-20 12:47:34,M2,31.125,81.219
528,2025-11-05,Available,Netherlands,Standard,Direct Sales,2026-04-17,23,2026-02-18 14:52:19,2026-03-20 12:37:44,M2,27.841,109.212
529,2025-11-05,Available,Netherlands,Standard,Direct Sales,2026-04-03,23,2026-03-02 09:21:50,2026-03-20 12:37:45,M2,14.053,109.212
530,2025-11-05,Available,Netherlands,Standard,Direct Sales,2026-03-04,23,2026-02-18 14:52:04,2026-02-20 12:47:33,M2,12.086,65.144
531,2025-11-05,Available,Netherlands,Standard,Direct Sales,2026-04-13,23,2026-03-02 09:20:27,2026-03-18 11:24:08,M2,25.992,91.086
532,,Available,Netherlands,Standard,Direct Sales,2025-07-15,23,2025-04-08 14:52:17,,M0,,
533,2025-03-28,Available,Netherlands,Standard,Direct Sales,2025-07-24,23,2025-06-17 11:29:21,2025-07-04 14:26:11,M0,20.08,
534,2025-03-28,Available,Netherlands,Standard,Direct Sales,2025-07-15,23,2025-06-17 11:32:13,2025-07-03 09:03:24,M0,,
535,2025-05-02,Available,Netherlands,Standard,Direct Sales,2025-09-10,23,2025-08-01 10:52:21,2025-08-12 13:51:12,M0,28.972,
536,2025-05-02,Available,Netherlands,Standard,Direct Sales,2025-09-10,23,2025-08-01 10:52:05,2025-08-12 13:51:09,M0,28.971,
537,2025-05-02,Available,Netherlands,Standard,Direct Sales,2025-09-16,23,2025-08-01 10:52:08,2025-08-12 13:51:10,M0,35.043,
538,2025-05-02,Available,Netherlands,Standard,Direct Sales,2025-08-21,23,2025-08-01 10:52:22,2025-08-11 17:07:45,M0,9.844,
539,2025-05-02,Available,Netherlands,Standard,Direct Sales,2025-09-03,23,2025-08-04 07:38:16,2025-08-22 15:16:53,M1,12.038,
540,2025-05-02,Available,Netherlands,Standard,Direct Sales,2025-09-05,23,2025-08-04 07:38:05,2025-08-04 14:29:32,M1,32.114,
541,2025-05-02,Available,Netherlands,Standard,Direct Sales,2025-09-01,23,2025-08-04 07:38:04,2025-08-15 09:24:05,M1,17.037,
542,2025-06-26,Available,Netherlands,Standard,Direct Sales,2025-10-20,23,2025-09-23 09:58:10,2025-10-07 11:56:52,M1,12.971,
543,2025-06-26,Available,Netherlands,Standard,Direct Sales,2025-10-07,23,2025-09-23 09:57:16,2025-09-24 08:40:45,M1,13.163,
544,2025-08-01,Available,Netherlands,Standard,Direct Sales,2025-11-24,23,2025-10-15 11:47:09,2025-10-24 15:34:13,M1,31.071,49.251
545,2025-08-01,Available,Netherlands,Standard,Direct Sales,2025-10-31,23,2025-10-15 11:47:21,2025-10-16 11:37:04,M1,15.027,41.087
546,2025-08-01,Available,Netherlands,Standard,Direct Sales,2025-11-06,23,,2025-10-16 11:37:00,M1,21.069,41.087
547,2025-08-01,Available,Netherlands,Standard,Direct Sales,2025-11-11,23,2025-10-15 11:47:10,2025-10-29 16:23:01,M1,12.962,
548,2025-08-01,Available,Netherlands,Standard,Direct Sales,2025-12-18,23,2025-10-15 11:47:16,2025-11-27 15:07:59,M1,21.032,
549,2025-08-01,Available,Netherlands,Standard,Direct Sales,2025-12-01,23,2025-11-03 10:38:04,2025-11-11 10:39:05,M1,20.204,67.83
550,2025-08-01,Available,Netherlands,Standard,Direct Sales,2025-12-09,23,2025-11-03 10:38:23,2025-11-07 13:23:24,M1,32.086,63.944
551,2025-08-01,Available,Netherlands,Standard,Direct Sales,2025-11-25,23,2025-11-03 10:37:16,2025-11-11 14:30:13,M1,14.104,67.99
552,2025-08-01,Available,Netherlands,Standard,Direct Sales,2026-02-05,23,2025-11-03 10:37:01,2025-11-07 13:23:21,M1,90.093,63.944
553,2025-08-01,Available,Netherlands,Standard,Direct Sales,2025-11-24,23,2025-11-03 10:37:15,2025-11-07 08:38:33,M1,17.032,63.746
554,2025-08-01,Available,Netherlands,Standard,Direct Sales,2025-11-24,23,2025-11-03 10:38:09,2025-11-11 14:30:16,M1,12.976,67.99
555,2025-08-01,Available,Netherlands,Standard,Direct Sales,2025-11-27,23,2025-11-03 10:38:23,2025-11-11 10:39:12,M1,16.27,67.83
556,2025-08-01,Available,Netherlands,Standard,Direct Sales,2025-11-24,23,2025-11-03 10:37:08,2025-11-11 14:30:16,M1,13.046,67.99
557,2025-08-01,Reserved,Denmark,Standard,Agency,2026-04-01,18,2025-11-03 10:37:10,2025-11-07 08:38:38,M1,145.132,62.963
558,2025-08-01,Available,Netherlands,Standard,Direct Sales,2025-11-25,23,2025-11-03 10:38:03,2025-11-11 14:30:12,M1,13.952,67.207
559,2025-11-05,Available,Netherlands,Standard,Direct Sales,2026-04-09,23,2026-03-02 09:21:09,2026-03-27 08:27:26,M2,13.173,119.923
560,2025-02-28,Available,Denmark,Standard,Agency,2025-08-12,22,2025-06-17 11:30:21,2025-07-14 15:51:43,M0,28.966,
561,2025-03-28,Available,France,Standard,Direct Sales,2026-02-02,27,2025-06-17 11:31:23,2025-10-31 13:11:32,M0,93.951,100.063
562,2025-03-28,Reserved,Denmark,Standard,Agency,2025-08-11,18,2025-06-17 11:32:06,2025-07-01 10:53:33,M0,41.039,
563,2025-03-28,Available,Netherlands,Standard,Direct Sales,2025-12-08,23,2025-06-17 11:25:04,2025-07-08 12:27:32,M0,153.143,
564,2025-05-02,Available,Belgium,Business,Agency,2025-08-27,20,,2025-08-01 09:51:17,M0,25.781,8.923
565,2025-05-02,Available,Netherlands,Standard,Direct Sales,2025-09-08,23,2025-08-01 10:52:14,2025-08-18 08:18:09,M0,21.35,
566,2025-05-02,Available,Netherlands,Standard,Direct Sales,2025-09-02,23,2025-08-01 10:52:03,2025-08-07 08:23:31,M0,26.371,
567,2025-05-02,Available,Netherlands,Standard,Direct Sales,2025-09-29,23,2025-08-01 10:52:16,2025-08-18 08:18:06,M0,42.224,
568,2025-08-01,Available,Netherlands,Standard,Direct Sales,2025-11-03,23,2025-10-15 11:47:14,2025-10-17 16:27:13,M1,16.955,
569,2025-08-01,Available,Netherlands,Standard,Direct Sales,2025-11-06,23,2025-10-15 11:47:07,2025-10-29 10:48:24,M1,7.99,
570,2025-08-01,Available,Netherlands,Standard,Direct Sales,2025-10-31,23,2025-10-15 11:47:02,2025-10-16 11:37:09,M1,15.151,41.087
571,2025-08-01,Available,France,Standard,Direct Sales,2026-01-16,23,2025-11-03 10:38:20,2025-11-11 15:22:22,M1,66.034,68.026
572,2025-08-01,Available,Belgium,Standard,Agency,2026-02-20,20,2025-11-03 10:38:15,2025-11-27 15:07:59,M1,82.804,84.016
573,2025-08-01,Available,France,Standard,Direct Sales,2026-02-06,23,2025-11-03 10:37:19,2025-11-07 13:23:23,M1,91.036,63.943
574,2025-08-01,Available,France,Standard,Direct Sales,2025-12-25,23,2025-11-03 10:37:07,2025-11-11 15:22:22,M1,43.989,68.026
575,2025-08-01,Available,Netherlands,Standard,Direct Sales,2025-12-17,23,2025-11-03 10:37:07,2025-11-11 10:39:10,M1,35.987,67.829
576,2025-08-01,Available,Netherlands,Standard,Direct Sales,2025-11-24,23,2025-11-03 10:37:03,2025-11-11 14:30:14,M1,13.118,67.99
577,2025-08-01,Available,Netherlands,Standard,Direct Sales,2025-11-28,23,2025-11-03 10:37:03,2025-11-11 10:39:08,M1,17.263,67.047
578,2025-11-05,Available,Netherlands,Standard,Direct Sales,2026-03-10,24,2026-03-02 09:20:01,2026-03-04 11:58:44,M2,6.206,93.185
579,2025-03-28,Available,Netherlands,Standard,Direct Sales,2025-07-04,23,2025-06-17 11:23:05,,M0,,
580,2025-03-28,Available,France,Standard,Direct Sales,2026-01-30,27,2025-06-17 11:27:20,2025-10-31 13:11:37,M0,90.944,100.063
581,2025-03-28,Available,Netherlands,Standard,Direct Sales,2026-02-06,23,2025-06-17 11:27:07,2026-01-26 14:01:51,M0,10.815,187.097
582,2025-03-28,Available,Netherlands,Standard,Direct Sales,2025-09-05,23,2025-06-17 11:26:15,2025-07-03 09:03:26,M0,64.332,
583,2025-03-28,Available,Belgium,Business,Agency,2025-12-08,20,2025-07-07 11:38:19,2025-11-18 11:31:39,M0,19.999,117.993
584,2025-05-02,Available,Netherlands,Standard,Direct Sales,2025-08-14,23,2025-08-01 10:52:23,2025-08-07 16:07:40,M0,7.011,
585,2025-05-02,Available,Netherlands,Standard,Direct Sales,2025-09-29,23,2025-08-01 10:52:19,2025-08-18 08:18:08,M0,42.288,
586,2025-05-02,Available,Netherlands,Standard,Direct Sales,2025-08-18,23,2025-08-04 07:38:00,2025-08-04 14:29:25,M1,13.922,
587,2025-05-02,Available,Netherlands,Standard,Direct Sales,2025-08-15,23,2025-08-04 07:38:13,2025-08-04 14:30:16,M1,10.827,
588,2025-05-02,Available,Netherlands,Standard,Direct Sales,2025-08-27,23,2025-08-01 10:52:01,2025-08-07 08:23:30,M0,20.336,
589,2025-05-02,Available,Netherlands,Standard,Direct Sales,2025-09-08,23,2025-08-01 10:52:21,2025-08-07 08:23:30,M0,32.181,
590,2025-05-02,Available,Netherlands,Standard,Direct Sales,2025-09-05,23,2025-08-04 07:38:14,2025-08-07 10:32:50,M1,29.271,
591,2025-06-26,Available,Netherlands,Standard,Direct Sales,2025-10-07,23,2025-09-23 09:59:19,2025-09-24 08:40:42,M1,13.165,
592,2025-06-26,Available,Denmark,Standard,Agency,2025-10-07,17,,2025-09-19 09:31:52,M1,18.061,14.0
593,2025-06-26,Available,France,Standard,Direct Sales,2025-11-07,23,2025-10-15 11:53:14,2025-10-24 13:35:22,M1,13.93,49.169
594,2025-06-26,Available,Netherlands,Standard,Direct Sales,2025-11-13,23,2025-10-15 11:54:19,2025-10-29 10:48:28,M1,15.24,
595,2025-08-01,Available,Netherlands,Standard,Direct Sales,2025-11-12,23,2025-10-15 11:47:06,2025-10-29 16:22:57,M1,13.963,
596,2025-08-01,Available,Netherlands,Standard,Direct Sales,2025-11-03,23,2025-10-15 11:47:06,2025-10-17 15:01:56,M1,17.072,
597,2025-08-01,Available,Netherlands,Standard,Direct Sales,2025-10-31,23,2025-10-15 11:47:22,2025-10-16 11:37:30,M1,15.031,41.087
598,2025-08-01,Available,Netherlands,Standard,Direct Sales,2025-11-07,23,,2025-10-16 11:37:21,M1,22.156,41.087
599,2025-08-01,Available,Netherlands,Standard,Direct Sales,2025-11-05,23,2025-10-15 11:47:22,2025-10-16 11:37:04,M1,20.094,
600,2025-08-01,Available,Netherlands,Standard,Direct Sales,2025-10-31,23,2025-10-15 11:47:14,2025-10-17 15:01:54,M1,14.01,
601,2025-08-01,Available,France,Standard,Direct Sales,2026-01-01,27,2025-10-15 11:47:17,2025-10-31 13:11:31,M1,62.071,56.152
602,2025-08-01,Available,Netherlands,Standard,Direct Sales,2025-12-08,23,2025-11-03 10:38:01,2025-11-27 15:07:57,M1,11.029,84.016
603,2025-08-01,Available,France,Standard,Direct Sales,2025-12-01,23,2025-11-03 10:38:14,2025-11-07 13:23:19,M1,23.941,63.943
604,2025-08-01,Available,Netherlands,Standard,Direct Sales,2025-11-25,23,2025-11-03 10:37:04,2025-11-11 14:30:14,M1,13.953,67.99
605,2025-08-01,Available,France,Standard,Direct Sales,2025-12-26,23,2025-11-03 10:38:13,2025-11-11 15:22:19,M1,44.996,68.026
606,2025-08-01,Available,France,Standard,Direct Sales,2026-01-07,23,2025-11-03 10:38:00,2025-11-11 15:22:19,M1,56.9,67.243
607,2025-11-05,Available,Belgium,Service,Agency,2026-03-10,2,2026-03-02 09:21:23,2026-03-02 14:47:59,M2,7.984,91.302
608,2025-11-05,Available,Netherlands,Standard,Direct Sales,2026-04-03,23,2026-02-18 14:52:11,2026-03-20 12:37:46,M2,14.09,109.212
609,2025-11-05,Available,Netherlands,Standard,Direct Sales,2026-03-31,23,2026-03-02 09:20:09,2026-03-18 11:24:05,M2,13.061,91.086
610,2025-11-05,Available,Netherlands,Standard,Direct Sales,2026-04-03,23,2026-03-02 09:20:27,2026-03-04 11:58:09,M2,30.082,77.11
611,2025-11-05,Available,Spain,Business,Agency,2026-03-10,8,2026-03-02 09:20:22,2026-03-05 13:01:11,M2,4.996,78.153
612,,Available,France,Standard,Direct Sales,2026-01-08,23,2025-04-08 14:55:04,,M0,,
613,2025-02-28,Available,Denmark,Standard,Agency,2025-08-26,18,2025-06-17 11:25:03,2025-07-16 18:25:33,M0,40.539,
614,2025-03-28,Available,Netherlands,Standard,Direct Sales,2025-10-10,23,2025-06-17 11:23:15,2025-09-29 11:54:43,M0,10.971,68.009
615,2025-03-28,Available,Netherlands,Standard,Direct Sales,2025-07-03,23,2025-06-17 11:23:02,,M0,,
616,2025-03-28,Available,Netherlands,Standard,Direct Sales,2025-07-07,23,2025-06-17 11:27:13,,M0,,
617,2025-03-28,Available,Netherlands,Standard,Direct Sales,2025-07-23,23,2025-06-17 11:30:20,,M0,,
618,2025-05-02,Available,France,Standard,Direct Sales,2026-01-06,27,2025-08-01 10:52:17,2025-10-31 13:11:33,M0,66.836,100.063
619,2025-05-02,Available,France,Standard,Direct Sales,2026-02-27,27,2025-08-01 10:52:09,2025-10-31 13:11:36,M0,118.892,100.063
620,2025-06-26,Available,Netherlands,Standard,Direct Sales,2025-10-03,23,,2025-09-19 09:31:48,M1,14.165,
621,2025-06-26,Available,France,Standard,Direct Sales,2025-12-10,27,2025-09-23 09:58:08,2025-10-31 13:11:36,M1,40.092,56.152
622,2025-08-01,Available,France,Standard,Direct Sales,2025-11-07,23,2025-10-15 11:47:24,2025-10-24 13:35:25,M1,13.945,49.169
623,2025-08-01,Available,Netherlands,Standard,Direct Sales,2025-11-27,23,2025-10-15 11:47:20,2025-10-16 11:37:29,M1,42.198,
624,2025-08-01,Available,Netherlands,Standard,Direct Sales,2025-10-31,23,2025-10-15 11:47:12,2025-10-16 11:36:56,M1,15.024,
625,2025-08-01,Available,Netherlands,Standard,Direct Sales,2025-12-09,23,2025-10-15 11:47:03,2025-10-24 15:34:15,M1,45.97,49.251
626,2025-08-01,Available,Netherlands,Standard,Direct Sales,2026-01-12,23,2025-10-15 11:47:19,2025-12-19 14:36:26,M1,24.121,105.211
627,2025-08-01,Available,Belgium,Standard,Agency,2026-02-18,26,2025-11-03 10:38:19,2025-11-18 11:31:38,M1,92.107,74.866
628,2025-08-01,Available,Netherlands,Standard,Direct Sales,2025-11-26,23,2025-11-03 10:38:18,2025-11-11 10:39:09,M1,15.315,67.829
629,2025-08-01,Available,Netherlands,Standard,Direct Sales,2025-12-08,23,2025-11-03 10:38:13,2025-11-07 13:23:27,M1,31.182,63.943
630,2025-08-01,Available,Netherlands,Standard,Direct Sales,2025-11-25,23,2025-11-03 10:38:01,2025-11-11 14:30:11,M1,14.102,67.99
631,2025-08-01,Available,France,Standard,Direct Sales,2026-02-24,23,2025-11-03 10:37:14,2025-11-11 15:22:21,M1,104.925,68.026
632,2025-08-01,Reserved,Belgium,Standard,Agency,2026-01-11,20,2025-11-03 10:37:13,2025-11-28 16:40:00,M1,46.698,85.08
633,2025-08-01,Available,Netherlands,Standard,Direct Sales,2025-12-09,23,2025-11-03 10:37:25,2025-11-27 15:07:59,M1,12.098,84.016
634,2025-08-01,Available,France,Standard,Direct Sales,2026-01-14,23,2025-11-03 10:37:06,2025-11-18 11:31:37,M1,57.009,74.866
635,2025-08-01,Available,Netherlands,Standard,Direct Sales,2025-12-08,23,2025-11-03 10:37:13,2025-11-11 15:22:21,M1,27.101,68.026
636,2025-11-05,Available,Belgium,Service,Agency,2026-03-10,2,2026-03-02 09:20:07,2026-03-02 14:48:02,M2,7.984,75.228
637,2025-03-28,Available,France,Standard,Direct Sales,2026-04-09,27,2025-06-17 11:26:21,2025-10-31 13:11:34,M0,159.907,100.063
638,2025-03-28,Available,Netherlands,Standard,Direct Sales,2025-07-10,23,2025-06-17 11:31:22,2025-07-01 10:53:35,M0,,
639,2025-03-28,Available,France,Standard,Direct Sales,2025-12-02,23,2025-06-17 11:28:16,2025-10-29 16:23:03,M0,33.805,98.196
640,2025-03-28,Available,Netherlands,Standard,Direct Sales,2025-07-07,23,2025-06-17 11:27:23,2025-07-01 10:53:35,M0,,
641,2025-03-28,Available,Netherlands,Standard,Direct Sales,2025-07-24,23,2025-06-17 11:30:17,,M0,,
642,2025-03-28,Available,Netherlands,Standard,Direct Sales,2025-06-30,23,2025-06-17 11:28:06,,M0,,
643,2025-05-02,Available,Netherlands,Standard,Direct Sales,2025-09-01,23,,2025-07-29 09:37:54,M0,34.109,
644,2025-05-02,Available,Netherlands,Standard,Direct Sales,2025-08-25,23,,2025-07-29 09:37:57,M0,27.207,
645,2025-05-02,Available,Netherlands,Standard,Direct Sales,2025-08-27,23,2025-08-01 10:52:12,2025-08-19 15:20:58,M0,8.061,
646,2025-05-02,Available,Netherlands,Standard,Direct Sales,2025-09-05,23,2025-08-01 10:52:04,2025-08-26 14:50:25,M0,10.022,
647,2025-05-02,Available,Netherlands,Standard,Direct Sales,2025-08-08,23,2025-08-01 10:52:19,2025-08-04 11:01:27,M0,4.024,
648,2025-05-02,Available,Netherlands,Standard,Direct Sales,2025-08-20,23,2025-08-04 07:38:02,2025-08-04 14:30:15,M1,16.049,
649,2025-05-02,Available,Netherlands,Standard,Direct Sales,2025-09-08,23,2025-08-04 07:38:16,2025-08-04 14:30:15,M1,35.09,
650,2025-05-02,Available,Norway,Standard,Direct Sales,2025-08-19,23,2025-08-01 10:52:12,2025-08-07 08:23:29,M0,12.184,
651,2025-05-02,Available,Belgium,Business,Agency,2025-12-08,20,2025-08-01 10:52:04,2025-11-18 11:31:40,M0,20.002,117.993
652,2025-06-26,Available,Netherlands,Standard,Direct Sales,2025-10-23,23,,2025-09-19 09:32:00,M1,34.452,
653,2025-06-26,Available,Netherlands,Standard,Direct Sales,2025-10-02,23,,2025-09-19 09:31:56,M1,13.024,
654,2025-06-26,Available,France,Standard,Direct Sales,2026-01-09,27,2025-09-23 09:58:06,2025-10-31 13:11:35,M1,69.901,56.152
655,2025-08-01,Available,France,Standard,Direct Sales,2026-01-30,27,2025-10-15 11:47:08,2025-10-31 13:11:34,M1,90.944,56.152
656,2025-08-01,Available,Netherlands,Standard,Direct Sales,2025-11-14,23,2025-10-15 11:47:25,2025-10-24 13:35:26,M1,21.118,
657,2025-08-01,Available,Netherlands,Standard,Direct Sales,2025-10-31,23,2025-10-15 11:47:19,2025-10-16 11:37:02,M1,15.031,
658,2025-08-01,Available,France,Standard,Direct Sales,2025-11-07,23,2025-10-15 11:47:11,2025-10-24 13:35:24,M1,13.931,49.169
659,2025-08-01,Available,Belgium,Service,Agency,2026-03-10,20,2025-10-15 11:47:21,2025-10-29 16:23:03,M1,131.786,54.285
660,2025-08-01,Available,France,Standard,Direct Sales,2025-12-02,23,2025-11-03 10:38:03,2025-11-11 15:22:23,M1,20.971,68.026
661,2025-08-01,Available,Netherlands,Standard,Direct Sales,2025-11-26,23,2025-11-03 10:38:25,2025-11-11 10:39:15,M1,15.317,67.829
662,2025-08-01,Available,Belgium,Business,Agency,2026-01-22,14,2025-11-03 10:37:14,2026-01-13 14:01:41,M1,9.102,130.97
663,2025-08-01,Reserved,Belgium,Business,Agency,2026-03-03,1,2025-11-03 10:37:00,2026-02-16 14:46:23,M1,14.888,165.001
664,2025-08-01,Available,Italy,Business,Agency,2026-03-02,13,2025-11-03 10:37:17,2025-11-27 15:07:58,M1,95.158,84.016
665,2025-08-01,Available,Denmark,Standard,Agency,2026-03-04,17,2025-11-03 10:37:21,2025-11-07 08:38:38,M1,117.307,63.745
666,2025-08-01,Available,Netherlands,Standard,Direct Sales,2026-02-12,23,2025-11-03 10:38:07,2026-01-12 15:34:23,M1,31.083,130.034
667,2025-11-05,Available,France,Standard,Direct Sales,2026-04-09,23,2026-03-02 09:21:16,2026-03-11 10:21:38,M2,29.221,100.117
668,2025-11-05,Available,Netherlands,Standard,Direct Sales,2026-03-06,23,2026-02-18 14:52:20,2026-02-25 11:46:58,M2,9.209,70.102
669,,Available,Netherlands,Standard,Direct Sales,2025-07-18,23,2025-04-08 14:52:20,,M0,,
670,2025-02-28,Available,Belgium,Standard,Agency,2026-02-20,26,2025-06-17 11:28:15,2025-10-24 15:34:17,M0,118.848,93.162
671,2025-05-02,Available,Netherlands,Standard,Direct Sales,2025-09-01,23,,2025-07-29 09:37:56,M0,34.301,
672,2025-05-02,Available,Netherlands,Standard,Direct Sales,2025-10-03,23,2025-08-01 10:52:23,2025-08-12 13:51:12,M0,51.986,
673,2025-05-02,Available,Netherlands,Standard,Direct Sales,2025-11-13,24,2025-08-01 10:52:02,2025-10-31 13:11:29,M0,13.126,100.062
674,2025-06-26,Available,Netherlands,Standard,Direct Sales,2025-10-22,23,,2025-09-19 09:31:50,M1,33.355,
675,2025-08-01,Available,Denmark,Standard,Agency,2025-11-27,22,2025-10-15 11:47:18,2025-10-16 11:37:01,M1,42.095,41.087
676,2025-08-01,Available,France,Standard,Direct Sales,2025-11-25,23,2025-10-15 11:56:10,2025-10-29 09:20:33,M1,27.109,53.992
677,2025-08-01,Available,France,Standard,Direct Sales,2025-11-24,23,2025-10-15 11:47:04,2025-10-29 09:20:29,M1,26.109,53.992
678,2025-08-01,Available,Netherlands,Standard,Direct Sales,2025-12-10,23,2025-10-15 11:47:17,2025-12-01 11:07:32,M1,9.109,87.066
679,2025-08-01,Available,Netherlands,Standard,Direct Sales,2025-11-24,23,2025-11-03 10:38:20,2025-11-11 15:22:23,M1,13.011,68.026
680,2025-08-01,Available,Netherlands,Standard,Direct Sales,2025-12-18,23,2025-11-03 10:38:16,2025-11-28 16:39:52,M1,20.033,85.08
681,2025-08-01,Available,Netherlands,Standard,Direct Sales,2025-11-28,23,2025-11-03 10:38:11,2025-11-18 15:45:41,M1,10.061,75.042
682,2025-08-01,Available,Netherlands,Standard,Direct Sales,2026-02-13,23,2025-11-03 10:37:09,2026-02-04 08:16:05,M1,9.134,152.73
683,2025-11-05,Available,Netherlands,Standard,Direct Sales,2026-03-20,24,2026-02-18 14:52:09,2026-02-25 11:46:57,M2,23.155,86.176
684,2025-11-05,Available,Netherlands,Standard,Direct Sales,2026-03-09,23,2026-02-18 14:52:07,2026-02-25 11:46:55,M2,12.045,70.102
685,2025-03-28,Available,Netherlands,Standard,Direct Sales,2025-09-12,23,2025-06-17 11:27:18,2025-08-12 13:22:12,M0,31.137,
686,2025-03-28,Available,Netherlands,Standard,Direct Sales,2025-07-10,23,2025-06-17 11:30:15,,M0,,
687,2025-03-28,Available,Netherlands,Standard,Direct Sales,2025-07-16,23,2025-06-17 11:28:17,2025-07-03 09:03:26,M0,,
688,2025-05-02,Available,Netherlands,Standard,Direct Sales,2025-09-09,23,2025-08-01 10:52:15,2025-08-07 08:45:10,M0,33.295,
689,2025-05-02,Available,Netherlands,Standard,Direct Sales,2025-09-09,23,2025-08-01 10:52:07,2025-08-21 12:33:21,M0,19.133,
690,2025-05-02,Available,Netherlands,Standard,Direct Sales,2025-08-19,23,2025-08-01 10:52:00,2025-08-12 10:04:20,M0,7.008,
691,2025-05-02,Available,Netherlands,Standard,Direct Sales,2025-08-19,23,,2025-07-29 09:37:58,M0,21.027,
692,2025-05-02,Available,Netherlands,Standard,Direct Sales,2025-08-19,23,2025-08-01 10:52:13,2025-08-12 10:04:21,M0,7.115,
693,2025-05-02,Available,Netherlands,Standard,Direct Sales,2025-09-09,23,2025-08-01 10:52:07,2025-08-21 12:33:20,M0,19.089,
694,2025-05-02,Available,Netherlands,Standard,Direct Sales,2025-08-19,23,2025-08-04 07:38:18,2025-08-04 14:29:34,M1,14.931,
695,2025-05-02,Available,Netherlands,Standard,Direct Sales,2025-08-07,23,,2025-07-29 09:37:57,M0,9.239,
696,2025-05-02,Available,Netherlands,Standard,Direct Sales,2025-08-05,23,2025-08-01 10:52:10,2025-08-04 09:38:23,M0,1.162,
697,2025-06-26,Available,Netherlands,Standard,Direct Sales,2025-10-10,23,,2025-09-19 09:31:54,M1,21.242,
698,2025-06-26,Available,Netherlands,Standard,Direct Sales,2025-10-28,23,2025-09-23 09:58:01,2025-09-24 13:46:30,M1,34.129,
699,2025-06-26,Available,Netherlands,Standard,Direct Sales,2025-10-09,23,,2025-09-19 09:31:47,M1,20.045,
700,2025-08-01,Available,Denmark,Standard,Agency,2026-03-05,17,2025-10-15 11:47:23,2025-10-16 11:37:34,M1,139.977,41.087
701,2025-08-01,Available,Netherlands,Standard,Direct Sales,2025-11-20,23,2025-10-15 11:47:01,2025-10-24 13:35:24,M1,27.119,
702,2025-08-01,Available,Netherlands,Standard,Direct Sales,2025-12-09,23,2025-10-15 11:47:09,2025-10-24 15:34:13,M1,46.079,49.251
703,2025-08-01,Available,France,Standard,Direct Sales,2025-11-07,23,2025-10-15 11:47:16,2025-10-24 13:35:22,M1,13.93,49.169
704,2025-08-01,Available,Netherlands,Standard,Direct Sales,2025-12-31,23,2025-11-03 10:38:22,2025-11-28 16:39:57,M1,32.788,85.08
705,2025-08-01,Available,Netherlands,Standard,Direct Sales,2025-12-10,23,2025-11-03 10:38:05,2025-11-07 13:23:22,M1,33.012,63.943
706,2025-08-01,Available,Netherlands,Standard,Direct Sales,2025-11-28,23,2025-11-03 10:38:09,2025-11-11 10:39:12,M1,17.272,67.829
707,2025-08-01,Available,Netherlands,Standard,Direct Sales,2026-02-19,23,2025-11-03 10:37:18,2026-02-11 08:59:52,M1,8.081,159.76
708,2025-08-01,Available,France,Standard,Direct Sales,2025-12-26,23,2025-11-03 10:38:17,2025-11-11 15:22:25,M1,44.996,68.025
709,2025-08-01,Available,Denmark,Standard,Agency,2025-11-24,17,2025-11-03 10:37:23,2025-11-07 08:38:39,M1,17.188,63.745
710,2025-11-05,Available,Netherlands,Standard,Direct Sales,2026-03-10,24,2026-02-18 14:52:17,2026-02-25 11:46:56,M2,13.215,90.975
711,2025-11-05,Available,France,Standard,Direct Sales,2026-03-25,23,2026-03-02 09:21:51,2026-03-11 10:21:35,M2,13.971,100.117
712,2025-11-05,Available,Netherlands,Standard,Direct Sales,2026-03-10,24,2026-02-18 14:52:06,2026-02-25 11:46:54,M2,13.216,86.176
713,2025-11-05,Available,Netherlands,Standard,Direct Sales,2026-03-10,24,2026-02-18 14:52:03,2026-02-25 11:46:50,M2,13.217,86.176
714,2025-11-05,Available,France,Standard,Direct Sales,2026-03-23,23,2026-03-02 09:20:29,2026-03-11 10:21:34,M2,11.969,84.043
715,2025-11-05,Available,Netherlands,Standard,Direct Sales,2026-03-09,23,2026-02-18 14:52:13,2026-02-25 11:46:52,M2,12.026,70.102
716,,Reserved,Britain,Standard,Agency,2025-08-11,16,2025-09-05 10:40:01,,M1,,
717,,Available,Britain,Standard,Agency,2025-03-20,19,,,,,
718,,Reserved,Britain,Standard,Agency,2025-02-13,19,,,,,
719,,Reserved,Britain,Standard,Agency,2025-11-28,19,2025-04-21 09:51:43,,M0,,
720,,Reserved,Britain,Standard,Agency,2025-11-10,19,2025-04-21 09:51:38,,M0,,
721,,Available,Britain,Standard,Direct Sales,2025-02-17,9,,,,,
722,,Reserved,Britain,Standard,Agency,2025-01-30,19,,,,,
723,,Reserved,Britain,Standard,Agency,2025-11-04,19,2025-04-21 09:51:40,,M0,,
724,,Reserved,Britain,Standard,Agency,2025-02-13,19,,,,,
725,,Reserved,Britain,Standard,Agency,2025-10-29,19,2025-04-21 09:51:35,,M0,,
726,,Reserved,Britain,Standard,Direct Sales,2025-03-07,19,,,,,
727,,Reserved,Britain,Standard,Direct Sales,2025-05-02,19,2025-04-21 09:51:46,,M0,,
728,,Reserved,Britain,Standard,Agency,2025-11-19,19,2025-04-21 09:51:35,,M0,,
729,,Reserved,Britain,Standard,Direct Sales,2025-04-11,19,2025-04-11 06:28:41,,M0,,
730,,Reserved,Britain,Standard,Direct Sales,2025-03-24,19,,,,,
731,,Reserved,Britain,Standard,Agency,2025-07-18,19,2025-04-21 09:51:36,,M0,,
732,,Reserved,Britain,Standard,Direct Sales,2025-04-08,19,2025-04-08 07:22:51,,M0,,
733,,Reserved,Britain,Standard,Direct Sales,2025-04-22,19,2025-04-21 09:51:44,,M0,,
734,,Available,France,Standard,Direct Sales,2025-03-10,23,,,,,
735,,Available,France,Standard,Direct Sales,2025-05-28,23,2025-04-30 08:01:23,,M0,,
736,,Reserved,Switzerland,Standard,Agency,2025-07-02,11,2025-04-30 14:44:02,2025-06-06 11:20:49,M0,25.896,
737,,Available,France,Standard,Direct Sales,2025-03-10,23,,,,,
738,,Available,Britain,Standard,Agency,2025-03-14,16,,,,,
739,,Available,Britain,Standard,Agency,2025-10-29,16,2025-10-28 14:31:00,,M1,,
740,,Reserved,Greece,Standard,Agency,2026-03-19,10,2025-04-30 08:01:18,2025-06-27 11:20:26,M0,,
741,,Reserved,Greece,Standard,Agency,2026-02-20,10,2025-04-30 08:01:18,2025-06-27 11:20:27,M0,241.041,
742,,Reserved,Switzerland,Business,Agency,2025-05-28,11,2025-04-30 14:44:02,2025-06-06 11:20:49,M0,3.274,
743,,Available,Britain,Standard,Agency,2025-05-30,16,2025-04-08 15:11:04,,M0,,
744,,Available,France,Standard,Direct Sales,2025-04-04,23,2025-04-04 08:43:00,,M0,,
745,,Available,France,Standard,Direct Sales,2025-04-18,23,2025-04-04 12:51:44,,M0,,
746,,Available,France,Standard,Direct Sales,2025-06-09,23,2025-04-30 08:00:35,,M0,,
747,,Reserved,Switzerland,Standard,Agency,2025-07-07,11,2025-04-30 08:00:49,2025-06-26 09:08:47,M0,11.241,
748,,Available,Denmark,Standard,Agency,2026-03-09,17,2025-04-30 08:00:53,2025-10-07 11:56:50,M0,152.912,
749,,Available,France,Standard,Direct Sales,2025-04-08,23,2025-04-08 08:07:00,,M0,,
750,,Reserved,Belgium,Business,Agency,2025-07-11,26,2025-04-30 08:01:07,,M0,,
751,,Reserved,Britain,Standard,Agency,2025-08-13,16,2025-04-30 08:01:08,,M0,,
752,,Reserved,Greece,Standard,Agency,2026-04-02,10,2025-04-30 08:00:57,2025-06-27 11:47:31,M0,285.825,
753,,Reserved,Belgium,Business,Agency,2025-08-30,26,2025-04-30 08:00:59,,M0,,
754,,Reserved,Britain,Standard,Agency,2025-09-24,16,2025-04-30 08:01:00,,M0,,
755,,Reserved,Britain,Standard,Agency,2025-07-25,16,2025-04-30 08:01:08,,M0,,
756,,Available,Netherlands,Standard,Direct Sales,2025-07-10,23,2025-04-30 08:01:05,2025-07-01 15:37:27,M0,,
757,,Available,Netherlands,Standard,Direct Sales,2025-12-18,23,2025-04-08 14:51:07,2025-11-28 16:39:56,M0,19.972,
758,,Available,Netherlands,Standard,Direct Sales,2025-10-27,23,2025-04-08 14:50:11,2025-09-24 13:46:31,M0,33.151,
759,,Available,Netherlands,Standard,Direct Sales,2025-08-12,23,2025-04-08 14:53:03,2025-07-31 13:35:42,M0,12.026,
760,,Available,France,Standard,Direct Sales,2025-09-08,23,2025-04-08 14:51:08,2025-08-18 15:55:58,M0,20.634,
761,,Available,France,Standard,Direct Sales,2025-07-16,23,2025-04-08 14:52:06,,M0,,
762,,Available,France,Standard,Direct Sales,2025-07-08,23,2025-04-08 14:51:24,,M0,,
763,,Available,Switzerland,Business,Agency,2025-09-19,11,2025-04-08 14:52:14,2025-07-30 13:08:06,M0,51.305,
764,,Reserved,Denmark,Standard,Agency,2025-09-30,17,2025-04-08 14:50:23,,M0,,
765,,Available,France,Standard,Direct Sales,2025-07-24,23,2025-04-08 14:51:06,,M0,,
766,,Available,France,Standard,Direct Sales,2025-10-10,23,2025-04-08 14:51:17,2025-08-06 14:49:25,M0,64.973,
767,2025-02-28,Available,Netherlands,Standard,Direct Sales,2025-12-08,23,2025-06-17 11:25:21,2025-11-07 13:23:21,M0,31.104,
768,2025-03-28,Available,Denmark,Standard,Agency,2026-02-13,22,2025-07-07 11:38:04,2025-10-30 11:53:33,M0,106.057,7.918
769,2025-05-02,Available,Denmark,Standard,Agency,2026-03-09,18,2025-08-04 07:38:02,2025-08-22 15:21:17,M1,198.753,
770,2025-05-02,Available,Denmark,Standard,Agency,2026-03-03,22,2025-08-04 07:38:12,2025-11-03 16:38:51,M1,119.977,12.116
771,2025-06-02,Available,Netherlands,Standard,Direct Sales,2025-10-24,23,,2025-10-07 11:56:51,M1,17.125,67.845
772,2025-06-02,Reserved,Britain,Standard,Agency,2025-11-03,5,2025-10-15 11:52:03,2025-11-03 10:30:32,M1,6.503,94.786
773,2025-06-26,Available,Britain,Standard,Agency,2025-12-24,9,2025-10-15 11:52:21,2025-11-26 18:23:27,M1,27.803,103.18
774,2025-06-26,Available,Netherlands,Standard,Direct Sales,2025-11-07,23,2025-10-15 11:55:01,2025-10-16 11:36:51,M1,22.024,52.162
775,2025-06-26,Available,Netherlands,Standard,Direct Sales,2025-11-24,23,2025-10-15 11:52:05,2025-10-16 11:36:50,M1,38.909,52.162
776,2025-06-26,Available,Netherlands,Standard,Direct Sales,2025-11-24,23,2025-10-15 11:56:25,2025-10-24 13:35:19,M1,30.829,60.245
777,2025-11-05,Available,Netherlands,Standard,Direct Sales,2026-03-23,23,2026-03-02 09:19:02,2026-03-04 11:58:45,M2,18.907,97.07
778,2025-11-05,Available,Belgium,Standard,Agency,2026-04-01,12,2026-03-02 09:20:17,2026-03-02 14:48:03,M2,29.915,91.302
779,2025-10-07,Available,Britain,Standard,Agency,2026-04-17,19,2026-02-18 14:52:19,2026-03-18 14:22:07,M2,29.767,83.211
780,2025-10-07,Available,Switzerland,Standard,Agency,2026-03-11,11,2026-02-18 14:52:04,2026-03-02 17:24:32,M2,9.136,67.338
781,2025-11-05,Available,Britain,Standard,Agency,2026-04-07,16,,2026-03-02 09:19:45,M2,35.905,60.003
782,,Reserved,Britain,Standard,Direct Sales,2025-01-21,9,,,,,
783,,Reserved,Britain,Standard,Direct Sales,2025-01-21,9,,,,,
784,,Reserved,Britain,Standard,Agency,2025-10-08,19,2025-04-21 09:51:37,,M0,,
785,,Reserved,Britain,Business,Agency,2025-07-02,5,2025-06-05 10:36:02,,M0,,
786,,Reserved,Britain,Standard,Agency,2025-02-18,19,,,,,
787,,Reserved,Britain,Standard,Agency,2025-08-21,19,2025-04-21 09:51:37,,M0,,
788,,Reserved,Britain,Standard,Agency,2025-09-23,19,2025-04-21 09:51:35,,M0,,
789,,Reserved,Britain,Standard,Agency,2025-11-03,19,2025-04-21 09:51:36,,M0,,
790,,Reserved,Britain,Standard,Agency,2025-07-09,19,2025-04-21 09:51:36,,M0,,
791,,Reserved,Britain,Standard,Agency,2025-07-11,5,2025-06-05 10:36:02,,M0,,
792,,Reserved,Britain,Standard,Agency,2025-07-09,19,2025-04-21 09:51:34,,M0,,
793,,Available,Britain,Standard,Agency,2025-03-25,9,,,,,
794,,Available,Britain,Standard,Agency,2025-05-28,16,2025-05-27 12:27:01,,M0,,
795,,Available,Britain,Standard,Agency,2025-12-15,9,2025-12-15 14:37:00,,M1,,
796,,Available,France,Standard,Direct Sales,2025-06-09,23,2025-04-30 08:01:24,,M0,,
797,,Available,Britain,Standard,Agency,2026-02-08,16,2025-04-08 15:11:02,,M0,,
798,,Available,France,Standard,Direct Sales,2025-04-08,23,2025-04-08 08:21:01,,M0,,
799,,Available,France,Standard,Direct Sales,2025-03-06,23,,,,,
800,,Available,Britain,Standard,Agency,2025-04-09,19,2025-04-09 13:03:01,,M0,,
801,,Available,Britain,Standard,Agency,2025-03-21,9,,,,,
802,,Available,Britain,Standard,Agency,2025-12-01,9,2025-12-01 13:32:00,,M1,,
803,,Reserved,Britain,Standard,Agency,2025-10-08,19,2025-04-21 09:51:41,,M0,,
804,,Available,France,Standard,Direct Sales,2025-04-17,23,2025-04-02 11:52:30,,M0,,
805,,Available,France,Standard,Direct Sales,2025-11-12,23,2025-04-30 08:01:16,2025-09-15 14:56:16,M0,58.086,
806,,Available,France,Standard,Direct Sales,2025-05-07,23,2025-05-07 12:03:00,,M0,,
807,,Available,Netherlands,Standard,Direct Sales,2025-10-23,23,2025-04-30 08:01:14,2025-10-03 11:24:01,M0,20.376,
808,,Available,Netherlands,Standard,Direct Sales,2025-10-17,23,2025-04-30 08:00:39,2025-10-03 11:28:24,M0,14.123,
809,,Reserved,Britain,Standard,Agency,2025-08-01,5,2025-04-30 08:00:34,2025-07-03 08:36:11,M0,27.07,
810,,Available,Britain,Standard,Agency,2025-06-23,16,2025-04-08 15:11:01,,M0,,
811,,Available,France,Standard,Direct Sales,2025-08-08,23,2025-04-30 08:00:47,2025-07-22 12:24:48,M0,17.211,
812,,Available,Denmark,Standard,Agency,2026-01-27,22,2025-04-30 08:00:48,2025-10-30 11:53:23,M0,89.028,7.918
813,,Available,Denmark,Standard,Agency,2026-03-10,22,2025-04-30 08:00:52,2025-10-30 11:53:27,M0,130.914,7.918
814,,Available,Netherlands,Standard,Direct Sales,2025-03-28,23,,,,,
815,,Available,Netherlands,Standard,Direct Sales,2025-05-16,23,2025-04-30 08:00:46,,M0,,
816,,Available,Britain,Standard,Agency,2025-11-29,9,2025-04-30 08:00:36,2025-11-04 11:52:08,M0,25.023,
817,,Available,Britain,Standard,Agency,2025-11-06,9,2025-04-30 08:01:05,2025-11-04 11:52:08,M0,2.082,
818,,Available,Britain,Standard,Agency,2026-03-04,15,2025-04-30 08:00:58,2025-11-03 15:01:04,M0,119.987,
819,,Available,Britain,Standard,Agency,2025-12-02,15,2025-04-30 08:01:07,2025-11-03 15:01:06,M0,28.073,
820,,Reserved,Britain,Standard,Agency,2025-12-01,4,2025-04-30 08:01:06,2025-10-13 19:12:47,M0,48.839,
821,,Available,France,Standard,Direct Sales,2025-07-16,23,2025-04-08 14:54:10,,M0,,
822,,Available,Netherlands,Standard,Direct Sales,2025-04-28,23,2025-04-08 14:52:24,,M0,,
823,,Available,France,Standard,Direct Sales,2025-06-23,23,2025-04-08 14:54:10,,M0,,
824,,Available,Netherlands,Standard,Direct Sales,2025-04-30,23,2025-04-08 14:53:09,,M0,,
825,,Available,France,Standard,Direct Sales,2025-10-06,23,2025-04-08 14:54:20,2025-08-11 13:11:12,M0,55.861,
826,,Available,France,Standard,Direct Sales,2025-09-05,23,2025-04-08 14:54:05,2025-07-22 12:59:33,M0,44.858,
827,2025-03-28,Available,France,Standard,Direct Sales,2026-01-09,23,2025-06-17 11:24:02,2025-11-04 16:21:17,M0,65.744,6.013
828,2025-03-28,Available,France,Standard,Direct Sales,2026-01-13,27,2025-07-07 11:38:05,2025-10-29 09:20:33,M0,76.07,5.982
829,2025-03-28,Available,France,Standard,Direct Sales,2025-10-28,23,2025-07-07 11:38:11,2025-09-26 08:25:33,M0,32.278,
830,2025-05-02,Available,Denmark,Standard,Agency,2026-01-16,22,2025-08-04 07:38:18,2025-11-03 16:38:54,M1,73.779,12.116
831,2025-05-02,Reserved,Denmark,Standard,Agency,2025-09-19,22,2025-08-04 07:38:17,2025-08-22 15:21:18,M1,27.992,
832,2025-05-02,Available,Denmark,Standard,Agency,2026-02-13,22,2025-08-04 07:38:04,2025-11-03 16:38:41,M1,101.727,12.116
833,2025-06-02,Available,Netherlands,Standard,Direct Sales,2025-10-31,23,2025-10-15 11:52:03,2025-10-16 11:36:48,M1,15.243,76.832
834,2025-06-26,Available,France,Standard,Direct Sales,2026-03-24,27,2025-10-15 11:54:24,2025-10-31 13:11:31,M1,143.836,67.228
835,2025-06-26,Available,Netherlands,Standard,Direct Sales,2026-01-07,23,2025-10-15 11:55:25,2025-10-31 13:11:31,M1,68.217,67.228
836,2025-06-26,Available,Britain,Standard,Agency,2025-12-01,4,2025-10-15 11:54:12,2025-11-14 14:39:16,M1,23.667,81.289
837,2025-06-26,Available,Belgium,Standard,Agency,2026-01-14,20,2025-10-15 11:54:24,2025-10-29 10:48:20,M1,75.949,65.129
838,2025-06-26,Available,Britain,Standard,Agency,2025-12-26,19,2025-10-15 11:54:12,2025-11-26 18:23:26,M1,29.598,93.445
839,2025-11-05,Available,Belgium,Standard,Agency,2026-03-10,12,2026-03-02 09:21:27,2026-03-02 14:47:59,M2,7.918,108.212
840,2025-11-05,Available,France,Standard,Direct Sales,2026-03-21,23,2026-03-02 09:19:41,2026-03-11 10:21:27,M2,9.888,117.027
841,2025-11-05,Available,Britain,Standard,Agency,2026-04-03,16,,2026-03-02 09:19:47,M2,31.167,95.873
842,2025-11-05,Available,Britain,Standard,Agency,2026-04-03,16,,2026-03-02 09:19:53,M2,31.894,60.003
843,2025-11-05,Available,Netherlands,Standard,Direct Sales,2026-04-01,23,2026-03-02 09:20:07,2026-03-11 10:21:24,M2,21.161,69.046
844,2025-11-05,Available,Britain,Business,Agency,2026-04-02,16,,2026-03-02 09:19:44,M2,30.95,60.003
845,,Reserved,Denmark,Business,Agency,2025-05-16,18,2025-05-06 10:16:22,,M0,,
846,,Reserved,Britain,Standard,Agency,2025-12-09,9,2025-10-21 13:35:07,,M1,,
847,,Reserved,Britain,Standard,Agency,2025-04-02,16,2025-04-02 14:14:52,,M0,,
848,,Available,Belgium,Business,Agency,2026-01-13,12,,2025-07-07 09:54:06,M0,204.192,
849,,Available,Britain,Standard,Agency,2025-04-14,16,2025-04-14 11:36:33,,M0,,
850,,Reserved,Britain,Standard,Agency,2025-06-19,19,2025-04-21 09:51:37,,M0,,
851,,Reserved,Britain,Standard,Agency,2025-02-20,19,,,,,
852,,Reserved,Britain,Standard,Agency,2025-09-24,19,2025-04-21 09:51:35,,M0,,
853,,Available,Britain,Standard,Direct Sales,2025-03-07,9,,,,,
854,,Reserved,Britain,Standard,Agency,2025-11-03,19,2025-04-21 09:51:36,,M0,,
855,,Available,Britain,Standard,Direct Sales,2025-03-19,9,,,,,
856,,Available,Britain,Standard,Agency,2025-06-27,16,2025-06-27 11:18:01,,M0,,
857,,Reserved,Britain,Standard,Agency,2025-09-26,19,2025-04-21 09:51:43,,M0,,
858,,Available,Britain,Standard,Direct Sales,2025-06-30,9,2025-06-30 10:01:00,,M0,,
859,,Available,Britain,Standard,Agency,2025-05-22,16,2025-05-22 14:14:00,,M0,,
860,,Available,Britain,Standard,Agency,2025-09-09,9,2025-09-09 13:56:00,,M1,,
861,,Available,Britain,Standard,Agency,2025-06-02,16,2025-04-09 14:53:40,,M0,,
862,,Available,Netherlands,Standard,Direct Sales,2025-05-28,23,2025-04-30 08:01:21,,M0,,
863,,Available,Netherlands,Standard,Direct Sales,2026-02-11,24,2025-04-30 08:01:22,2026-01-16 15:18:03,M0,25.995,
864,,Reserved,Britain,Standard,Agency,2025-11-10,19,2025-04-21 09:51:38,,M0,,
865,,Reserved,Britain,Standard,Agency,2025-09-10,19,2025-04-21 09:51:41,,M0,,
866,,Reserved,Britain,Standard,Agency,2025-11-28,4,2025-04-30 08:01:17,2025-10-13 19:12:49,M0,45.69,
867,,Available,Britain,Standard,Agency,2025-11-24,16,2025-04-30 08:01:17,2025-11-10 10:12:39,M0,14.068,18.871
868,,Available,Britain,Standard,Agency,2025-12-17,19,2025-04-30 08:01:18,2025-11-10 10:14:07,M0,38.087,18.872
869,,Available,Denmark,Demo,Agency,2025-09-30,18,2025-04-30 08:00:37,2025-08-15 09:37:58,M0,46.193,
870,,Available,Denmark,Standard,Agency,2026-03-09,18,2025-04-30 08:00:39,2025-08-22 15:21:17,M0,198.745,
871,,Available,Netherlands,Standard,Direct Sales,2025-04-03,23,2025-04-03 12:05:01,,M0,,
872,,Available,Belgium,Standard,Agency,2025-11-13,20,2025-04-30 08:00:33,2025-08-26 13:25:46,M0,77.017,
873,,Available,Belgium,Standard,Agency,2025-10-04,26,2025-04-30 08:00:55,2025-08-18 15:49:08,M0,45.951,
874,,Available,Denmark,Standard,Agency,2026-03-09,18,2025-04-30 08:00:48,2025-11-03 16:38:46,M0,125.687,12.116
875,,Available,Britain,Standard,Agency,2025-11-29,9,2025-04-30 08:00:44,2025-11-04 11:52:07,M0,25.027,
876,,Available,Denmark,Standard,Agency,2026-02-20,22,2025-04-30 08:00:56,2025-10-30 11:53:22,M0,113.171,7.918
877,,Available,Netherlands,Standard,Direct Sales,2025-04-07,23,2025-04-07 16:23:00,,M0,,
878,,Available,Denmark,Business,Agency,2026-03-10,22,2025-04-30 08:00:53,2025-10-30 11:53:26,M0,131.088,7.918
879,,Available,Britain,Standard,Agency,2025-10-03,9,2025-04-30 08:01:05,2025-09-08 08:14:16,M0,25.074,
880,,Available,Britain,Standard,Agency,2025-10-22,15,2025-04-30 08:01:02,2025-09-30 08:54:49,M0,22.082,
881,,Available,Belgium,Standard,Agency,2026-03-10,20,2025-04-30 08:01:01,2025-09-02 14:02:47,M0,188.102,
882,,Available,Netherlands,Standard,Direct Sales,2025-11-07,23,2025-04-08 14:56:14,2025-10-24 13:35:23,M0,13.863,
883,,Available,Netherlands,Standard,Direct Sales,2025-11-07,23,2025-04-08 14:53:12,2025-10-08 13:23:14,M0,29.951,
884,,Available,France,Standard,Direct Sales,2025-09-22,23,2025-04-08 14:51:06,2025-08-11 13:11:11,M0,41.84,
885,,Available,Netherlands,Standard,Direct Sales,2025-10-10,23,2025-04-08 14:52:02,2025-08-06 14:49:25,M0,65.025,
886,,Available,Denmark,Standard,Agency,2026-02-27,18,2025-04-08 14:54:17,2025-11-03 16:38:35,M0,115.86,12.116
887,,Available,France,Standard,Direct Sales,2025-06-04,23,2025-04-08 14:53:05,,M0,,
888,,Available,Netherlands,Standard,Direct Sales,2025-09-16,23,2025-04-08 14:52:02,2025-09-08 07:33:37,M0,8.307,
889,,Available,Denmark,Standard,Agency,2025-10-10,18,2025-04-08 14:52:07,2025-09-05 10:46:01,M0,34.954,
890,,Available,France,Standard,Direct Sales,2025-09-09,23,2025-04-08 14:53:06,2025-08-15 14:14:57,M0,25.005,
891,,Available,France,Standard,Direct Sales,2025-09-19,23,2025-04-08 14:53:07,2025-08-21 12:30:51,M0,29.162,
892,,Available,France,Standard,Direct Sales,2025-10-06,23,2025-04-08 14:51:00,2025-09-03 14:15:23,M0,33.053,
893,,Available,France,Standard,Direct Sales,2025-11-04,23,2025-04-08 14:51:08,2025-10-03 11:28:20,M0,31.963,
894,,Available,France,Standard,Direct Sales,2025-12-17,23,2025-04-08 14:51:11,2025-09-11 11:12:21,M0,96.987,
895,,Available,France,Standard,Direct Sales,2026-01-09,23,2025-04-08 14:52:00,2025-10-10 09:46:52,M0,90.996,
896,,Available,Netherlands,Standard,Direct Sales,2025-09-08,23,2025-04-08 14:52:08,2025-07-28 11:02:40,M0,42.034,
897,,Available,France,Standard,Direct Sales,2025-07-07,23,2025-04-08 14:50:06,,M0,,
898,2025-03-28,Available,France,Standard,Direct Sales,2026-01-12,27,2025-07-07 11:37:20,2025-10-29 09:20:30,M0,75.007,5.982
899,2025-03-28,Available,Denmark,Standard,Agency,2026-03-06,18,2025-07-07 11:37:05,2025-10-30 11:53:25,M0,127.189,7.918
900,2025-05-02,Available,France,Standard,Direct Sales,2025-11-07,23,2025-08-04 07:38:15,2025-09-02 15:00:29,M1,66.01,
901,2025-06-02,Available,Netherlands,Standard,Direct Sales,2025-10-28,23,,2025-10-07 11:56:53,M1,21.0,66.979
902,2025-06-02,Available,Netherlands,Standard,Direct Sales,2025-12-02,23,2025-10-15 11:56:13,2025-11-11 14:30:19,M1,20.964,102.952
903,2025-06-26,Available,Britain,Standard,Agency,2025-12-02,19,2025-10-15 11:53:23,2025-11-10 10:36:35,M1,21.954,77.12
904,2025-06-26,Available,Netherlands,Standard,Direct Sales,2025-11-07,23,2025-10-15 11:56:09,2025-10-16 11:37:17,M1,21.967,52.163
905,2025-06-26,Available,Britain,Standard,Agency,2025-12-02,9,2025-10-15 11:53:20,2025-11-10 10:37:21,M1,22.158,77.121
906,2025-11-05,Available,France,Standard,Direct Sales,2026-04-15,23,2026-03-02 09:19:40,2026-03-11 10:21:35,M2,34.999,117.027
907,2025-11-05,Available,Britain,Standard,Agency,2026-04-08,3,,2026-03-02 09:19:41,M2,35.146,107.839
908,2025-11-05,Available,Britain,Standard,Agency,2026-04-08,9,,2026-03-02 09:19:46,M2,37.226,95.873
909,2025-11-05,Available,Britain,Standard,Agency,2026-04-09,19,,2026-03-02 09:19:40,M2,38.119,60.003
910,2025-11-05,Available,Belgium,Standard,Agency,2026-04-14,20,2026-03-02 09:20:08,2026-03-02 11:38:28,M2,42.164,60.099
911,,Available,Netherlands,Standard,Direct Sales,2025-04-09,23,2025-04-04 09:14:12,,M0,,
912,,Reserved,Britain,Standard,Agency,2025-09-09,9,2025-09-09 13:47:00,,M1,,
913,,Reserved,Britain,Standard,Agency,2025-02-13,9,,,,,
914,,Available,Britain,Standard,Agency,2024-12-31,19,,,,,
915,,Reserved,Britain,Standard,Agency,2025-12-11,9,2025-10-29 15:42:02,,M1,,
916,,Reserved,Britain,Standard,Agency,2025-02-07,19,,,,,
917,,Available,Britain,Standard,Agency,2026-03-05,9,2026-03-05 13:06:01,,M2,,
918,,Reserved,Britain,Standard,Agency,2025-06-13,16,2025-06-05 08:22:34,,M0,,
919,,Available,France,Standard,Direct Sales,2025-04-09,23,2025-04-04 09:06:00,,M0,,
920,,Reserved,Britain,Standard,Agency,2025-07-04,19,2025-04-21 09:51:37,,M0,,
921,,Reserved,Britain,Standard,Agency,2025-02-17,19,,,,,
922,,Available,Netherlands,Standard,Direct Sales,2025-08-22,23,2025-04-30 08:01:24,2025-08-06 07:53:52,M0,16.373,
923,,Reserved,Britain,Standard,Agency,2025-11-21,19,2025-04-21 09:51:43,,M0,,
924,,Reserved,Britain,Standard,Agency,2025-12-01,16,2025-05-29 11:24:51,,M0,,
925,,Reserved,Britain,Standard,Agency,2025-08-06,19,2025-04-21 09:51:36,,M0,,
926,,Available,Britain,Standard,Direct Sales,2025-03-18,9,,,,,
927,,Available,Britain,Standard,Direct Sales,2025-07-29,9,2025-07-29 09:26:00,,M0,,
928,,Available,Britain,Standard,Agency,2025-03-18,16,,,,,
929,,Available,France,Standard,Direct Sales,2025-08-19,23,2025-04-30 08:01:25,2025-07-22 15:23:21,M0,27.991,
930,,Available,France,Standard,Direct Sales,2025-04-07,23,2025-04-07 10:02:00,,M0,,
931,,Available,France,Standard,Direct Sales,2025-04-03,23,2025-04-03 12:57:00,,M0,,
932,,Available,Slovenia,Standard,Agency,2026-02-19,21,2025-04-30 08:01:22,2025-08-26 13:28:04,M0,186.116,
933,,Available,France,Standard,Direct Sales,2025-03-19,23,,,,,
934,,Reserved,Britain,Standard,Agency,2026-02-08,19,2025-04-21 09:51:39,,M0,,
935,,Reserved,Britain,Standard,Agency,2025-12-29,19,2025-04-21 09:51:39,,M0,,
936,,Reserved,Britain,Standard,Agency,2025-11-27,19,2025-04-21 09:51:40,,M0,,
937,,Reserved,Britain,Standard,Agency,2025-08-01,19,2025-04-21 09:51:42,,M0,,
938,,Available,Britain,Standard,Agency,2026-01-15,15,2025-04-30 08:01:16,2025-11-10 10:10:56,M0,65.156,18.87
939,,Available,France,Standard,Direct Sales,2025-04-07,23,2025-04-07 09:12:01,,M0,,
940,,Available,France,Demo,Direct Sales,2025-05-29,23,2025-04-14 13:56:31,,M0,,
941,,Available,Belgium,Standard,Agency,2025-10-02,26,2025-04-30 08:00:34,2025-08-28 14:29:27,M0,34.909,
942,,Available,Netherlands,Standard,Direct Sales,2025-04-18,23,2025-04-09 10:52:42,,M0,,
943,,Available,Britain,Standard,Agency,2026-02-24,15,2025-04-30 08:00:33,2025-11-10 10:12:38,M0,105.929,18.871
944,,Available,Denmark,Standard,Agency,2025-10-10,17,2025-04-30 08:00:32,,M0,,
945,,Available,Slovenia,Standard,Agency,2025-12-15,21,2025-04-30 08:00:47,2025-10-01 09:08:33,M0,75.307,25.791
946,,Reserved,Britain,Standard,Agency,2025-08-11,5,2025-04-30 08:00:33,2025-07-03 08:36:13,M0,67.973,
947,,Available,France,Standard,Direct Sales,2025-08-20,23,2025-04-30 08:00:52,2025-07-30 07:41:39,M0,21.228,
948,,Available,Britain,Standard,Agency,2026-01-22,15,2025-04-30 08:00:45,2025-11-03 15:01:04,M0,80.045,
949,,Available,France,Standard,Direct Sales,2025-12-17,23,2025-04-30 08:00:36,2025-10-24 15:34:13,M0,54.052,
950,,Available,Denmark,Standard,Agency,2026-01-12,22,2025-04-30 08:00:37,2025-10-30 11:53:30,M0,74.942,7.918
951,,Available,Britain,Standard,Agency,2025-09-04,9,2025-04-08 15:11:00,,M0,,
952,,Reserved,Denmark,Standard,Agency,2025-09-03,22,2025-04-30 08:00:51,2025-07-16 18:36:00,M0,48.793,
953,,Available,Denmark,Standard,Agency,2026-03-09,18,2025-04-30 08:00:50,2025-10-30 11:53:31,M0,129.89,7.918
954,,Reserved,Denmark,Standard,Agency,2026-02-13,17,2025-04-30 08:00:50,,M0,,
955,,Available,Netherlands,Standard,Direct Sales,2025-11-10,23,2025-04-30 08:01:04,2025-10-16 11:37:18,M0,25.022,
956,,Available,Britain,Standard,Agency,2026-01-22,15,2025-04-30 08:01:04,2025-11-10 10:10:57,M0,73.099,18.87
957,,Reserved,Britain,Standard,Agency,2025-10-21,19,2025-04-08 14:50:20,2025-09-08 08:14:18,M0,43.113,
958,,Available,Denmark,Standard,Agency,2026-02-13,17,2025-04-08 14:50:13,2025-11-03 16:38:35,M0,101.764,12.116
959,,Available,France,Standard,Direct Sales,2025-11-07,23,2025-04-08 14:50:07,2025-10-24 13:35:22,M0,13.929,
960,,Available,France,Standard,Direct Sales,2025-10-10,23,2025-04-08 14:57:19,2025-08-18 15:56:00,M0,52.884,
961,,Available,France,Standard,Direct Sales,2025-11-28,23,2025-04-08 14:57:11,2025-08-18 15:55:58,M0,101.896,
962,,Available,France,Standard,Direct Sales,2025-10-22,23,2025-04-08 14:57:18,2025-09-11 11:12:21,M0,41.118,
963,,Available,France,Standard,Direct Sales,2025-11-07,23,2025-04-08 14:57:02,2025-10-08 13:23:12,M0,29.896,
964,,Available,Britain,Standard,Agency,2026-02-26,15,2025-04-08 14:57:06,2025-11-03 15:01:05,M0,114.756,
965,2025-03-28,Available,Denmark,Standard,Agency,2025-09-19,22,2025-07-07 11:39:18,2025-07-14 10:38:59,M0,67.16,
966,2025-03-28,Available,Denmark,Standard,Agency,2026-03-09,18,2025-07-07 11:39:22,2025-11-03 16:38:52,M0,125.684,12.116
967,2025-03-28,Available,Denmark,Standard,Agency,2026-03-06,18,2025-07-07 11:37:03,2025-11-03 16:38:30,M0,123.032,12.116
968,2025-03-28,Available,Denmark,Standard,Agency,2025-12-26,22,2025-07-07 11:37:00,2025-10-30 11:53:21,M0,56.937,7.918
969,2025-03-28,Available,Denmark,Standard,Agency,2025-11-04,18,2025-07-07 11:38:24,2025-08-07 11:09:42,M0,88.961,
970,2025-05-02,Available,Denmark,Standard,Agency,2026-03-09,18,2025-08-04 07:38:08,2025-11-03 16:38:31,M1,125.696,12.116
971,2025-05-02,Available,Denmark,Standard,Agency,2026-01-29,18,2025-08-04 07:38:13,2025-10-30 11:53:36,M1,90.958,7.918
972,2025-05-02,Available,Denmark,Standard,Agency,2026-03-09,18,2025-08-04 07:38:14,2025-10-30 11:53:28,M1,129.884,7.918
973,2025-06-02,Available,Belgium,Standard,Agency,2026-03-19,2,2025-10-15 11:52:24,2026-01-20 11:12:00,M1,58.185,172.814
974,2025-06-26,Available,Netherlands,Standard,Direct Sales,2025-11-07,23,2025-10-15 11:52:05,2025-10-16 11:36:51,M1,21.925,52.162
975,2025-06-26,Available,Netherlands,Standard,Direct Sales,2025-11-06,23,2025-10-15 11:53:12,2025-10-16 11:37:08,M1,20.939,52.163
976,2025-06-26,Available,Netherlands,Standard,Direct Sales,2025-11-07,23,2025-10-15 11:55:19,2025-10-16 11:37:05,M1,21.934,52.163
977,2025-06-26,Available,Netherlands,Standard,Direct Sales,2025-11-13,23,2025-10-15 11:54:25,2025-10-16 11:36:48,M1,28.23,52.162
978,2025-11-05,Available,Britain,Standard,Agency,2026-03-23,9,,2026-03-02 09:19:44,M2,21.015,107.984
979,2025-11-05,Available,Britain,Standard,Agency,2026-04-07,15,,2026-03-02 09:19:54,M2,34.979,107.984
980,2025-11-05,Available,Britain,Standard,Agency,2026-04-06,9,,2026-03-02 09:19:50,M2,35.004,94.96
981,2025-11-05,Available,Belgium,Business,Agency,2026-03-06,12,2026-03-02 09:21:50,2026-03-02 14:48:00,M2,3.984,91.302
982,2025-11-05,Available,Britain,Standard,Agency,2026-04-16,19,2026-03-02 09:19:39,2026-03-02 09:19:55,M2,44.972,62.038
983,2025-11-05,Available,Britain,Standard,Agency,2026-04-06,16,,2026-03-02 09:19:43,M2,34.946,60.003
984,2025-11-05,Available,Belgium,Standard,Agency,2026-03-26,26,2026-03-02 09:20:30,2026-03-02 15:28:10,M2,24.001,60.259
985,2025-11-05,Available,Britain,Standard,Agency,2026-04-08,16,,2026-03-02 09:19:40,M2,36.995,60.003
986,2025-11-05,Available,Britain,Standard,Agency,2026-04-09,3,2026-03-02 09:19:39,2026-03-02 09:19:48,M2,38.043,59.99
987,,Reserved,Britain,Standard,Agency,2025-09-09,9,2025-09-09 09:36:01,,M1,,
988,,Reserved,Britain,Standard,Direct Sales,2025-02-03,9,,,,,
989,,Reserved,Denmark,Standard,Agency,2026-01-11,22,2025-08-15 11:44:00,,M1,,
990,,Reserved,Britain,Standard,Agency,2025-08-11,16,2025-09-05 10:31:00,,M1,,
991,,Reserved,Britain,Standard,Agency,2025-01-15,9,,,,,
992,,Reserved,Denmark,Business,Agency,2025-05-21,17,2025-05-05 11:52:42,,M0,,
993,,Available,Britain,Standard,Agency,2025-06-06,16,2025-06-09 14:32:00,,M0,,
994,,Reserved,Britain,Business,Agency,2025-10-04,16,2025-06-30 18:35:02,,M0,,
995,,Reserved,Britain,Standard,Agency,2025-07-09,16,2025-06-30 18:35:01,,M0,,
996,,Reserved,Britain,Standard,Agency,2025-09-12,16,2025-06-30 13:26:16,,M0,,
997,,Reserved,Britain,Standard,Agency,2025-10-22,16,2025-06-30 18:35:02,,M0,,
998,,Reserved,Britain,Standard,Agency,2025-10-17,16,2025-06-30 18:35:01,,M0,,
999,,Available,Britain,Standard,Agency,2025-03-14,16,,,,,
1000,,Available,Britain,Standard,Direct Sales,2025-04-22,9,2025-04-22 11:42:53,,M0,,
1001,,Available,Britain,Standard,Agency,2025-06-27,16,2025-06-27 12:31:01,,M0,,
1002,,Available,Netherlands,Standard,Direct Sales,2025-04-03,23,2025-04-03 12:05:02,,M0,,
1003,,Available,Britain,Standard,Direct Sales,2025-03-06,9,,,,,
1004,,Available,Britain,Standard,Agency,2025-04-24,16,2025-04-24 12:44:53,,M0,,
1005,,Available,Britain,Standard,Agency,2025-04-09,16,2025-04-09 09:24:56,,M0,,
1006,,Available,Britain,Standard,Agency,2025-12-01,16,2025-04-30 08:01:25,2025-11-10 10:15:39,M0,20.93,
1007,,Available,Britain,Standard,Agency,2025-04-08,9,2025-04-08 14:35:08,,M0,,
1008,,Available,Britain,Standard,Agency,2025-12-01,15,2025-04-30 08:01:23,2025-11-10 10:10:58,M0,21.022,18.87
1009,,Available,Britain,Standard,Agency,2025-12-22,15,2025-10-28 10:07:00,,M1,,
1010,,Available,France,Standard,Direct Sales,2025-04-08,23,2025-04-08 12:13:00,,M0,,
1011,,Available,Britain,Standard,Agency,2025-09-17,9,2025-04-09 14:26:52,,M0,,
1012,,Reserved,Britain,Standard,Agency,2025-12-13,19,2025-04-21 09:51:40,,M0,,
1013,,Reserved,Britain,Standard,Agency,2025-10-24,19,2025-04-21 09:51:41,,M0,,
1014,,Reserved,Britain,Standard,Agency,2025-09-24,5,2025-04-30 08:00:34,2025-07-03 08:36:14,M0,97.076,
1015,,Reserved,Britain,Standard,Agency,2025-06-19,16,2025-04-08 15:10:59,,M0,,
1016,,Available,Denmark,Business,Agency,2026-03-10,17,2025-04-30 08:00:52,2025-11-03 16:38:39,M0,126.96,12.116
1017,,Available,France,Standard,Direct Sales,2025-04-08,23,2025-04-08 08:19:00,,M0,,
1018,,Reserved,Denmark,Standard,Agency,2025-10-15,17,2025-04-30 08:00:45,,M0,,
1019,,Available,Denmark,Standard,Agency,2026-03-09,18,2025-04-30 08:00:45,2025-10-30 11:53:31,M0,129.888,7.918
1020,,Available,Denmark,Standard,Agency,2026-03-09,18,2025-04-30 08:00:46,2025-10-30 11:53:35,M0,129.883,7.918
1021,,Available,Denmark,Business,Agency,2026-03-10,17,2025-04-30 08:00:44,2025-10-30 11:53:28,M0,131.074,7.918
1022,,Available,Denmark,Standard,Agency,2026-01-30,17,2025-04-30 08:00:44,2025-11-03 16:38:45,M0,87.879,12.116
1023,,Available,Denmark,Business,Agency,2026-03-10,17,2025-04-30 08:00:52,2025-11-03 16:38:36,M0,126.933,19.986
1024,,Available,France,Standard,Direct Sales,2025-10-10,23,2025-04-30 08:01:08,2025-09-15 14:56:13,M0,25.038,
1025,,Available,Britain,Standard,Agency,2025-12-08,9,2025-04-30 08:01:04,2025-11-10 10:14:08,M0,28.117,18.872
1026,,Available,Belgium,Business,Agency,2025-12-23,26,2025-04-30 08:01:10,2025-10-03 11:23:57,M0,81.122,
1027,,Available,Belgium,Standard,Agency,2026-01-31,26,2025-04-30 08:01:06,2025-10-03 11:23:59,M0,119.122,
1028,,Available,Britain,Standard,Agency,2025-11-28,9,2025-04-30 08:01:06,2025-11-10 10:15:38,M0,18.095,18.873
1029,,Available,Netherlands,Standard,Direct Sales,2025-11-03,23,2025-04-08 14:57:08,2025-10-08 13:23:13,M0,25.932,
1030,,Available,Netherlands,Standard,Direct Sales,2025-09-22,23,2025-04-08 14:54:21,2025-09-10 13:00:47,M0,12.102,
1031,,Available,Netherlands,Standard,Direct Sales,2025-09-09,23,2025-04-08 14:54:13,2025-08-06 14:49:24,M0,33.798,
1032,,Available,Denmark,Standard,Agency,2026-03-10,17,2025-04-08 14:51:14,2025-10-30 11:53:33,M0,126.985,7.918
1033,,Available,Britain,Standard,Agency,2026-01-15,15,2025-04-08 14:57:10,2025-11-10 10:10:58,M0,65.163,18.87
1034,,Available,Denmark,Standard,Agency,2026-02-24,17,2025-04-08 14:56:07,2025-10-30 11:53:24,M0,117.161,7.918
1035,,Available,France,Standard,Direct Sales,2025-10-20,23,2025-04-08 14:54:14,2025-09-12 12:46:57,M0,37.962,
1036,,Available,France,Standard,Direct Sales,2026-02-06,23,2025-04-08 14:54:19,2025-09-26 08:25:36,M0,133.273,
1037,,Available,Denmark,Standard,Agency,2025-11-28,17,2025-04-08 14:54:21,2025-11-03 16:38:40,M0,27.71,12.116
1038,,Available,Netherlands,Standard,Direct Sales,2025-04-28,23,2025-04-08 14:57:08,,M0,,
1039,,Available,Netherlands,Standard,Direct Sales,2025-09-25,23,2025-04-08 14:57:14,2025-09-17 11:56:21,M0,8.187,
1040,2025-03-28,Available,Denmark,Standard,Agency,2026-03-09,18,2025-07-07 11:37:15,2025-08-07 11:09:43,M0,213.91,
1041,2025-03-28,Available,Denmark,Standard,Agency,2026-01-22,17,2025-07-07 11:39:16,2025-10-30 11:53:31,M0,84.001,7.918
1042,2025-03-28,Available,Denmark,Standard,Agency,2026-02-08,17,2025-07-07 11:37:23,2025-11-03 16:38:43,M0,127.008,12.116
1043,2025-05-02,Available,Denmark,Service,Agency,2026-03-10,17,2025-08-04 07:38:10,2025-11-03 16:38:32,M1,126.874,12.116
1044,2025-05-02,Available,Denmark,Service,Agency,2026-03-10,17,2025-08-04 07:38:11,2025-10-30 11:53:36,M1,131.074,7.918
1045,2025-05-02,Available,France,Business,Direct Sales,2026-04-16,27,2025-08-04 07:38:03,2026-01-29 14:45:37,M1,,98.207
1046,2025-06-02,Available,Belgium,Standard,Agency,2026-03-10,20,2025-10-07 13:52:04,2025-10-29 16:23:00,M1,131.838,90.03
1047,2025-06-02,Available,Netherlands,Standard,Direct Sales,2025-11-07,23,2025-10-15 11:54:23,2025-10-17 16:27:13,M1,21.01,78.033
1048,2025-06-26,Available,Spain,Business,Agency,2026-03-09,8,2025-10-15 11:54:21,2026-02-03 09:17:38,M1,34.318,162.066
1049,2025-06-26,Available,Netherlands,Standard,Direct Sales,2025-11-05,23,2025-10-15 11:52:08,2025-10-16 11:36:52,M1,20.252,52.162
1050,2025-06-26,Available,Netherlands,Standard,Direct Sales,2025-11-07,23,2025-10-15 11:56:20,2025-10-16 11:37:24,M1,22.155,52.163
1051,2025-06-26,Available,Britain,Standard,Agency,2025-11-20,16,2025-10-15 11:55:11,2025-11-03 10:30:31,M1,16.18,70.116
1052,2025-10-07,Available,France,Standard,Direct Sales,2026-03-02,23,2026-01-06 17:21:14,2026-01-07 12:01:33,M1,53.961,65.121
1053,2025-11-05,Available,Belgium,Standard,Agency,2026-03-10,20,2026-03-02 09:21:45,2026-03-02 14:48:08,M2,7.921,108.212
1054,2025-11-05,Available,Belgium,Standard,Agency,2026-04-09,20,2026-03-02 09:21:09,2026-03-02 14:48:13,M2,37.237,108.068
1055,2025-11-05,Available,Belgium,Standard,Agency,2026-03-20,20,2026-03-02 09:21:17,2026-03-02 14:48:12,M2,17.849,105.239
1056,2025-11-05,Available,Belgium,Standard,Agency,2026-03-24,20,2026-03-02 09:21:09,2026-03-02 11:38:30,M2,21.143,105.107
1057,2025-11-05,Available,France,Standard,Direct Sales,2026-03-25,23,2026-03-02 09:19:40,2026-03-11 10:21:40,M2,13.983,114.054
1058,2025-11-05,Available,France,Standard,Direct Sales,2026-04-15,23,2026-03-02 09:20:09,2026-03-11 10:21:37,M2,35.146,104.916
1059,2025-11-05,Available,Belgium,Standard,Agency,2026-03-14,20,2026-03-02 09:21:23,2026-03-02 14:48:00,M2,11.003,95.187
1060,2025-11-05,Available,Britain,Business,Agency,2026-03-31,15,,2026-03-02 09:19:51,M2,28.915,94.96
1061,2025-11-05,Available,France,Standard,Direct Sales,2026-03-26,23,2026-03-02 09:21:09,2026-03-11 10:21:33,M2,14.977,100.117
1062,2025-10-07,Available,Britain,Standard,Agency,2026-03-31,3,2026-02-18 14:52:08,2026-03-02 09:19:45,M2,29.004,67.002
1063,2025-10-07,Available,Britain,Standard,Agency,2026-04-15,9,2026-02-18 14:52:09,2026-03-12 09:50:15,M2,32.903,76.978
1064,2025-11-05,Available,Britain,Standard,Agency,2026-04-09,4,,2026-03-02 09:19:50,M2,37.906,60.003
1065,2025-11-05,Available,Belgium,Business,Agency,2026-04-03,26,2026-03-02 09:20:28,2026-03-02 15:28:09,M2,31.713,60.259
1066,,Reserved,Britain,Standard,Direct Sales,2025-04-02,19,2025-04-02 15:38:29,,M0,,
1067,,Reserved,Britain,Standard,Direct Sales,2025-04-02,19,2025-04-02 15:27:31,,M0,,
1068,,Reserved,Britain,Standard,Agency,2025-12-18,9,2025-11-03 17:29:01,,M1,,
1069,,Reserved,Britain,Business,Agency,2025-10-11,4,2025-10-10 14:31:05,,M1,,
1070,,Available,Belgium,Business,Agency,2026-03-03,1,,2025-07-07 09:54:07,M0,239.083,
1071,,Reserved,Britain,Standard,Agency,2025-07-01,16,2025-04-08 15:11:03,,M0,,
1072,,Available,Switzerland,Standard,Agency,2025-09-11,11,2025-06-05 09:44:11,2025-06-26 09:08:47,M0,77.098,
1073,,Available,Britain,Standard,Agency,2025-12-11,5,,2025-07-22 09:40:49,M0,163.214,
1074,,Available,France,Standard,Direct Sales,2025-05-12,23,2025-05-12 09:00:01,,M0,,
1075,,Available,Britain,Standard,Agency,2025-10-09,9,2025-10-09 19:01:00,,M1,,
1076,,Available,Britain,Standard,Agency,2025-05-23,9,2025-05-23 11:20:01,,M0,,
1077,,Available,Britain,Standard,Agency,2025-08-30,9,2025-08-30 08:59:00,,M1,,
1078,,Available,Netherlands,Standard,Direct Sales,2025-09-03,23,2025-04-30 08:01:26,2025-08-26 13:28:05,M0,8.096,
1079,,Available,Britain,Standard,Agency,2025-09-09,9,2025-09-09 12:03:00,,M1,,
1080,,Available,Britain,Standard,Agency,2025-06-13,9,2025-06-13 13:10:01,,M0,,
1081,,Available,Britain,Standard,Direct Sales,2025-09-12,9,2025-09-12 12:14:00,,M1,,
1082,,Available,Britain,Standard,Direct Sales,2025-05-16,9,2025-05-28 12:16:00,,M0,,
1083,,Available,Belgium,Business,Agency,2026-03-02,12,,2025-07-22 09:40:50,M0,223.018,
1084,,Available,Netherlands,Standard,Direct Sales,2025-07-10,23,2025-04-30 08:01:23,2025-07-02 08:12:08,M0,,
1085,,Available,Netherlands,Standard,Direct Sales,2025-03-11,23,,,,,
1086,,Available,Denmark,Standard,Agency,2026-03-09,18,2025-04-30 08:01:22,2025-11-03 16:38:45,M0,125.706,12.116
1087,,Available,Britain,Standard,Agency,2025-10-28,9,2025-10-28 16:23:00,,M1,,
1088,,Available,Britain,Standard,Agency,2025-03-25,19,,,,,
1089,,Reserved,Britain,Standard,Agency,2025-11-28,19,2025-04-21 09:51:39,,M0,,
1090,,Available,Britain,Standard,Agency,2026-03-06,9,2025-04-08 15:11:02,,M0,,
1091,,Reserved,Britain,Standard,Agency,2025-07-25,19,2025-04-21 09:51:43,,M0,,
1092,,Available,Netherlands,Standard,Direct Sales,2025-03-14,23,,,,,
1093,,Available,Britain,Standard,Agency,2025-11-20,19,2025-04-30 08:01:15,2025-11-10 10:14:06,M0,10.04,18.872
1094,,Available,Britain,Standard,Agency,2025-12-02,19,2025-04-30 08:01:16,2025-11-10 10:14:05,M0,22.133,18.872
1095,,Available,Britain,Standard,Agency,2026-02-04,9,2025-04-30 08:01:15,2025-11-10 10:14:07,M0,86.216,18.872
1096,,Available,Britain,Standard,Agency,2025-12-08,9,2025-04-30 08:01:13,2025-11-10 10:14:07,M0,28.251,18.872
1097,,Available,Denmark,Business,Agency,2025-07-18,22,2025-04-30 08:01:19,2025-07-10 12:31:03,M0,14.822,
1098,,Available,Belgium,Standard,Agency,2025-11-07,26,2025-04-30 08:00:36,2025-10-03 11:23:54,M0,35.176,3.039
1099,,Available,Belgium,Business,Agency,2025-10-02,20,2025-04-30 08:00:35,2025-08-28 14:29:28,M0,34.83,
1100,,Reserved,Britain,Business,Agency,2025-12-01,5,2025-04-30 08:00:39,2025-09-30 08:54:51,M0,63.299,
1101,,Reserved,Britain,Standard,Agency,2025-10-22,5,2025-04-30 08:00:41,2025-09-30 08:55:04,M0,22.16,
1102,,Available,Denmark,Standard,Agency,2025-11-18,17,2025-04-30 08:00:51,2025-11-03 16:38:50,M0,14.795,12.116
1103,,Available,France,Standard,Direct Sales,2025-11-25,23,2025-04-30 08:00:46,2025-10-29 10:48:26,M0,27.164,
1104,,Available,Denmark,Standard,Agency,2025-06-02,18,2025-04-30 08:00:48,,M0,,
1105,,Available,Britain,Standard,Agency,2026-02-18,9,2025-04-30 08:00:36,2025-11-17 11:40:54,M0,93.086,
1106,,Available,Denmark,Standard,Agency,2025-08-08,18,2025-04-30 08:00:45,,M0,,
1107,,Available,Belgium,Service,Agency,2025-10-15,26,2025-04-30 08:00:53,2025-08-28 14:29:31,M0,47.092,2.236
1108,,Reserved,Britain,Standard,Agency,2025-12-01,4,2025-04-30 08:01:07,2025-10-07 08:39:37,M0,61.927,14.818
1109,,Reserved,Britain,Standard,Agency,2026-01-27,9,2025-04-30 08:01:03,2025-10-07 08:39:39,M0,112.314,
1110,,Available,Britain,Standard,Agency,2026-02-12,16,2025-04-30 08:00:58,2025-11-10 10:12:40,M0,93.916,18.871
1111,,Available,Britain,Standard,Agency,2025-12-02,9,2025-04-30 08:01:12,2025-11-10 10:14:08,M0,22.111,18.872
1112,,Available,Denmark,Standard,Agency,2025-10-27,22,2025-04-30 08:01:09,2025-10-07 11:56:50,M0,20.023,6.907
1113,,Available,Denmark,Standard,Agency,2026-02-13,17,2025-04-30 08:01:11,2025-10-07 11:56:52,M0,129.054,
1114,,Available,Britain,Standard,Agency,2025-11-25,15,2025-04-30 08:01:09,2025-11-03 15:01:06,M0,21.965,
1115,,Available,Britain,Standard,Agency,2025-11-17,15,2025-04-30 08:01:09,2025-11-03 15:01:05,M0,14.01,
1116,,Reserved,Britain,Standard,Agency,2025-07-10,5,2025-04-08 14:55:17,,M0,,
1117,,Available,France,Standard,Direct Sales,2025-08-08,23,2025-04-08 14:57:05,2025-07-22 12:59:35,M0,17.186,
1118,,Available,France,Standard,Direct Sales,2025-12-23,23,2025-04-08 14:55:15,2025-10-30 11:53:33,M0,54.001,
1119,,Available,Britain,Standard,Agency,2025-11-29,9,2025-04-08 14:52:20,2025-11-04 11:52:06,M0,25.024,
1120,,Available,France,Standard,Direct Sales,2025-08-28,23,2025-04-08 14:52:17,,M0,,
1121,,Available,France,Standard,Direct Sales,2026-01-12,23,2025-04-08 14:52:23,2025-10-29 09:20:30,M0,75.224,
1122,,Available,France,Standard,Direct Sales,2025-11-24,23,2025-04-08 14:52:04,2025-10-29 16:23:03,M0,25.899,
1123,2025-03-28,Available,France,Standard,Direct Sales,2025-11-20,27,2025-07-07 11:38:01,2025-10-29 09:20:31,M0,22.215,5.982
1124,2025-05-02,Available,France,Business,Direct Sales,2026-03-31,27,2025-08-04 07:38:11,2025-09-26 08:25:32,M1,186.315,
1125,2025-05-02,Available,France,Standard,Direct Sales,2026-01-09,23,2025-08-04 07:36:00,2025-11-18 11:31:36,M1,51.943,24.791
1126,2025-05-02,Available,France,Standard,Direct Sales,2025-11-07,23,2025-08-04 07:38:15,2025-10-24 13:35:25,M1,13.93,
1127,2025-06-02,Available,Belgium,Standard,Agency,2026-02-16,12,2025-10-15 11:53:04,2025-12-29 09:07:27,M1,49.103,150.728
1128,2025-06-02,Available,Britain,Standard,Agency,2025-11-24,15,2025-10-07 13:52:03,2025-11-03 10:30:32,M1,21.055,94.786
1129,2025-06-26,Available,Netherlands,Standard,Direct Sales,2025-11-19,23,2025-10-15 11:53:13,2025-10-16 11:37:08,M1,34.158,52.163
1130,2025-06-26,Available,Britain,Standard,Agency,2025-11-21,16,2025-10-15 11:56:02,2025-11-10 10:15:38,M1,9.996,77.106
1131,2025-06-26,Available,Britain,Standard,Agency,2025-12-01,16,2025-10-15 11:55:02,2025-11-10 10:15:40,M1,20.92,77.106
1132,2025-10-07,Available,Netherlands,Standard,Direct Sales,2026-02-27,23,2026-01-06 17:21:18,2026-02-11 09:05:48,M1,16.209,103.004
1133,2025-11-05,Available,Slovenia,Standard,Agency,2026-04-02,21,2026-03-02 09:19:42,2026-03-04 13:47:59,M2,28.852,98.059
1134,2025-11-05,Available,Belgium,Standard,Agency,2026-04-09,20,2026-03-02 09:20:29,2026-03-02 14:48:10,M2,37.859,95.188
1135,2025-11-05,Available,Britain,Standard,Agency,2026-04-08,9,,2026-03-02 09:19:46,M2,36.229,94.96
1136,2025-11-05,Available,Belgium,Standard,Agency,2026-03-14,20,2026-03-02 09:19:42,2026-03-02 14:48:09,M2,11.748,91.302
1137,2025-11-05,Available,Britain,Standard,Agency,2026-04-03,4,2026-03-02 09:19:39,2026-03-02 09:19:50,M2,30.151,60.003
1138,2025-11-05,Available,Britain,Standard,Agency,2026-04-08,4,,2026-03-02 09:19:41,M2,36.381,60.003
1139,2025-11-05,Available,Netherlands,Standard,Direct Sales,2026-04-03,23,2026-03-02 09:20:09,2026-03-04 13:47:58,M2,29.86,62.189
1140,,Reserved,Britain,Standard,Agency,2025-08-12,15,2025-07-31 12:21:05,,M0,,
1141,,Reserved,Britain,Standard,Agency,2025-01-24,16,,,,,
1142,,Reserved,Britain,Standard,Agency,2025-01-20,19,,,,,
1143,,Reserved,Britain,Standard,Agency,2025-01-16,19,,,,,
1144,,Reserved,Britain,Business,Agency,2025-07-30,16,2025-06-06 09:04:08,,M0,,
1145,,Reserved,Britain,Standard,Agency,2025-06-02,16,2025-04-08 15:11:03,,M0,,
1146,,Reserved,Britain,Standard,Agency,2025-01-30,19,,,,,
1147,,Reserved,Britain,Standard,Agency,2025-10-09,5,,2025-07-03 08:36:14,M0,98.266,
1148,,Reserved,Britain,Business,Agency,2025-07-10,5,,2025-07-03 08:36:15,M0,5.994,
1149,,Reserved,Britain,Standard,Agency,2025-02-21,19,,,,,
1150,,Available,Britain,Standard,Agency,2025-07-21,9,2025-07-21 15:04:00,,M0,,
1151,,Available,Britain,Standard,Agency,2025-03-21,9,,,,,
1152,,Available,Britain,Standard,Direct Sales,2025-07-31,9,2025-07-31 09:45:00,,M0,,
1153,,Available,Britain,Standard,Agency,2025-04-24,9,2025-04-24 14:22:18,,M0,,
1154,,Available,Belgium,Standard,Agency,2025-12-18,26,2025-04-30 08:01:24,2025-10-03 11:23:56,M0,76.087,3.036
1155,,Available,Britain,Standard,Agency,2025-03-21,9,,,,,
1156,,Available,Netherlands,Standard,Direct Sales,2026-01-15,23,,2025-07-22 09:40:49,M0,177.183,
1157,,Available,Britain,Standard,Agency,2025-11-24,16,,2025-07-22 09:40:50,M0,122.153,
1158,,Available,Britain,Standard,Direct Sales,2026-01-02,9,2026-01-02 14:06:00,,M1,,
1159,,Available,Britain,Standard,Agency,2025-03-21,9,,,,,
1160,,Reserved,Switzerland,Business,Agency,2025-09-11,11,2025-04-30 08:01:22,2025-06-26 09:08:47,M0,77.096,
1161,,Reserved,Britain,Standard,Agency,2025-12-08,19,2025-04-21 09:51:41,,M0,,
1162,,Reserved,Britain,Standard,Agency,2025-11-27,19,2025-04-21 09:51:40,,M0,,
1163,,Available,Denmark,Standard,Agency,2026-01-22,22,2025-04-30 08:01:15,2025-10-30 11:53:29,M0,84.174,7.918
1164,,Available,Britain,Standard,Agency,2025-11-26,9,2025-04-30 08:01:19,2025-11-10 10:15:39,M0,16.126,
1165,,Available,Britain,Standard,Agency,2025-11-19,19,2025-04-30 08:00:41,2025-10-27 12:56:37,M0,22.952,
1166,,Available,Britain,Standard,Agency,2025-12-02,19,2025-04-30 08:00:54,2025-11-10 10:14:08,M0,22.052,18.872
1167,,Available,Denmark,Standard,Agency,2025-10-31,22,2025-04-30 08:00:34,2025-07-16 18:36:02,M0,106.767,
1168,,Reserved,Britain,Standard,Agency,2025-11-24,9,2025-04-30 08:00:43,2025-10-07 08:39:37,M0,48.3,
1169,,Reserved,Britain,Standard,Agency,2025-06-09,16,2025-04-08 15:11:02,,M0,,
1170,,Reserved,Britain,Standard,Agency,2025-09-10,19,2025-04-30 08:00:33,2025-09-01 15:14:03,M0,8.677,
1171,,Available,Britain,Standard,Agency,2025-09-23,9,2025-04-08 15:10:59,,M0,,
1172,,Reserved,Britain,Standard,Agency,2025-11-14,15,2025-04-08 15:11:01,,M0,,
1173,,Available,Denmark,Service,Agency,2026-03-10,17,2025-04-30 08:01:00,2025-10-30 11:53:28,M0,131.081,7.918
1174,,Available,Switzerland,Standard,Agency,2025-11-12,11,2025-04-30 08:00:59,2025-10-23 13:46:00,M0,19.762,24.024
1175,,Available,Britain,Standard,Agency,2026-03-04,5,2025-04-30 08:01:02,2025-11-10 10:10:56,M0,114.183,18.87
1176,,Available,Britain,Standard,Agency,2025-11-24,9,2025-04-30 08:01:02,2025-11-03 10:30:31,M0,28.139,
1177,,Available,Britain,Standard,Agency,2025-12-12,9,2025-04-30 08:01:06,2025-11-10 10:15:40,M0,32.153,18.873
1178,,Available,Britain,Standard,Agency,2025-11-28,9,2025-04-30 08:01:09,2025-11-10 10:15:40,M0,18.296,18.873
1179,,Available,Belgium,Standard,Agency,2025-09-17,20,2025-04-08 14:53:11,2025-07-31 13:35:42,M0,48.021,
1180,,Available,France,Standard,Direct Sales,2025-11-27,23,2025-04-08 14:51:05,2025-09-11 11:12:25,M0,77.105,
1181,,Available,Netherlands,Standard,Direct Sales,2025-10-20,23,2025-04-08 14:51:10,2025-10-03 11:28:22,M0,17.021,
1182,,Available,France,Standard,Direct Sales,2025-07-28,23,2025-04-08 14:53:12,,M0,,
1183,,Available,Britain,Standard,Agency,2025-12-02,19,2025-04-08 14:53:18,2025-11-17 11:40:55,M0,14.92,
1184,,Available,Britain,Standard,Agency,2025-12-25,9,2025-04-08 14:50:08,2025-11-17 11:40:53,M0,38.096,
1185,,Available,Denmark,Standard,Agency,2026-02-06,17,2025-04-08 14:50:16,2025-11-03 16:38:37,M0,94.896,12.116
1186,2025-03-28,Available,France,Standard,Direct Sales,2026-01-12,23,2025-07-07 11:39:13,2025-11-20 16:13:59,M0,52.816,26.987
1187,2025-03-28,Available,France,Standard,Direct Sales,2026-01-16,27,2025-07-07 11:37:11,2025-10-29 09:20:31,M0,79.355,5.982
1188,2025-03-28,Available,Britain,Standard,Agency,2026-01-03,9,2025-07-07 11:38:17,2025-11-17 11:40:51,M0,47.122,
1189,2025-03-28,Available,France,Standard,Direct Sales,2026-03-10,23,2025-07-07 11:38:12,2026-01-02 13:33:40,M0,67.068,69.876
1190,2025-05-02,Available,Belgium,Standard,Agency,2025-12-19,26,2025-08-04 07:38:09,2025-11-18 11:31:38,M1,30.902,24.791
1191,2025-06-02,Available,Netherlands,Standard,Direct Sales,2026-01-30,23,,2025-10-07 11:56:50,M1,115.206,67.845
1192,2025-06-02,Available,Belgium,Standard,Agency,2025-11-24,26,2025-10-15 11:53:21,2025-10-16 11:37:17,M1,38.951,76.832
1193,2025-06-02,Available,Netherlands,Standard,Direct Sales,2026-03-13,24,2025-10-07 13:52:01,2025-10-31 13:11:29,M1,132.842,91.031
1194,2025-06-26,Available,Netherlands,Standard,Direct Sales,2025-11-24,23,2025-10-15 11:54:04,2025-10-29 16:22:59,M1,25.714,65.361
1195,2025-06-26,Available,Netherlands,Standard,Direct Sales,2026-02-12,23,2025-10-15 11:54:07,2025-11-04 16:21:15,M1,99.755,71.36
1196,2025-06-26,Available,Netherlands,Standard,Direct Sales,2025-12-02,23,2025-10-15 11:55:20,2025-10-24 13:35:25,M1,39.003,60.245
1197,2025-10-07,Available,Netherlands,Standard,Direct Sales,2026-02-03,23,2026-01-06 17:21:04,2026-01-07 12:01:32,M1,27.314,70.122
1198,2025-10-07,Available,France,Standard,Direct Sales,2026-03-17,23,2026-01-06 17:21:09,2026-01-07 12:01:46,M1,68.875,68.126
1199,2025-11-05,Reserved,Britain,Standard,Agency,2026-04-09,16,,2026-03-02 09:19:46,M2,37.022,94.96
1200,2025-11-05,Available,France,Standard,Direct Sales,2026-04-03,23,2026-03-02 09:21:50,2026-03-11 10:21:22,M2,23.112,100.117
1201,2025-10-07,Available,Britain,Business,Agency,2026-03-31,6,2026-02-18 14:52:15,2026-03-12 09:50:14,M2,19.248,77.023
1202,2025-11-05,Available,Britain,Standard,Agency,2026-04-17,19,,2026-03-02 09:19:42,M2,46.104,66.957
1203,2025-11-05,Available,Britain,Standard,Agency,2026-04-01,15,,2026-03-02 09:19:41,M2,29.028,62.038
1204,2025-11-05,Available,Britain,Standard,Agency,2026-04-02,9,,2026-03-02 09:19:48,M2,31.212,60.003
1205,2025-11-05,Available,Belgium,Standard,Agency,2026-04-14,20,,2026-03-19 13:11:33,M2,25.763,77.164
1206,2025-11-05,Available,Britain,Standard,Agency,2026-04-03,3,,2026-03-02 09:19:51,M2,31.08,60.003
1207,2025-11-05,Available,Britain,Standard,Agency,2026-04-14,9,,2026-03-02 09:19:54,M2,43.191,59.99
1208,,Reserved,Britain,Standard,Agency,2025-03-20,16,,,,,
1209,,Available,Britain,Standard,Agency,2026-01-10,15,2025-05-29 14:49:44,,M0,,
1210,,Reserved,Britain,Standard,Agency,2025-01-27,16,,,,,
1211,,Reserved,Britain,Standard,Agency,2025-02-21,9,,,,,
1212,,Available,Britain,Standard,Agency,2025-10-16,19,2025-04-08 15:11:03,,M0,,
1213,,Reserved,Britain,Standard,Agency,2025-03-04,19,,,,,
1214,,Reserved,Britain,Standard,Agency,2025-02-28,19,,,,,
1215,,Available,Britain,Standard,Agency,2025-06-05,16,2025-04-08 15:11:02,,M0,,
1216,,Available,Britain,Standard,Agency,2025-01-28,16,,,,,
1217,,Available,Britain,Standard,Agency,2025-04-15,9,2025-04-15 11:12:15,,M0,,
1218,,Available,Britain,Standard,Agency,2025-06-27,9,2025-06-27 10:49:00,,M0,,
1219,,Reserved,Britain,Standard,Agency,2025-10-29,16,2025-06-06 09:04:07,,M0,,
1220,,Available,Britain,Standard,Agency,2025-12-01,5,,2025-07-22 09:40:52,M0,132.106,
1221,,Available,Britain,Standard,Agency,2025-07-17,9,2025-07-17 17:11:00,,M0,,
1222,,Reserved,Britain,Standard,Agency,2025-10-16,16,2025-06-05 08:22:34,,M0,,
1223,,Reserved,Britain,Standard,Agency,2025-12-01,16,2025-06-05 08:22:34,,M0,,
1224,,Reserved,Britain,Standard,Agency,2025-08-01,16,2025-06-06 09:04:08,,M0,,
1225,,Available,Britain,Standard,Agency,2026-02-12,5,2025-04-30 08:01:26,2025-11-10 10:10:55,M0,115.021,18.87
1226,,Available,Belgium,Business,Agency,2025-12-08,20,2025-04-30 08:01:25,2025-11-18 11:31:40,M0,19.995,41.804
1227,,Available,Britain,Standard,Direct Sales,2025-10-23,9,2025-10-23 17:18:00,,M1,,
1228,,Available,France,Standard,Direct Sales,2025-05-28,23,2025-04-30 08:01:19,,M0,,
1229,,Reserved,Britain,Standard,Agency,2026-02-08,19,2025-04-21 09:51:39,,M0,,
1230,,Available,France,Standard,Direct Sales,2025-03-26,23,,,,,
1231,,Reserved,Belgium,Standard,Agency,2026-02-02,26,2025-04-30 08:01:17,,M0,,
1232,,Reserved,Britain,Standard,Agency,2025-09-08,19,2025-04-21 09:51:38,,M0,,
1233,,Available,Denmark,Standard,Agency,2026-03-06,17,2025-04-30 08:01:15,2025-10-30 11:53:34,M0,127.109,7.918
1234,,Available,Denmark,Service,Agency,2026-03-10,17,2025-04-30 08:01:16,2025-10-30 11:53:24,M0,131.078,7.918
1235,,Available,France,Standard,Direct Sales,2025-04-16,23,2025-04-16 13:55:00,,M0,,
1236,,Available,France,Standard,Direct Sales,2025-08-18,23,2025-04-30 08:01:13,2025-07-18 14:50:53,M0,30.736,
1237,,Available,Denmark,Standard,Agency,2026-01-20,17,2025-04-30 08:00:38,2025-10-30 11:53:32,M0,81.987,7.918
1238,,Available,Denmark,Standard,Agency,2026-03-10,22,2025-04-30 08:01:14,2025-11-03 16:38:53,M0,126.894,12.116
1239,,Reserved,Britain,Standard,Agency,2025-10-09,5,2025-04-30 08:00:35,2025-07-03 08:36:15,M0,98.267,
1240,,Available,France,Business,Direct Sales,2026-04-16,23,2025-04-30 08:00:33,2025-08-13 16:46:25,M0,,
1241,,Available,Britain,Standard,Agency,2025-11-24,9,2025-04-30 08:00:51,2025-11-10 10:14:08,M0,19.084,18.872
1242,,Reserved,Britain,Standard,Agency,2025-10-24,15,2025-04-08 15:11:00,,M0,,
1243,,Available,Britain,Standard,Agency,2025-08-27,9,2025-04-08 15:11:00,,M0,,
1244,,Available,Netherlands,Standard,Direct Sales,2025-05-05,23,2025-04-29 16:22:25,,M0,,
1245,,Available,France,Standard,Direct Sales,2025-07-04,23,2025-04-30 08:00:55,,M0,,
1246,,Available,Britain,Business,Agency,2026-02-25,9,2025-04-30 08:00:56,2025-11-17 11:40:53,M0,100.189,
1247,,Available,Denmark,Standard,Agency,2025-11-13,17,2025-04-30 08:01:04,2025-10-07 11:56:53,M0,37.033,
1248,,Available,Belgium,Business,Agency,2025-10-15,26,2025-04-30 08:01:03,2025-10-03 11:28:20,M0,11.23,2.861
1249,,Available,Netherlands,Standard,Direct Sales,2025-04-17,23,2025-04-09 10:52:42,,M0,,
1250,,Available,Britain,Standard,Agency,2026-01-22,15,2025-04-30 08:01:11,2025-11-10 10:12:39,M0,72.189,18.871
1251,,Available,Britain,Standard,Agency,2025-11-27,19,2025-04-30 08:01:11,2025-11-10 10:15:39,M0,17.21,18.873
1252,,Available,Britain,Standard,Agency,2025-11-28,16,2025-04-30 08:01:11,2025-11-10 10:12:39,M0,17.06,18.871
1253,,Available,Britain,Standard,Agency,2025-12-02,19,2025-04-30 08:01:06,2025-11-10 10:14:09,M0,21.973,18.872
1254,,Available,France,Standard,Direct Sales,2025-08-22,23,2025-04-08 14:50:06,,M0,,
1255,,Available,France,Standard,Direct Sales,2026-01-02,23,2025-04-08 14:53:22,2025-10-29 10:48:24,M0,65.083,
1256,,Available,France,Standard,Direct Sales,2025-06-19,23,2025-04-08 14:55:14,,M0,,
1257,,Available,France,Standard,Direct Sales,2025-06-19,23,2025-04-08 14:55:22,,M0,,
1258,2025-03-28,Available,France,Standard,Direct Sales,2026-01-12,23,2025-07-07 11:37:23,2025-11-20 16:13:57,M0,52.905,26.987
1259,2025-03-28,Available,France,Standard,Direct Sales,2026-01-09,23,2025-07-07 11:37:18,2025-11-18 11:31:38,M0,51.92,24.791
1260,2025-05-02,Available,France,Standard,Direct Sales,2026-01-09,23,2025-08-04 07:38:07,2025-11-20 16:13:59,M1,49.749,26.987
1261,2025-05-02,Available,France,Standard,Direct Sales,2025-10-28,23,2025-08-04 07:38:08,2025-09-15 14:56:18,M1,42.822,
1262,2025-06-02,Available,Denmark,Standard,Agency,2026-01-27,17,2025-10-15 11:55:22,2025-10-16 11:37:07,M1,102.947,76.832
1263,2025-06-02,Available,Denmark,Standard,Agency,2025-12-29,18,2025-10-15 11:55:00,2025-11-25 13:01:56,M1,33.878,116.891
1264,2025-06-02,Available,Belgium,Standard,Agency,2025-12-22,20,2025-10-15 11:53:18,2025-10-16 11:37:15,M1,64.971,76.832
1265,2025-06-26,Available,Netherlands,Standard,Direct Sales,2025-11-24,23,2025-10-15 11:52:22,2025-10-24 15:34:14,M1,31.072,60.327
1266,2025-06-26,Available,Britain,Standard,Agency,2025-12-01,4,2025-10-15 11:52:15,2025-11-14 14:39:17,M1,23.674,81.289
1267,2025-11-05,Available,France,Standard,Direct Sales,2026-03-31,23,2026-03-02 09:21:09,2026-03-11 10:21:41,M2,19.945,100.117
1268,2025-11-05,Available,France,Standard,Direct Sales,2026-04-15,23,2026-03-02 09:21:15,2026-03-18 09:03:42,M2,28.135,100.051
1269,2025-10-07,Available,Belgium,Standard,Agency,2026-03-25,20,2026-02-18 14:52:20,2026-02-20 12:47:35,M2,32.435,57.146
1270,2025-11-05,Available,Netherlands,Standard,Direct Sales,2026-04-03,23,2026-03-02 09:20:24,2026-03-04 11:58:47,M2,30.086,62.113
1271,2025-11-05,Available,Netherlands,Standard,Direct Sales,2026-03-31,23,2026-03-02 09:20:27,2026-03-04 11:58:44,M2,26.949,62.113
1272,2025-11-05,Available,Britain,Standard,Agency,2026-03-30,3,,2026-03-02 09:19:52,M2,27.969,60.003
1273,,Reserved,Britain,Standard,Agency,2025-01-23,16,,,,,
1274,,Reserved,Britain,Standard,Agency,2025-01-08,16,,,,,
1275,,Available,Belgium,Business,Agency,2026-01-15,2,,2025-07-07 09:54:08,M0,210.223,
1276,,Available,France,Standard,Direct Sales,2025-05-06,23,2025-04-03 11:26:03,,M0,,
1277,,Reserved,Britain,Standard,Agency,2025-02-26,19,,,,,
1278,,Available,Britain,Standard,Agency,2025-06-03,16,2025-04-08 15:11:03,,M0,,
1279,,Available,Netherlands,Standard,Direct Sales,2025-07-18,23,,2025-07-07 09:54:09,M0,,
1280,,Reserved,Britain,Standard,Agency,2025-09-04,19,2025-04-21 09:51:56,,M0,,
1281,,Available,Britain,Standard,Agency,2025-02-12,16,,,,,
1282,,Reserved,Britain,Standard,Agency,2025-02-20,19,,,,,
1283,,Available,Netherlands,Standard,Direct Sales,2025-04-01,23,,,,,
1284,,Reserved,Britain,Standard,Direct Sales,2025-03-19,19,,,,,
1285,,Reserved,Britain,Standard,Direct Sales,2025-04-22,19,2025-04-21 09:51:47,,M0,,
1286,,Available,Britain,Business,Agency,2026-03-02,3,2025-04-30 08:01:25,2025-11-10 10:10:57,M0,112.128,18.87
1287,,Reserved,Britain,Business,Direct Sales,2025-10-31,19,2025-04-21 09:51:43,,M0,,
1288,,Reserved,Britain,Standard,Direct Sales,2025-11-28,19,2025-04-21 09:51:45,,M0,,
1289,,Reserved,Britain,Standard,Direct Sales,2025-08-06,19,2025-04-21 09:51:45,,M0,,
1290,,Reserved,Britain,Standard,Direct Sales,2025-08-05,19,2025-04-21 09:51:45,,M0,,
1291,,Available,France,Standard,Direct Sales,2025-03-25,23,,,,,
1292,,Available,France,Standard,Direct Sales,2025-04-07,23,2025-04-04 07:24:27,,M0,,
1293,,Reserved,Britain,Standard,Agency,2025-11-28,19,2025-04-21 09:51:42,,M0,,
1294,,Available,France,Standard,Direct Sales,2025-10-09,23,2025-04-30 08:01:19,2025-09-12 12:46:52,M0,27.05,
1295,,Reserved,Britain,Standard,Agency,2025-10-24,19,2025-04-21 09:51:42,,M0,,
1296,,Available,Denmark,Standard,Agency,2026-03-03,22,2025-04-30 08:01:13,2025-10-30 11:53:24,M0,124.168,7.918
1297,,Available,France,Standard,Direct Sales,2025-07-09,23,2025-04-30 08:00:37,,M0,,
1298,,Reserved,Britain,Standard,Agency,2025-06-20,16,2025-04-08 15:11:02,,M0,,
1299,,Available,Belgium,Standard,Agency,2026-01-05,26,2025-04-30 08:00:43,2025-09-26 08:25:34,M0,101.33,
1300,,Available,Denmark,Standard,Agency,2025-10-10,18,2025-04-30 08:00:42,,M0,,
1301,,Available,Britain,Standard,Agency,2025-11-24,9,2025-04-30 08:00:55,2025-11-10 10:10:58,M0,19.125,18.87
1302,,Reserved,Britain,Standard,Agency,2025-10-13,15,2025-04-08 15:11:01,,M0,,
1303,,Reserved,Britain,Standard,Agency,2025-09-11,15,2025-04-08 15:11:00,,M0,,
1304,,Available,France,Standard,Direct Sales,2025-05-02,23,2025-04-25 08:17:31,,M0,,
1305,,Reserved,Britain,Standard,Agency,2026-02-03,15,2025-04-08 15:11:01,,M0,,
1306,,Available,France,Standard,Direct Sales,2025-09-19,23,2025-04-03 11:26:03,,M0,,
1307,,Available,France,Standard,Direct Sales,2025-04-08,23,2025-04-04 12:51:45,,M0,,
1308,,Available,France,Standard,Direct Sales,2025-10-17,23,2025-04-30 08:00:55,2025-09-03 14:15:37,M0,43.75,
1309,,Available,Britain,Standard,Agency,2025-12-31,19,2025-04-30 08:00:45,2025-11-17 11:40:56,M0,43.204,
1310,,Reserved,Britain,Standard,Agency,2025-12-11,9,2025-04-30 08:01:04,2025-10-13 19:12:47,M0,70.821,
1311,,Available,Denmark,Standard,Agency,2026-02-06,18,2025-04-30 08:00:59,2025-11-03 16:38:30,M0,94.714,12.116
1312,,Available,Denmark,Standard,Agency,2026-02-20,18,2025-04-30 08:00:57,2025-11-03 16:38:44,M0,107.914,12.116
1313,,Available,Britain,Standard,Agency,2025-11-19,5,2025-04-30 08:01:10,2025-10-27 12:56:38,M0,22.992,
1314,,Available,Britain,Standard,Agency,2026-01-11,5,2025-04-30 08:01:11,2025-10-27 12:56:39,M0,79.068,
1315,,Available,Netherlands,Standard,Direct Sales,2025-05-27,23,2025-04-30 08:00:59,,M0,,
1316,,Available,France,Standard,Direct Sales,2025-07-17,23,2025-04-08 14:51:09,,M0,,
1317,,Available,Netherlands,Standard,Direct Sales,2025-11-05,23,2025-04-08 14:55:13,2025-10-24 13:35:22,M0,12.167,
1318,,Available,Netherlands,Standard,Direct Sales,2025-11-13,23,2025-04-08 14:54:09,2025-10-29 10:48:23,M0,15.245,
1319,,Reserved,Britain,Standard,Agency,2026-03-03,3,2025-04-08 14:55:12,2025-11-29 10:22:32,M0,94.07,35.743
1320,,Available,Netherlands,Standard,Direct Sales,2025-05-09,23,2025-04-08 14:55:02,,M0,,
1321,,Available,France,Standard,Direct Sales,2025-06-09,23,2025-04-08 14:56:01,,M0,,
1322,,Available,Netherlands,Standard,Direct Sales,2025-05-20,23,2025-04-08 14:56:21,,M0,,
1323,,Available,Netherlands,Standard,Direct Sales,2025-08-08,23,2025-04-08 14:54:03,,M0,,
1324,2025-03-28,Available,Britain,Standard,Agency,2026-01-01,15,2025-07-07 11:38:21,2025-11-17 11:40:55,M0,44.992,
1325,2025-03-28,Available,France,Standard,Direct Sales,2025-11-28,23,2025-07-07 11:39:23,2025-11-04 16:21:17,M0,23.815,6.013
1326,2025-03-28,Available,Britain,Standard,Agency,2026-01-08,9,2025-07-07 11:38:05,2025-11-17 11:40:55,M0,52.156,
1327,2025-05-02,Available,France,Standard,Direct Sales,2025-11-07,23,2025-08-04 07:38:09,2025-10-24 13:35:20,M1,13.945,
1328,2025-06-02,Available,Belgium,Standard,Agency,2026-02-11,26,2025-10-07 13:52:00,2025-10-24 15:34:14,M1,109.903,84.996
1329,2025-06-26,Available,Britain,Standard,Agency,2026-01-08,9,2025-10-15 11:53:24,2025-11-26 18:23:26,M1,42.692,93.445
1330,2025-06-26,Available,Britain,Standard,Agency,2025-12-08,16,2025-10-15 11:52:13,2025-11-10 10:15:38,M1,27.95,77.106
1331,2025-06-26,Available,Britain,Standard,Agency,2025-11-24,16,2025-10-15 11:56:01,2025-11-10 10:15:38,M1,13.916,77.106
1332,2025-06-26,Available,Netherlands,Standard,Direct Sales,2025-11-21,23,2025-10-15 11:57:01,2025-10-24 13:35:23,M1,28.178,60.245
1333,2025-10-07,Available,Netherlands,Business,Direct Sales,2026-03-10,23,2026-01-06 17:21:16,2026-01-07 12:01:39,M1,62.089,70.122
1334,2025-11-05,Reserved,Britain,Standard,Agency,2026-04-03,6,,2026-03-02 09:19:45,M2,32.191,94.959
1335,2025-10-07,Available,Belgium,Business,Agency,2026-04-03,1,2026-02-18 14:52:09,2026-03-02 11:25:13,M2,31.878,67.089
1336,2025-11-05,Available,France,Standard,Direct Sales,2026-04-03,23,2026-03-02 09:21:50,2026-03-11 10:21:22,M2,23.207,76.044
1337,2025-11-05,Reserved,Britain,Business,Agency,2026-04-01,6,,2026-03-02 09:19:44,M2,30.292,60.003
1338,2025-11-05,Available,Netherlands,Standard,Direct Sales,2026-03-30,23,2026-03-02 09:20:30,2026-03-04 11:58:13,M2,26.139,62.113
1339,2025-11-05,Available,Belgium,Standard,Agency,2026-04-09,20,,2026-03-19 13:11:21,M2,20.794,77.164
1340,,Reserved,Britain,Business,Agency,2025-05-27,15,2025-05-27 13:25:35,,M0,,
1341,,Reserved,Britain,Standard,Agency,2025-02-18,16,,,,,
1342,,Reserved,Britain,Standard,Agency,2025-01-17,16,,,,,
1343,,Available,France,Standard,Direct Sales,2025-04-30,23,2025-04-24 08:07:03,,M0,,
1344,,Reserved,Britain,Standard,Direct Sales,2025-08-28,19,2025-04-21 09:51:48,,M0,,
1345,,Reserved,Britain,Business,Agency,2025-07-11,5,2025-06-05 10:36:02,,M0,,
1346,,Available,Netherlands,Standard,Direct Sales,2025-03-20,23,,,,,
1347,,Reserved,Britain,Standard,Agency,2025-02-21,19,,,,,
1348,,Available,Netherlands,Standard,Direct Sales,2025-03-14,23,,,,,
1349,,Reserved,Britain,Standard,Direct Sales,2025-08-22,19,2025-04-21 09:51:44,,M0,,
1350,,Reserved,Britain,Standard,Direct Sales,2025-09-02,19,2025-04-21 09:51:48,,M0,,
1351,,Available,Denmark,Standard,Agency,2025-09-01,17,2025-04-30 08:01:24,,M0,,
1352,,Available,France,Standard,Direct Sales,2025-06-17,23,2025-05-22 09:03:31,,M0,,
1353,,Reserved,Britain,Standard,Direct Sales,2025-10-03,19,2025-04-21 09:51:48,,M0,,
1354,,Reserved,Britain,Standard,Direct Sales,2025-03-06,19,,,,,
1355,,Available,France,Standard,Direct Sales,2025-04-17,23,2025-04-17 08:22:01,,M0,,
1356,,Available,Netherlands,Standard,Direct Sales,2025-04-01,23,,,,,
1357,,Available,France,Standard,Direct Sales,2025-04-09,23,2025-04-02 11:52:30,,M0,,
1358,,Available,France,Standard,Direct Sales,2025-04-07,23,2025-04-07 09:04:00,,M0,,
1359,,Reserved,Britain,Standard,Agency,2025-12-15,19,2025-04-21 09:51:41,,M0,,
1360,,Available,France,Standard,Direct Sales,2025-04-18,23,2025-04-18 07:24:01,,M0,,
1361,,Available,France,Standard,Direct Sales,2025-03-10,23,,,,,
1362,,Available,Denmark,Standard,Agency,2026-03-10,22,2025-04-30 08:01:18,2025-11-03 16:38:44,M0,126.852,12.116
1363,,Available,France,Standard,Direct Sales,2025-05-05,23,2025-04-04 12:51:44,,M0,,
1364,,Available,Denmark,Standard,Agency,2026-03-09,18,2025-04-30 08:01:17,2025-10-30 11:53:29,M0,129.893,7.918
1365,,Available,France,Standard,Direct Sales,2025-08-19,23,2025-04-30 08:01:14,2025-07-29 14:37:56,M0,20.917,
1366,,Available,France,Standard,Direct Sales,2026-03-24,23,2025-04-30 08:00:37,2026-01-26 14:01:57,M0,57.075,95.176
1367,,Available,Netherlands,Standard,Direct Sales,2025-04-18,23,2025-04-18 13:36:00,,M0,,
1368,,Available,France,Standard,Direct Sales,2025-06-09,23,2025-04-30 08:00:40,,M0,,
1369,,Available,Netherlands,Standard,Direct Sales,2025-06-09,23,2025-04-30 08:00:40,,M0,,
1370,,Available,Britain,Standard,Agency,2025-12-25,16,2025-04-30 08:00:42,2025-11-10 10:10:58,M0,43.913,18.87
1371,,Available,France,Standard,Direct Sales,2025-05-15,23,2025-04-30 08:00:41,,M0,,
1372,,Available,Netherlands,Standard,Direct Sales,2025-11-27,23,2025-04-30 08:00:32,2025-10-24 15:34:16,M0,34.06,
1373,,Available,France,Standard,Direct Sales,2025-04-08,23,2025-04-08 08:03:00,,M0,,
1374,,Available,Switzerland,Standard,Agency,2025-11-23,11,2025-04-30 08:00:51,2025-10-29 12:42:52,M0,25.359,0.881
1375,,Available,France,Standard,Direct Sales,2025-06-09,23,2025-04-15 10:52:14,,M0,,
1376,,Available,France,Standard,Direct Sales,2025-04-03,23,2025-04-03 08:07:01,,M0,,
1377,,Available,France,Standard,Direct Sales,2025-04-17,23,2025-04-03 11:26:04,,M0,,
1378,,Available,France,Business,Direct Sales,2026-03-06,23,2025-04-30 08:00:53,2025-07-28 09:53:40,M0,221.3,
1379,,Available,France,Standard,Direct Sales,2025-06-11,23,2025-04-30 08:00:50,,M0,,
1380,,Available,Netherlands,Standard,Direct Sales,2025-04-11,23,2025-04-04 09:14:12,,M0,,
1381,,Available,Netherlands,Standard,Direct Sales,2025-08-14,23,2025-04-30 08:00:58,2025-07-21 12:48:03,M0,24.154,
1382,,Available,Netherlands,Standard,Direct Sales,2025-07-29,23,2025-04-30 08:01:01,2025-07-07 09:04:08,M0,22.327,
1383,,Available,Britain,Standard,Agency,2026-03-05,5,2025-04-30 08:01:12,2025-11-10 10:10:57,M0,115.02,18.87
1384,,Available,France,Standard,Direct Sales,2025-04-09,23,2025-04-04 12:51:44,,M0,,
1385,,Available,Denmark,Standard,Agency,2026-01-05,22,2025-04-30 08:01:09,2025-11-03 16:38:37,M0,62.736,12.116
1386,,Available,Denmark,Standard,Agency,2026-03-06,18,2025-04-30 08:01:05,2025-11-03 16:38:40,M0,125.677,12.116
1387,,Available,Denmark,Standard,Agency,2026-03-03,18,2025-04-30 08:01:10,2025-10-30 11:53:24,M0,124.076,7.918
1388,,Available,France,Standard,Direct Sales,2025-05-12,23,2025-04-08 14:56:02,,M0,,
1389,,Available,Britain,Standard,Agency,2025-11-05,9,2025-04-08 14:50:11,2025-10-13 19:12:47,M0,22.637,
1390,,Available,Switzerland,Standard,Agency,2025-09-11,11,2025-04-08 14:50:19,2025-08-27 07:50:34,M0,15.146,
1391,,Available,Netherlands,Standard,Direct Sales,2025-05-09,23,2025-04-08 14:51:16,,M0,,
1392,,Available,Netherlands,Standard,Direct Sales,2025-05-09,23,2025-04-08 14:51:20,,M0,,
1393,,Available,France,Standard,Direct Sales,2025-09-04,23,2025-04-08 14:53:10,,M0,,
1394,,Available,Netherlands,Standard,Direct Sales,2025-05-07,23,2025-04-08 14:56:18,,M0,,
1395,,Available,Britain,Standard,Agency,2026-02-08,19,2025-04-08 14:50:21,2025-11-17 11:40:55,M0,107.052,
1396,,Available,France,Standard,Direct Sales,2025-08-21,23,2025-04-08 14:50:07,2025-07-11 10:08:19,M0,41.022,
1397,,Available,France,Standard,Direct Sales,2025-11-10,23,2025-04-08 14:57:18,2025-08-11 13:11:11,M0,91.074,
1398,2025-03-28,Available,Britain,Standard,Agency,2026-02-08,19,2025-07-07 11:39:09,2025-11-17 11:40:54,M0,107.039,
1399,2025-05-02,Available,France,Standard,Direct Sales,2026-01-09,23,2025-08-04 07:38:17,2025-11-20 16:13:59,M1,49.74,26.987
1400,2025-06-02,Available,Netherlands,Standard,Direct Sales,2025-11-04,23,2025-10-15 11:57:03,2025-10-16 11:37:35,M1,19.241,76.832
1401,2025-06-02,Available,Netherlands,Standard,Direct Sales,2025-10-31,23,2025-10-15 11:56:03,2025-10-16 11:37:12,M1,15.139,76.832
1402,2025-06-02,Available,Britain,Standard,Agency,2025-12-15,9,2025-10-15 11:55:15,2025-11-10 10:35:26,M1,35.084,101.789
1403,2025-06-26,Available,Netherlands,Standard,Direct Sales,2025-11-07,23,2025-10-15 11:54:10,2025-10-16 11:37:27,M1,21.963,52.163
1404,2025-06-26,Available,Denmark,Standard,Agency,2025-12-19,17,2025-10-15 11:55:12,2025-11-11 15:22:24,M1,37.845,78.319
1405,2025-11-05,Available,Netherlands,Standard,Direct Sales,2026-03-24,23,2026-03-02 09:19:38,2026-03-11 10:21:40,M2,13.138,117.027
1406,2025-11-05,Available,Britain,Standard,Agency,2026-04-09,19,,2026-03-02 09:19:52,M2,38.132,94.96
1407,2025-10-07,Available,Britain,Standard,Agency,2026-04-15,16,,2026-03-02 09:19:52,M2,44.011,66.957
1408,2025-11-05,Available,Netherlands,Standard,Direct Sales,2026-03-31,23,2026-03-02 09:20:12,2026-03-04 13:48:00,M2,27.046,62.189
1409,2025-11-05,Available,Netherlands,Standard,Direct Sales,2026-04-10,23,2026-03-02 09:20:09,2026-03-18 11:24:03,M2,22.965,76.089
1410,,Reserved,Britain,Standard,Direct Sales,2025-02-19,9,,,,,
1411,,Reserved,Britain,Standard,Agency,2025-02-19,9,,,,,
1412,,Reserved,Britain,Standard,Agency,2025-03-13,19,,,,,
1413,,Reserved,Britain,Standard,Direct Sales,2025-02-28,19,,,,,
1414,,Reserved,Britain,Standard,Direct Sales,2025-09-08,19,2025-04-21 09:51:46,,M0,,
1415,,Available,Netherlands,Standard,Direct Sales,2025-09-09,23,2025-04-30 08:01:24,,M0,,
1416,,Available,Britain,Standard,Direct Sales,2025-03-20,9,,,,,
1417,,Reserved,Britain,Standard,Direct Sales,2025-06-10,19,2025-04-21 09:51:46,,M0,,
1418,,Available,Britain,Standard,Direct Sales,2025-02-19,19,,,,,
1419,,Available,France,Standard,Direct Sales,2025-05-07,23,2025-05-07 12:04:00,,M0,,
1420,,Available,France,Standard,Direct Sales,2025-04-18,23,2025-04-17 08:22:00,,M0,,
1421,,Available,France,Standard,Direct Sales,2025-03-10,23,,,,,
1422,,Available,France,Standard,Direct Sales,2025-05-26,23,2025-05-26 08:57:00,,M0,,
1423,,Available,France,Standard,Direct Sales,2025-07-17,23,2025-04-21 11:03:10,,M0,,
1424,,Available,France,Standard,Direct Sales,2025-04-30,23,2025-04-25 08:17:31,,M0,,
1425,,Available,Denmark,Standard,Agency,2025-11-18,17,2025-04-30 08:00:40,2025-10-30 11:53:35,M0,20.006,7.918
1426,,Available,Netherlands,Standard,Direct Sales,2025-04-09,23,2025-04-09 11:15:00,,M0,,
1427,,Available,Britain,Standard,Agency,2025-12-26,19,2025-04-30 08:00:52,2025-11-17 11:40:52,M0,39.166,
1428,,Available,France,Standard,Direct Sales,2025-05-12,23,2025-04-14 13:56:31,,M0,,
1429,,Reserved,Britain,Business,Agency,2025-12-09,4,2025-04-30 08:00:47,2025-10-13 19:12:49,M0,56.887,
1430,,Available,France,Standard,Direct Sales,2025-04-09,23,2025-04-09 07:37:00,,M0,,
1431,,Available,France,Standard,Direct Sales,2025-04-08,23,2025-04-07 09:16:07,,M0,,
1432,,Available,France,Standard,Direct Sales,2025-04-04,23,2025-04-04 08:41:00,,M0,,
1433,,Available,France,Standard,Direct Sales,2025-04-17,23,2025-04-04 12:51:44,,M0,,
1434,,Available,Netherlands,Standard,Direct Sales,2025-04-09,23,2025-04-09 08:24:00,,M0,,
1435,,Available,France,Standard,Direct Sales,2025-06-09,23,2025-04-30 08:01:02,,M0,,
1436,,Available,France,Standard,Direct Sales,2025-04-09,23,2025-04-09 09:21:00,,M0,,
1437,,Available,Netherlands,Standard,Direct Sales,2025-04-09,23,2025-04-09 08:01:00,,M0,,
1438,,Reserved,Britain,Standard,Agency,2026-04-15,4,2025-04-30 08:01:12,2025-10-13 19:12:48,M0,183.571,
1439,,Available,France,Standard,Direct Sales,2025-07-14,23,2025-04-30 08:00:57,,M0,,
1440,,Available,Netherlands,Standard,Direct Sales,2025-11-07,23,2025-04-08 14:56:22,2025-10-03 11:24:01,M0,35.169,
1441,,Available,Netherlands,Standard,Direct Sales,2025-07-28,23,2025-04-08 14:53:01,2025-07-04 14:54:12,M0,24.062,
1442,,Available,France,Standard,Direct Sales,2025-07-30,23,2025-04-08 14:50:11,,M0,,
1443,,Available,France,Standard,Direct Sales,2025-05-28,23,2025-04-08 14:54:07,,M0,,
1444,,Available,France,Standard,Direct Sales,2025-08-08,23,2025-04-08 14:52:09,,M0,,
1445,,Available,France,Standard,Direct Sales,2025-05-23,23,2025-04-08 14:52:03,,M0,,
1446,,Available,France,Standard,Direct Sales,2025-06-02,23,2025-04-08 14:51:22,,M0,,
1447,,Available,France,Standard,Direct Sales,2025-06-16,23,2025-04-08 14:54:00,,M0,,
1448,2025-03-28,Available,Denmark,Standard,Agency,2026-01-22,22,2025-07-07 11:37:07,2025-11-03 16:38:33,M0,79.744,12.116
1449,2025-03-28,Available,Britain,Standard,Agency,2026-02-26,15,2025-07-07 11:38:09,2025-11-17 11:40:53,M0,101.159,
1450,2025-03-28,Available,Denmark,Standard,Agency,2026-02-04,22,2025-07-07 11:37:03,2025-11-03 16:38:29,M0,92.873,12.116
1451,2025-03-28,Reserved,Denmark,Standard,Agency,2025-11-17,22,2025-07-07 11:37:06,2025-07-14 10:39:01,M0,126.049,
1452,2025-03-28,Available,Denmark,Business,Agency,2026-03-10,22,2025-07-07 11:38:03,2025-11-03 16:38:47,M0,126.892,12.116
1453,2025-05-02,Available,France,Standard,Direct Sales,2025-10-17,23,2025-08-04 07:38:10,2025-09-12 12:46:51,M1,35.038,
1454,2025-05-02,Available,France,Standard,Direct Sales,2025-11-07,23,2025-08-04 07:38:03,2025-10-24 13:35:24,M1,13.931,
1455,2025-06-02,Available,Belgium,Business,Agency,2025-11-25,20,2025-10-07 13:52:02,2025-10-29 16:22:58,M1,27.003,90.03
1456,2025-06-26,Available,Belgium,Business,Agency,2025-11-24,26,2025-10-15 11:56:22,2025-10-16 11:37:26,M1,38.947,52.163
1457,2025-06-26,Available,Netherlands,Standard,Direct Sales,2026-01-07,23,2025-10-15 11:52:16,2025-10-31 13:11:38,M1,68.15,67.228
1458,2025-06-26,Available,Belgium,Standard,Agency,2025-12-24,26,2025-10-15 11:52:25,2025-10-29 16:23:02,M1,55.917,65.361
1459,2025-06-26,Available,Belgium,Standard,Agency,2025-11-21,26,2025-10-15 11:53:02,2025-10-16 11:37:04,M1,36.124,52.163
1460,2025-06-26,Available,Netherlands,Standard,Direct Sales,2025-12-31,23,2025-10-15 11:54:03,2025-11-28 16:39:50,M1,32.804,95.373
1461,2025-11-05,Available,Belgium,Standard,Agency,2026-03-25,20,2026-03-02 09:21:50,2026-03-02 11:38:33,M2,21.022,95.056
1462,2025-10-07,Available,Netherlands,Standard,Direct Sales,2026-03-09,23,2026-02-18 14:52:12,2026-02-20 12:47:31,M2,17.065,57.146
1463,2025-10-07,Available,Belgium,Service,Agency,2026-03-10,2,2026-02-18 14:52:11,2026-02-26 11:57:30,M2,12.087,59.116
1464,,Available,Denmark,Standard,Agency,2025-10-17,17,2025-05-23 14:32:11,2025-07-07 11:48:02,M0,101.986,
1465,,Available,Denmark,Standard,Agency,2025-08-14,17,2025-05-23 14:32:03,2025-07-14 09:16:42,M0,31.258,
1466,,Available,Denmark,Standard,Agency,2025-12-29,17,2025-05-23 14:33:00,2025-07-14 09:16:43,M0,168.266,
1467,,Available,France,Business,Direct Sales,2025-11-07,23,2025-11-07 18:03:00,,M1,,
1468,,Available,Netherlands,Business,Direct Sales,2026-01-07,23,,2025-06-26 15:34:30,M1,194.909,
1469,,Available,Netherlands,Business,Direct Sales,2026-03-03,23,2025-04-30 08:01:21,,M0,,
1470,,Available,Netherlands,Business,Direct Sales,2026-04-09,23,2025-04-30 08:01:20,,M0,,
1471,,Available,Netherlands,Business,Direct Sales,2026-04-09,23,2025-04-30 08:01:20,,M0,,
1472,,Available,Britain,Standard,Agency,2025-04-16,9,2025-04-08 14:15:29,,M0,,
1473,,Available,Netherlands,Standard,Direct Sales,2025-04-25,23,2025-04-08 14:53:04,,M0,,
1474,,Available,Netherlands,Standard,Direct Sales,2025-05-06,23,2025-04-08 14:56:16,,M0,,
1475,,Available,Netherlands,Standard,Direct Sales,2025-05-07,23,2025-04-08 14:55:01,,M0,,
1476,,Available,Netherlands,Standard,Direct Sales,2025-05-05,23,2025-04-08 14:55:22,,M0,,
1477,,Available,Netherlands,Standard,Direct Sales,2025-05-05,23,2025-04-08 14:54:01,,M0,,
1478,,Available,Netherlands,Standard,Direct Sales,2025-05-09,23,2025-04-08 14:52:19,,M0,,
1479,,Available,Netherlands,Standard,Direct Sales,2025-05-07,23,2025-04-08 14:53:18,,M0,,
1480,,Available,Netherlands,Standard,Direct Sales,2025-05-05,23,2025-04-08 14:57:12,,M0,,
1481,,Available,Netherlands,Standard,Direct Sales,2025-04-29,23,2025-04-08 14:56:13,,M0,,
1482,,Available,Netherlands,Standard,Direct Sales,2025-06-09,23,2025-04-08 14:55:01,,M0,,
1483,,Available,Netherlands,Standard,Direct Sales,2025-05-14,23,2025-04-08 14:54:21,,M0,,
1484,,Available,Netherlands,Standard,Direct Sales,2025-05-05,23,2025-04-08 14:55:21,,M0,,
1485,,Available,Netherlands,Standard,Direct Sales,2025-04-28,23,2025-04-08 14:53:15,,M0,,
1486,,Available,Netherlands,Standard,Direct Sales,2025-05-09,23,2025-04-08 14:55:08,,M0,,
1487,,Available,France,Standard,Direct Sales,2025-05-09,23,2025-04-08 14:51:03,,M0,,
1488,,Reserved,Britain,Standard,Agency,2025-05-27,16,2025-04-08 14:56:20,,M0,,
1489,,Available,Netherlands,Standard,Direct Sales,2025-04-25,23,2025-04-08 14:57:21,,M0,,
1490,,Available,France,Standard,Direct Sales,2025-05-06,23,2025-04-08 14:55:16,,M0,,
1491,,Available,Netherlands,Standard,Direct Sales,2025-05-07,23,2025-04-08 14:54:23,,M0,,
1492,,Available,Netherlands,Standard,Direct Sales,2025-05-05,23,2025-04-08 14:56:19,,M0,,
1493,,Reserved,Britain,Standard,Agency,2025-05-09,9,2025-04-21 10:04:19,,M0,,
1494,,Available,Netherlands,Standard,Direct Sales,2025-05-05,23,2025-04-08 14:51:08,,M0,,
1495,,Reserved,Britain,Standard,Agency,2025-05-05,19,2025-04-21 10:04:05,,M0,,
1496,,Available,France,Standard,Direct Sales,2025-05-29,23,2025-05-05 08:35:24,,M0,,
1497,,Available,Netherlands,Standard,Direct Sales,2025-06-02,23,2025-05-05 08:34:13,,M0,,
1498,,Reserved,Denmark,Standard,Agency,2025-07-08,18,2025-05-05 08:37:16,,M0,,
1499,,Available,Netherlands,Standard,Direct Sales,2025-05-28,23,2025-05-05 08:38:02,,M0,,
1500,,Reserved,Britain,Standard,Agency,2025-05-30,19,2025-05-05 08:35:20,,M0,,
1501,,Available,Netherlands,Standard,Direct Sales,2025-05-27,23,2025-05-05 08:37:13,,M0,,
1502,,Available,Netherlands,Standard,Direct Sales,2025-06-06,23,2025-05-05 08:34:00,,M0,,
1503,,Reserved,Switzerland,Standard,Agency,2025-07-08,11,2025-05-05 08:35:23,2025-06-06 11:20:49,M0,31.875,
1504,,Reserved,Britain,Standard,Agency,2025-05-30,16,2025-05-05 08:32:14,,M0,,
1505,,Reserved,Britain,Standard,Agency,2025-06-03,16,2025-05-05 08:37:18,,M0,,
1506,,Available,Britain,Standard,Agency,2025-06-26,9,2025-05-05 08:32:23,,M0,,
1507,,Available,Britain,Standard,Agency,2025-07-03,9,2025-05-05 08:36:10,,M0,,
1508,,Available,Netherlands,Standard,Direct Sales,2025-05-26,23,2025-05-05 08:34:07,,M0,,
1509,,Available,France,Standard,Direct Sales,2025-05-27,23,2025-05-05 08:34:09,,M0,,
1510,,Reserved,Britain,Standard,Agency,2025-07-11,19,2025-05-05 08:32:24,2025-07-03 08:36:16,M0,8.015,
1511,,Available,Netherlands,Standard,Direct Sales,2025-05-26,23,2025-05-05 08:34:22,,M0,,
1512,,Available,France,Standard,Direct Sales,2025-06-09,23,2025-05-05 08:38:11,,M0,,
1513,,Available,Britain,Standard,Agency,2025-06-10,9,2025-05-05 08:37:10,,M0,,
1514,,Available,Britain,Standard,Agency,2025-06-21,9,2025-05-05 08:36:22,,M0,,
1515,,Reserved,Britain,Standard,Agency,2025-06-26,19,2025-05-05 08:32:09,,M0,,
1516,,Available,France,Standard,Direct Sales,2025-06-09,23,2025-05-05 08:34:09,,M0,,
1517,,Reserved,Britain,Standard,Agency,2025-06-12,19,2025-05-05 08:33:09,,M0,,
1518,,Reserved,Britain,Standard,Agency,2025-06-02,19,2025-05-05 08:32:13,,M0,,
1519,,Reserved,Britain,Standard,Agency,2025-06-13,19,2025-05-05 08:37:01,,M0,,
1520,,Available,Netherlands,Standard,Direct Sales,2025-05-26,23,2025-05-05 08:33:01,,M0,,
1521,,Available,Netherlands,Standard,Direct Sales,2025-09-09,23,2025-05-05 08:34:20,,M0,,
1522,,Available,Netherlands,Standard,Direct Sales,2025-05-22,23,2025-05-05 08:38:13,,M0,,
1523,,Reserved,Switzerland,Standard,Agency,2025-05-28,11,2025-05-05 08:37:21,2025-06-06 11:20:49,M0,3.27,
1524,,Reserved,Britain,Standard,Agency,2025-06-07,16,2025-05-05 08:33:11,,M0,,
1525,,Available,France,Standard,Direct Sales,2025-06-06,23,2025-05-05 08:36:11,,M0,,
1526,,Available,Netherlands,Standard,Direct Sales,2025-05-22,23,2025-05-05 08:35:17,,M0,,
1527,2025-02-28,Available,Netherlands,Standard,Direct Sales,2025-07-03,23,2025-06-17 11:32:03,,M0,,
1528,2025-02-28,Available,Netherlands,Standard,Direct Sales,2025-07-16,23,2025-06-17 11:24:05,,M0,,
1529,2025-02-28,Available,Netherlands,Business,Direct Sales,2026-02-20,23,2025-06-17 11:24:18,,M0,,
1530,2025-02-28,Available,Netherlands,Standard,Direct Sales,2025-06-30,23,2025-06-17 11:28:10,,M0,,
1531,2025-02-28,Available,Netherlands,Standard,Direct Sales,2025-07-01,23,2025-06-17 11:31:10,,M0,,
1532,2025-02-28,Available,Netherlands,Standard,Direct Sales,2025-07-04,23,2025-06-17 11:31:03,,M0,,
1533,2025-02-28,Available,Netherlands,Standard,Direct Sales,2025-07-03,23,2025-06-17 11:28:13,,M0,,
1534,2025-02-28,Available,Netherlands,Standard,Direct Sales,2025-07-04,23,2025-06-17 11:29:18,,M0,,
1535,2025-02-28,Available,Netherlands,Standard,Direct Sales,2025-07-07,23,2025-06-17 11:31:13,,M0,,
1536,2025-02-28,Available,Netherlands,Standard,Direct Sales,2025-07-10,23,2025-06-17 11:29:23,,M0,,
1537,2025-02-28,Available,Netherlands,Standard,Direct Sales,2025-07-23,23,2025-06-17 11:27:11,,M0,,
1538,2025-02-28,Available,Netherlands,Standard,Direct Sales,2025-07-07,23,2025-06-17 11:29:03,,M0,,
1539,2025-02-28,Available,Netherlands,Standard,Direct Sales,2025-07-10,23,2025-06-17 11:26:22,,M0,,
1540,2025-02-28,Available,Netherlands,Standard,Direct Sales,2025-07-08,23,2025-06-17 11:26:21,,M0,,
1541,2025-02-28,Available,Netherlands,Standard,Direct Sales,2025-08-22,23,2025-06-17 11:29:08,2025-07-22 14:52:16,M0,31.081,
1542,2025-02-28,Available,Netherlands,Standard,Direct Sales,2025-07-04,23,2025-06-17 11:27:23,,M0,,
1543,2025-02-28,Available,Netherlands,Standard,Direct Sales,2025-07-03,23,2025-06-17 11:27:04,,M0,,
1544,2025-02-28,Available,Netherlands,Standard,Direct Sales,2025-07-10,23,2025-06-17 11:27:11,,M0,,
1545,2025-02-28,Available,Netherlands,Standard,Direct Sales,2025-07-08,23,2025-06-17 11:29:07,,M0,,
1546,2025-02-28,Available,Netherlands,Standard,Direct Sales,2025-07-10,23,2025-06-17 11:28:01,,M0,,
1547,2025-02-28,Available,Netherlands,Standard,Direct Sales,2025-07-03,23,2025-06-17 11:28:18,,M0,,
1548,2025-02-28,Available,Netherlands,Standard,Direct Sales,2025-07-23,23,2025-06-17 11:24:14,,M0,,
1549,2025-02-28,Available,Netherlands,Standard,Direct Sales,2025-07-10,23,2025-06-17 11:26:03,,M0,,
1550,2025-02-28,Available,Netherlands,Standard,Direct Sales,2025-07-10,23,2025-06-17 11:24:16,,M0,,
1551,2025-02-28,Available,Netherlands,Standard,Direct Sales,2025-07-10,23,2025-06-17 11:26:11,,M0,,
1552,2025-02-28,Available,Netherlands,Standard,Direct Sales,2025-07-07,23,2025-06-17 11:26:23,,M0,,
1553,2025-02-28,Available,Netherlands,Standard,Direct Sales,2025-06-25,23,2025-06-17 11:26:05,,M0,,
1554,2025-02-28,Available,Netherlands,Standard,Direct Sales,2025-07-10,23,2025-06-17 11:32:17,,M0,,
1555,2025-02-28,Available,Netherlands,Standard,Direct Sales,2025-07-10,23,2025-06-17 11:23:06,,M0,,
1556,2025-02-28,Available,Netherlands,Standard,Direct Sales,2025-07-04,23,2025-06-17 11:31:01,,M0,,
1557,2025-02-28,Available,Netherlands,Standard,Direct Sales,2025-07-07,23,2025-06-17 11:23:22,,M0,,
1558,2025-02-28,Available,Netherlands,Standard,Direct Sales,2025-07-10,23,2025-06-17 11:31:10,,M0,,
1559,2025-02-28,Available,Netherlands,Standard,Direct Sales,2025-07-10,23,2025-06-17 11:32:14,,M0,,
1560,2025-03-28,Available,Netherlands,Standard,Direct Sales,2025-10-01,23,2025-07-07 11:37:23,2025-07-25 12:15:28,M0,67.873,
1561,2025-03-28,Reserved,Britain,Standard,Agency,2025-11-14,19,2025-07-07 11:37:04,2025-11-03 15:19:17,M0,10.915,103.278
1562,2025-03-28,Available,Switzerland,Standard,Agency,2025-10-13,11,2025-07-07 11:37:14,2025-08-27 08:46:41,M0,47.528,35.006
1563,2025-03-28,Available,Belgium,Business,Agency,2025-08-27,20,2025-07-07 11:37:08,2025-08-01 09:51:17,M0,25.778,9.027
1564,2025-03-28,Reserved,Belgium,Standard,Agency,2025-12-23,26,2025-07-14 12:41:12,2025-08-28 14:29:27,M0,116.827,36.22
1565,2025-03-28,Reserved,Denmark,Standard,Agency,2025-08-08,17,2025-07-07 11:39:07,2025-07-14 10:39:01,M0,24.997,
1566,2025-03-28,Reserved,Denmark,Standard,Agency,2025-08-08,17,2025-07-07 11:39:10,2025-07-14 10:39:02,M0,25.14,
1567,2025-03-28,Reserved,Denmark,Standard,Agency,2025-08-06,17,2025-07-07 11:39:23,2025-07-14 10:39:02,M0,23.111,
1568,2025-03-28,Available,France,Standard,Direct Sales,2025-08-07,23,2025-07-07 11:38:13,2025-07-18 18:52:33,M0,19.693,
1569,2025-03-28,Available,France,Standard,Direct Sales,2025-08-08,23,2025-07-07 11:37:02,2025-07-18 09:16:13,M0,21.34,
1570,2025-03-28,Available,France,Standard,Direct Sales,2025-09-09,23,2025-07-07 11:38:12,2025-08-01 15:12:58,M0,38.92,
1571,2025-03-28,Available,France,Standard,Direct Sales,2025-08-05,23,2025-07-07 11:37:15,2025-07-21 10:53:22,M0,14.884,
1572,2025-03-28,Available,France,Standard,Direct Sales,2025-08-08,23,2025-07-07 11:39:03,2025-07-23 10:07:23,M0,16.307,
1573,2025-03-28,Available,France,Standard,Direct Sales,2025-08-08,23,2025-07-07 11:39:02,2025-07-28 18:49:42,M0,10.779,
1574,2025-03-28,Available,France,Standard,Direct Sales,2025-08-08,23,2025-07-07 11:38:15,2025-07-28 11:46:42,M0,11.151,
1575,2025-03-28,Available,France,Standard,Direct Sales,2025-08-08,23,2025-07-07 11:39:16,2025-07-22 09:08:10,M0,17.151,
1576,2025-03-28,Available,France,Standard,Direct Sales,2025-08-08,23,2025-07-07 11:37:19,2025-07-21 10:55:38,M0,18.253,
1577,2025-03-28,Available,France,Standard,Direct Sales,2025-09-09,23,2025-07-07 11:37:01,2025-07-22 09:08:10,M0,48.964,
1578,2025-03-28,Available,France,Standard,Direct Sales,2025-10-08,23,2025-07-07 11:37:21,2025-08-11 13:24:47,M0,58.074,19.148
1579,2025-03-28,Available,France,Standard,Direct Sales,2025-09-16,23,2025-07-14 12:41:18,2025-08-21 12:30:49,M0,26.118,29.11
1580,2025-03-28,Available,France,Standard,Direct Sales,2025-09-26,23,2025-07-14 12:41:04,2025-08-18 14:17:20,M0,39.028,26.184
1581,2025-03-28,Reserved,Denmark,Standard,Agency,2025-08-08,17,2025-07-14 12:41:19,2025-07-22 20:11:48,M0,16.75,
1582,2025-03-28,Reserved,Denmark,Standard,Agency,2025-09-23,17,2025-07-14 12:41:10,2025-07-22 20:11:49,M0,62.636,
1583,2025-03-28,Reserved,Denmark,Standard,Agency,2025-09-10,17,2025-07-14 12:41:02,2025-07-22 20:11:45,M0,49.712,
1584,2025-03-28,Reserved,Denmark,Standard,Agency,2025-08-11,17,2025-07-14 12:41:18,2025-07-22 20:11:46,M0,44.668,
1585,2025-03-28,Reserved,Denmark,Standard,Agency,2025-08-15,18,2025-07-14 12:42:20,2025-07-22 20:09:48,M0,22.621,
1586,2025-03-28,Available,France,Standard,Direct Sales,2025-08-08,23,2025-07-14 12:41:09,2025-07-28 11:46:39,M0,11.182,
1587,2025-03-28,Reserved,Denmark,Standard,Agency,2025-08-28,18,2025-07-14 12:42:11,2025-07-22 20:09:49,M0,36.714,
1588,2025-03-28,Available,France,Standard,Direct Sales,2025-08-22,23,2025-07-14 12:42:21,2025-07-25 20:56:35,M0,27.574,
1589,2025-03-28,Available,France,Standard,Direct Sales,2025-09-22,23,2025-07-14 12:42:01,2025-08-05 09:11:08,M0,47.993,
1590,2025-03-28,Available,France,Standard,Direct Sales,2025-08-05,23,2025-07-14 12:41:22,2025-07-28 11:46:39,M0,8.119,
1591,2025-03-28,Available,France,Standard,Direct Sales,2025-08-04,23,2025-07-14 12:41:10,2025-07-28 11:46:40,M0,6.916,
1592,2025-03-28,Available,France,Standard,Direct Sales,2025-08-04,23,2025-07-14 12:42:18,2025-07-28 11:46:41,M0,6.969,
1593,2025-03-28,Available,France,Standard,Direct Sales,2025-10-14,23,2025-07-14 12:41:23,2025-09-03 14:15:31,M0,41.032,
1594,2025-05-02,Available,France,Standard,Direct Sales,2025-09-19,23,2025-08-04 07:34:13,2025-08-04 14:28:50,M1,45.804,
1595,2025-05-02,Available,Belgium,Standard,Agency,2025-10-31,20,2025-08-04 07:35:15,2025-08-26 13:25:49,M1,65.131,34.176
1596,2025-05-02,Available,Belgium,Standard,Agency,2025-10-02,20,2025-08-04 07:31:16,2025-08-26 13:25:44,M1,35.915,34.176
1597,2025-05-02,Available,Switzerland,Standard,Agency,2025-08-22,11,2025-08-04 07:30:13,2025-08-08 08:39:11,M1,14.14,16.001
1598,2025-05-02,Available,Netherlands,Standard,Direct Sales,2025-11-03,23,2025-08-04 07:36:24,2025-09-26 12:35:18,M1,37.965,65.112
1599,2025-05-02,Available,Netherlands,Standard,Direct Sales,2025-10-02,23,2025-08-04 07:36:04,2025-08-18 13:33:25,M1,44.949,26.152
1600,2025-05-02,Available,Switzerland,Standard,Agency,2025-09-02,11,2025-08-04 07:31:10,2025-08-08 08:43:46,M1,25.202,16.004
1601,2025-05-02,Available,Netherlands,Standard,Direct Sales,2025-09-09,23,2025-08-04 07:33:05,2025-08-26 13:28:01,M1,14.1,34.184
1602,2025-05-02,Available,Netherlands,Standard,Direct Sales,2025-08-29,23,2025-08-04 07:32:09,2025-08-18 15:54:04,M1,11.037,26.308
1603,2025-05-02,Reserved,Britain,Business,Agency,2025-09-02,5,2025-08-04 07:31:17,2025-09-02 14:51:51,M1,6.71,41.264
1604,2025-05-02,Available,Britain,Standard,Agency,2025-12-09,15,2025-08-04 07:34:24,2025-08-14 09:47:44,M1,116.977,22.019
1605,2025-05-02,Available,Britain,Standard,Agency,2025-10-02,15,2025-08-04 07:35:11,2025-08-14 09:47:34,M1,48.257,22.019
1606,2025-05-02,Reserved,Britain,Business,Agency,2025-09-02,5,2025-08-04 07:30:15,2025-09-02 14:51:50,M1,6.707,41.264
1607,2025-05-02,Reserved,Britain,Standard,Agency,2025-11-03,15,2025-08-04 07:32:12,2025-09-05 14:01:00,M1,58.793,44.229
1608,2025-05-02,Available,Denmark,Standard,Agency,2025-10-07,18,2025-08-04 07:34:15,2025-09-05 10:46:04,M1,31.973,44.065
1609,2025-05-02,Available,Netherlands,Standard,Direct Sales,2025-09-03,23,2025-08-04 07:35:00,2025-08-22 15:16:55,M1,12.055,30.224
1610,2025-05-02,Reserved,Britain,Standard,Agency,2025-10-10,15,2025-08-04 07:31:16,2025-09-05 14:01:00,M1,34.812,44.229
1611,2025-05-02,Reserved,Britain,Standard,Agency,2025-11-07,15,2025-08-04 07:37:09,2025-09-05 14:01:00,M1,62.843,44.229
1612,2025-05-02,Reserved,Britain,Standard,Agency,2025-10-17,19,2025-08-04 07:32:16,2025-09-01 15:40:19,M1,45.973,40.298
1613,2025-05-02,Available,Switzerland,Standard,Agency,2025-10-07,11,2025-08-04 07:37:02,2025-08-08 10:16:12,M1,59.852,16.068
1614,2025-05-02,Available,Switzerland,Standard,Agency,2025-10-13,11,2025-08-27 10:38:24,2025-08-27 11:18:24,M1,47.419,35.057
1615,2025-05-02,Reserved,Britain,Standard,Agency,2025-09-19,19,2025-08-04 07:30:08,2025-09-01 14:59:46,M1,17.747,40.27
1616,2025-05-02,Available,France,Standard,Direct Sales,2025-11-14,23,2025-08-27 10:39:00,2025-09-19 09:28:53,M1,56.011,57.981
1617,2025-05-02,Reserved,Britain,Standard,Agency,2025-09-18,19,2025-08-04 07:31:21,2025-08-25 12:56:08,M1,24.846,33.184
1618,2025-05-02,Available,Netherlands,Standard,Direct Sales,2025-09-26,23,2025-08-27 10:42:23,2025-09-12 12:46:54,M1,14.048,51.119
1619,2025-05-02,Available,Denmark,Standard,Agency,2025-09-26,22,,2025-08-26 16:05:15,M1,33.913,34.256
1620,2025-05-02,Available,Denmark,Standard,Agency,2025-09-24,22,,2025-08-26 16:06:07,M1,28.745,34.257
1621,2025-05-02,Available,France,Standard,Direct Sales,2025-10-14,23,2025-08-27 10:38:23,2025-09-12 12:46:53,M1,32.1,51.119
1622,2025-05-02,Available,France,Standard,Direct Sales,2025-10-08,23,2025-08-27 10:37:10,2025-09-12 12:46:52,M1,26.067,51.119
1623,2025-05-02,Available,France,Standard,Direct Sales,2025-11-05,23,,2025-08-26 16:18:35,M1,70.984,34.266
1624,2025-05-02,Available,France,Standard,Direct Sales,2025-10-06,23,2025-08-27 10:41:01,2025-09-05 10:46:05,M1,31.192,44.035
1625,2025-06-05,Available,Denmark,Standard,Agency,2025-11-06,17,2025-09-12 10:58:12,2025-09-29 11:54:35,M1,38.024,68.082
1626,2025-06-05,Available,Denmark,Standard,Agency,2025-10-24,22,2025-09-12 10:58:25,2025-09-29 11:54:36,M1,25.096,68.082
1627,2025-06-05,Available,France,Standard,Direct Sales,2025-11-12,23,2025-09-12 10:59:02,2025-10-03 09:35:26,M1,40.27,71.986
1628,2025-06-05,Available,France,Standard,Direct Sales,2025-11-27,23,2025-09-12 11:00:21,2025-09-16 12:53:36,M1,71.829,55.123
1629,2025-06-05,Available,Netherlands,Standard,Direct Sales,2025-09-19,23,,2025-09-05 10:46:12,M1,14.187,
1630,2025-06-05,Available,Denmark,Standard,Agency,2025-10-01,17,,2025-09-05 10:45:52,M1,26.023,44.035
1631,2025-06-05,Available,Denmark,Standard,Agency,2025-10-24,17,,2025-09-05 10:45:59,M1,48.977,44.035
1632,2025-06-05,Available,Netherlands,Standard,Direct Sales,2025-10-10,23,,2025-09-05 10:45:13,M1,35.204,
1633,2025-06-05,Available,Switzerland,Standard,Agency,2025-10-27,11,2025-09-12 11:00:10,2025-09-24 13:12:37,M1,32.856,63.137
1634,2025-06-05,Available,Switzerland,Standard,Agency,2025-10-20,11,2025-09-12 11:02:07,2025-09-24 13:21:16,M1,25.711,63.143
1635,2025-06-05,Available,France,Standard,Direct Sales,2025-10-27,23,2025-09-12 10:58:19,2025-09-16 12:53:37,M1,41.024,55.123
1636,2025-06-05,Available,Switzerland,Standard,Agency,2025-10-27,11,2025-09-12 10:59:15,2025-09-24 16:47:45,M1,33.196,63.286
1637,2025-06-05,Available,Denmark,Standard,Agency,2025-10-02,17,,2025-09-05 10:45:57,M1,27.046,44.035
1638,2025-06-05,Available,Denmark,Standard,Agency,2025-11-27,22,2025-09-12 10:59:12,2025-09-29 11:54:39,M1,59.011,68.082
1639,2025-06-05,Available,France,Standard,Direct Sales,2025-10-17,23,,2025-09-09 14:20:33,M1,37.903,48.184
1640,2025-06-05,Available,France,Standard,Direct Sales,2025-11-07,23,,2025-09-08 07:33:35,M1,60.361,46.901
1641,2025-06-05,Available,France,Standard,Direct Sales,2025-10-27,23,2025-09-11 11:08:02,2025-09-11 11:12:22,M1,46.104,50.053
1642,2025-06-05,Available,Switzerland,Standard,Agency,2025-10-28,11,2025-09-12 10:59:20,2025-09-16 19:48:24,M1,42.076,55.411
1643,2025-06-05,Available,France,Standard,Direct Sales,2025-10-24,23,2025-09-12 10:59:21,2025-09-26 08:25:30,M1,28.285,64.937
1644,2025-06-26,Available,Britain,Standard,Agency,2025-11-10,5,2025-10-15 11:56:11,2025-10-30 10:12:35,M1,11.178,62.866
1645,2025-06-26,Available,Netherlands,Standard,Direct Sales,2025-11-03,23,2025-10-15 11:54:20,2025-10-16 11:37:34,M1,18.213,48.925
1646,2025-06-26,Available,Britain,Standard,Agency,2025-11-27,19,2025-10-15 11:57:05,2025-10-30 10:12:43,M1,28.138,62.866
1647,2025-06-26,Available,Netherlands,Standard,Direct Sales,2025-11-20,23,2025-10-15 11:53:10,2025-10-24 15:34:16,M1,27.082,57.089
1648,2025-06-26,Available,Britain,Standard,Agency,2025-11-19,5,2025-10-15 11:56:13,2025-10-30 10:12:36,M1,20.248,62.866
1649,2025-06-26,Available,Netherlands,Standard,Direct Sales,2025-11-04,23,2025-10-15 11:54:04,2025-10-16 11:37:23,M1,19.178,48.925
1650,2025-06-26,Available,Netherlands,Standard,Direct Sales,2025-11-12,23,2025-10-27 11:33:23,2025-10-29 10:48:26,M1,14.17,
1651,2025-06-26,Available,France,Standard,Direct Sales,2025-11-28,23,2025-10-27 11:30:16,2025-10-29 10:48:27,M1,29.921,58.128
1652,2025-08-05,Available,Netherlands,Standard,Direct Sales,2025-12-10,23,2025-11-17 13:11:20,2025-11-18 16:33:41,M1,21.853,64.333
1653,2025-08-05,Available,Netherlands,Standard,Direct Sales,2025-12-01,23,2025-11-17 13:11:07,2025-11-18 16:14:04,M1,13.044,64.32
1654,2025-08-05,Available,Netherlands,Standard,Direct Sales,2025-11-27,23,2025-11-17 13:10:17,2025-11-18 16:13:59,M1,9.009,64.32
1655,2025-08-05,Available,Netherlands,Standard,Direct Sales,2025-12-01,23,2025-11-17 13:14:24,2025-11-17 14:18:46,M1,14.057,63.24
1656,2025-08-05,Available,Netherlands,Standard,Direct Sales,2025-12-09,23,2025-11-17 13:14:04,2025-11-17 14:18:50,M1,22.125,63.24
1657,2025-08-05,Available,Britain,Standard,Agency,2025-12-09,5,2025-11-17 13:15:18,2025-11-26 21:04:01,M1,12.723,65.367
1658,2025-08-05,Available,Britain,Standard,Agency,2025-12-08,5,2025-11-17 13:17:07,2025-11-26 21:04:01,M1,6.653,65.367
1659,2025-08-05,Available,Netherlands,Standard,Direct Sales,2026-01-06,23,2025-11-17 13:14:19,2025-11-17 14:16:41,M1,50.009,56.085
1660,2025-08-05,Available,Belgium,Standard,Agency,2025-12-16,26,2025-11-17 13:15:20,2025-11-17 14:18:41,M1,28.959,56.086
1661,2025-08-05,Available,Britain,Standard,Agency,2026-01-05,19,2025-11-17 13:17:00,2025-11-26 20:45:02,M1,40.521,65.354
1662,2025-08-05,Available,France,Standard,Direct Sales,2025-12-29,23,2025-11-17 13:17:23,2025-11-17 14:18:50,M1,42.065,56.086
1663,2025-08-05,Available,France,Standard,Direct Sales,2025-12-26,23,2025-11-17 13:17:15,2025-11-17 14:18:46,M1,38.877,56.086
1664,2025-08-05,Available,Switzerland,Standard,Agency,2025-12-21,11,2025-11-25 15:30:08,2025-11-27 11:12:30,M1,24.134,65.957
1665,2025-08-05,Available,Belgium,Standard,Agency,2026-02-09,26,,2025-11-25 11:39:44,M1,76.107,63.976
1666,2025-08-05,Available,Britain,Standard,Agency,2026-01-02,15,2025-11-25 15:33:20,2025-11-29 10:22:32,M1,34.141,67.922
1667,2025-08-05,Available,Netherlands,Standard,Direct Sales,2025-12-09,23,,2025-11-25 11:39:52,M1,14.237,63.976
1668,2025-08-05,Available,Netherlands,Standard,Direct Sales,2025-11-28,23,,2025-11-25 11:39:58,M1,3.231,63.976
1669,2025-08-05,Available,Netherlands,Standard,Direct Sales,2025-12-08,23,,2025-11-25 13:01:57,M1,13.117,64.033
1670,2025-08-05,Available,France,Standard,Direct Sales,2026-01-09,23,,2025-12-19 13:35:27,M1,21.057,60.162
1671,2025-08-05,Available,France,Standard,Direct Sales,2026-02-07,23,2025-12-23 10:35:12,2026-01-02 13:33:41,M1,35.968,74.16
1672,2025-08-05,Available,France,Standard,Direct Sales,2026-01-02,23,,2025-12-19 13:35:22,M1,13.93,60.162
1673,2025-08-05,Available,France,Standard,Direct Sales,2026-02-03,23,,2025-12-19 13:35:22,M1,46.122,58.191
1674,2025-08-05,Available,France,Standard,Direct Sales,2026-01-21,23,,2025-12-19 13:35:16,M1,33.007,57.189
1675,2025-08-05,Available,France,Standard,Direct Sales,2026-01-09,23,,2025-12-19 13:35:26,M1,21.058,57.189
1676,2025-08-05,Available,France,Standard,Direct Sales,2026-02-06,23,,2025-12-19 13:35:25,M1,49.068,57.189
1677,2025-08-05,Available,France,Standard,Direct Sales,2026-01-30,23,,2025-12-19 13:35:21,M1,41.999,57.189
1678,2025-08-05,Available,France,Standard,Direct Sales,2026-01-07,23,,2025-12-19 13:35:24,M1,19.092,57.189
1679,2025-08-05,Available,France,Standard,Direct Sales,2026-02-06,23,2025-12-23 10:35:19,2026-01-08 17:28:53,M1,28.906,77.351
1680,2025-08-05,Available,France,Standard,Direct Sales,2026-01-09,23,,2025-12-19 13:35:21,M1,20.898,57.189
1681,2025-08-05,Available,France,Standard,Direct Sales,2026-02-04,23,,2025-12-19 13:35:31,M1,46.889,56.997
1682,2025-08-05,Available,Netherlands,Standard,Direct Sales,2026-02-04,23,2026-01-06 17:21:12,2026-01-07 12:01:30,M1,27.94,75.121
1683,2025-06-26,Available,France,Standard,Direct Sales,2026-02-20,23,2025-12-23 10:28:01,2026-01-02 13:33:41,M1,49.151,67.248
1684,2025-06-26,Available,France,Standard,Direct Sales,2026-01-08,23,,2025-12-19 13:35:29,M1,19.851,53.249
1685,2025-06-26,Available,France,Standard,Direct Sales,2026-02-04,23,,2025-12-19 13:35:25,M1,46.891,53.249
1686,2025-06-26,Available,Netherlands,Standard,Direct Sales,2026-01-26,23,2026-01-06 17:21:16,2026-01-07 12:01:39,M1,19.007,71.623
1687,2025-06-26,Available,Netherlands,Standard,Direct Sales,2026-01-22,23,2026-01-06 17:21:07,2026-01-07 12:01:43,M1,15.166,71.624
1688,2025-06-26,Available,France,Standard,Direct Sales,2026-03-09,23,2025-12-23 10:30:11,2026-01-02 13:33:42,M1,66.062,67.008
1689,2025-06-26,Available,Netherlands,Standard,Direct Sales,2026-04-09,23,2026-01-06 17:21:13,2026-01-07 12:01:30,M1,92.132,70.122
1690,2025-08-05,Available,Belgium,Standard,Agency,2026-03-06,20,2026-01-13 08:32:30,2026-01-14 12:00:21,M1,50.239,72.12
1691,2025-08-05,Available,France,Standard,Direct Sales,2026-02-24,23,2026-01-13 08:32:11,2026-01-14 10:56:58,M1,41.104,72.076
1692,2025-08-05,Available,France,Standard,Direct Sales,2026-02-06,23,2026-01-13 08:32:15,2026-01-14 10:57:06,M1,23.183,70.987
1693,2025-08-05,Available,France,Standard,Direct Sales,2026-02-06,23,2026-01-16 08:38:24,2026-01-20 11:12:02,M2,17.168,76.997
1694,2025-08-05,Available,Germany,Standard,Direct Sales,2026-03-25,23,2026-01-16 08:38:06,2026-02-04 08:16:05,M2,49.218,91.752
1695,2025-08-05,Available,Netherlands,Standard,Direct Sales,2026-03-10,23,2026-01-16 08:38:24,2026-03-05 13:39:13,M2,5.171,120.188
1696,2025-09-05,Available,France,Standard,Direct Sales,2026-01-30,23,2026-01-13 08:32:17,2026-01-14 10:56:32,M1,16.215,69.842
1697,2025-09-05,Available,France,Standard,Direct Sales,2026-02-07,23,2026-01-13 08:32:15,2026-01-14 10:57:04,M1,23.908,69.587
1698,2025-08-05,Available,Netherlands,Business,Direct Sales,2026-03-10,23,2026-01-13 08:32:22,2026-01-14 10:56:50,M1,55.136,68.76
1699,2025-08-05,Available,Britain,Standard,Agency,2026-03-20,9,2026-01-16 08:38:24,2026-02-10 16:43:23,M2,37.643,95.323
1700,2025-09-05,Available,France,Standard,Direct Sales,2026-02-06,23,2026-01-13 08:32:31,2026-01-14 10:57:07,M1,23.141,68.083
1701,2025-09-05,Available,France,Standard,Direct Sales,2026-02-02,23,2026-01-13 08:32:35,2026-01-14 10:56:38,M1,19.2,68.082
1702,2025-09-05,Available,France,Standard,Direct Sales,2026-02-25,23,2026-01-13 08:32:17,2026-01-14 10:57:09,M1,42.144,68.083
1703,2025-09-05,Available,France,Standard,Direct Sales,2026-02-06,23,2026-01-13 08:32:18,2026-01-14 10:56:39,M1,23.235,68.083
1704,2025-09-05,Available,Netherlands,Standard,Direct Sales,2026-01-29,23,2026-01-13 08:32:17,2026-01-14 10:56:34,M1,15.04,
1705,2025-10-13,Available,France,Standard,Direct Sales,2026-02-06,23,2026-01-13 08:33:16,2026-01-14 10:57:08,M1,23.141,66.009
1706,2025-09-05,Available,France,Standard,Direct Sales,2026-02-09,23,2026-01-13 08:32:21,2026-01-14 10:56:45,M1,26.213,66.008
1707,2025-10-13,Available,France,Standard,Direct Sales,2026-02-03,23,2026-01-13 08:32:17,2026-01-14 10:56:33,M1,20.184,65.151
1708,2025-10-13,Available,France,Standard,Direct Sales,2026-02-27,23,2026-01-13 08:32:18,2026-01-14 10:56:38,M1,43.957,65.151
1709,2025-10-13,Available,France,Standard,Direct Sales,2026-02-03,23,2026-01-13 08:32:27,2026-01-14 10:56:57,M1,20.04,65.152
1710,2025-09-05,Available,France,Standard,Direct Sales,2026-02-24,23,2026-01-13 08:32:06,2026-01-14 10:56:49,M1,41.102,65.151
1711,2025-09-05,Available,France,Standard,Direct Sales,2026-02-05,23,2026-01-13 08:32:56,2026-01-14 10:56:52,M1,22.032,62.024
1712,2025-09-05,Available,France,Standard,Direct Sales,2026-02-27,23,2026-01-13 08:32:42,2026-01-14 10:57:00,M1,44.035,62.024
1713,2025-10-13,Available,France,Standard,Direct Sales,2026-02-06,23,2026-01-13 08:32:50,2026-01-14 10:56:41,M1,23.191,62.024
1714,2025-10-13,Available,France,Standard,Direct Sales,2026-02-24,23,2026-01-13 08:32:39,2026-01-14 10:56:53,M1,41.111,62.024
1715,2025-10-13,Available,France,Standard,Direct Sales,2026-01-30,23,2026-01-13 08:32:42,2026-01-14 10:56:59,M1,16.169,62.024
1716,2025-10-13,Available,France,Standard,Direct Sales,2026-02-11,27,2026-01-13 08:32:51,2026-01-14 10:56:42,M1,27.991,62.024
1717,2025-10-13,Available,France,Standard,Direct Sales,2026-02-05,23,2026-01-13 08:32:39,2026-01-14 10:56:53,M1,21.992,62.024
1718,2025-09-05,Available,France,Standard,Direct Sales,2026-02-06,23,2026-01-13 08:32:28,2026-01-14 10:57:00,M1,23.199,62.024
1719,2025-09-05,Available,Netherlands,Standard,Direct Sales,2026-01-30,23,2026-01-13 08:32:20,2026-01-14 10:56:44,M1,16.142,62.024
1720,2025-10-13,Available,Netherlands,Standard,Direct Sales,2026-02-02,23,2026-01-13 08:32:32,2026-01-14 10:57:09,M1,19.227,62.024
1721,2025-10-13,Available,Netherlands,Standard,Direct Sales,2026-02-06,23,2026-01-13 08:32:17,2026-01-14 10:57:09,M1,23.261,62.024
1722,2025-09-05,Available,France,Standard,Direct Sales,2026-02-06,23,2026-01-13 08:32:15,2026-01-20 11:12:01,M1,17.141,68.034
1723,2025-10-13,Available,France,Standard,Direct Sales,2026-02-06,23,2026-01-13 08:32:28,2026-01-14 10:57:01,M1,23.114,62.024
1724,2025-10-13,Available,Switzerland,Standard,Agency,2026-01-28,11,2026-01-13 08:32:22,2026-01-21 14:18:39,M1,7.286,69.164
1725,2025-10-13,Available,France,Standard,Direct Sales,2026-02-06,23,2026-01-13 08:33:03,2026-01-14 10:57:02,M1,23.183,62.024
1726,2025-10-13,Available,France,Standard,Direct Sales,2026-02-05,23,2026-01-13 08:32:01,2026-01-14 10:56:36,M1,22.159,62.024
1727,2025-10-13,Available,France,Standard,Direct Sales,2026-03-05,23,2026-01-13 08:32:48,2026-01-14 10:56:37,M1,50.268,62.024
1728,2025-10-13,Available,France,Standard,Direct Sales,2026-02-05,23,2026-01-13 08:32:48,2026-01-14 10:56:38,M1,21.998,62.024
1729,2025-09-05,Available,Switzerland,Standard,Agency,2026-02-08,11,2026-01-28 11:05:10,2026-02-02 13:43:28,M2,6.331,75.121
1730,2025-09-05,Available,Britain,Standard,Agency,2026-02-26,5,2026-02-13 10:53:21,2026-02-18 15:41:04,M2,15.121,85.165
1731,2025-09-05,Available,Britain,Standard,Agency,2026-03-25,5,2026-02-13 10:53:02,2026-02-18 15:41:02,M2,35.029,85.165
1732,2025-09-05,Available,Britain,Standard,Agency,2026-03-10,5,2026-02-13 10:54:12,2026-02-18 15:41:11,M2,19.673,85.165
1733,2025-09-05,Available,Britain,Standard,Agency,2026-03-19,16,2026-02-13 10:54:23,2026-02-18 15:41:25,M2,27.726,84.138
1734,2025-09-05,Available,Britain,Standard,Agency,2026-03-30,16,2026-02-13 10:54:23,2026-02-18 15:41:27,M2,39.781,84.138
1735,2025-09-05,Reserved,Britain,Standard,Agency,2026-03-10,19,2026-02-13 10:54:26,2026-02-18 15:41:31,M2,19.749,84.138
1736,2025-09-05,Available,Britain,Standard,Agency,2026-04-09,19,2026-02-13 10:54:17,2026-02-18 15:41:07,M2,49.642,84.138
1737,2025-10-13,Available,Britain,Standard,Agency,2026-03-10,15,,2026-02-10 17:20:26,M2,26.581,75.293
1738,2025-10-13,Available,Britain,Standard,Agency,2026-03-10,15,,2026-02-10 17:20:26,M2,26.717,75.293
1739,2025-10-13,Available,Britain,Standard,Agency,2026-03-19,5,2026-02-13 10:54:27,2026-02-18 15:41:37,M2,20.757,83.225
1740,2025-10-13,Available,Britain,Standard,Agency,2026-02-19,5,2026-02-13 10:53:26,2026-02-18 15:41:38,M2,15.125,83.225
1741,2025-10-13,Available,Britain,Standard,Agency,2026-04-07,16,2026-02-13 10:52:12,2026-02-18 15:41:39,M2,47.693,83.225
1742,2025-10-13,Available,Britain,Standard,Agency,2026-03-06,16,2026-02-13 10:54:02,2026-02-18 15:41:03,M2,14.743,83.224
1743,2025-10-13,Available,Britain,Standard,Agency,2026-03-27,16,2026-02-13 10:52:05,2026-02-18 15:41:12,M2,36.662,83.224
1744,2025-10-13,Available,Britain,Standard,Agency,2026-03-10,16,2026-02-13 10:53:26,2026-02-18 15:41:40,M2,19.844,83.225
1745,2025-10-13,Available,Belgium,Standard,Agency,2026-04-18,20,2026-03-04 12:08:26,2026-03-12 13:12:32,M2,35.797,103.852
1746,2025-10-13,Available,Britain,Standard,Agency,2026-03-16,5,2026-02-13 10:52:10,2026-02-18 15:41:27,M2,42.968,79.339
1747,2025-10-13,Available,Britain,Display,Agency,2026-04-09,19,2026-02-13 10:52:05,2026-02-18 15:41:12,M2,,79.339
1748,2025-10-13,Available,France,Standard,Direct Sales,2026-03-10,27,,2026-02-11 09:05:47,M2,27.209,72.064
1749,2025-10-13,Available,Britain,Display,Agency,2026-04-09,19,2026-02-13 10:52:02,2026-02-18 15:41:02,M2,,79.339
1750,2025-10-13,Available,Britain,Standard,Agency,2026-04-13,19,2026-02-13 10:53:21,2026-02-18 15:41:02,M2,53.708,79.339
1751,2025-10-13,Available,Britain,Standard,Agency,2026-04-03,19,2026-02-13 10:53:13,2026-02-18 15:41:16,M2,43.862,79.339
1752,2025-10-13,Available,France,Standard,Direct Sales,2026-03-04,23,,2026-02-11 09:05:48,M2,21.112,72.064
1753,2025-10-13,Available,France,Standard,Direct Sales,2026-03-09,23,,2026-02-11 09:05:48,M2,26.247,71.956
1754,2025-10-13,Available,France,Standard,Direct Sales,2026-04-01,23,,2026-02-11 09:05:49,M2,49.014,65.052
1755,2025-10-13,Available,Britain,Standard,Agency,2026-04-06,9,,2026-02-10 17:20:26,M2,54.716,63.332
1756,2025-10-13,Available,Netherlands,Standard,Direct Sales,2026-04-09,23,2026-03-04 12:09:40,2026-03-27 08:27:33,M2,13.325,101.969
1757,2025-10-13,Available,Netherlands,Standard,Direct Sales,2026-04-08,23,2026-03-04 12:08:18,2026-03-27 08:27:26,M2,12.141,101.969
1758,2025-10-30,Available,France,Standard,Direct Sales,2026-04-07,23,2026-02-27 13:22:18,2026-03-12 13:12:41,M2,25.912,85.162
1759,2025-10-30,Available,Switzerland,Standard,Agency,2026-03-11,11,2026-02-27 13:23:23,2026-03-02 17:24:34,M2,9.135,73.215
1760,2025-11-28,Available,Denmark,Standard,Agency,2026-03-19,22,2026-03-02 09:18:29,2026-03-04 11:58:48,M2,15.053,72.132
1761,2025-10-30,Available,Switzerland,Standard,Agency,2026-03-11,11,2026-02-27 13:25:31,2026-03-02 17:28:40,M2,9.137,70.361
1762,2025-10-30,Available,Switzerland,Business,Agency,2026-03-11,11,2026-02-27 13:24:35,2026-03-04 09:46:16,M2,7.448,72.04
1763,2025-11-28,Available,Denmark,Standard,Agency,2026-04-16,22,2026-03-02 09:21:05,2026-03-04 11:58:11,M2,42.899,72.132
1764,2025-11-28,Available,Denmark,Standard,Agency,2026-03-11,22,2026-03-02 09:18:28,2026-03-04 11:58:47,M2,7.14,71.058
1765,2025-11-28,Available,Denmark,Standard,Agency,2026-03-10,18,2026-03-02 09:17:31,2026-03-02 14:40:54,M2,7.774,69.171
1766,2025-11-28,Available,Denmark,Standard,Agency,2026-03-25,18,2026-03-02 09:17:35,2026-03-02 14:41:00,M2,22.772,68.926
1767,2025-11-28,Available,Denmark,Standard,Agency,2026-03-10,17,2026-03-02 09:21:11,2026-03-02 14:40:58,M2,7.784,68.135
1768,2025-11-28,Available,Denmark,Standard,Agency,2026-04-02,17,2026-03-02 09:19:38,2026-03-02 14:40:59,M2,30.952,67.225
1769,2025-11-28,Available,Denmark,Standard,Agency,2026-04-07,22,2026-03-02 09:19:39,2026-03-04 11:58:47,M2,34.071,67.86
1770,2025-11-28,Available,Denmark,Standard,Agency,2026-03-20,17,2026-03-02 09:17:42,2026-03-02 14:41:10,M2,20.882,63.229
1771,2025-11-28,Available,Denmark,Service,Agency,2026-03-10,17,2026-03-02 09:17:27,2026-03-02 14:41:05,M2,7.953,63.229
1772,2025-11-28,Available,Denmark,Standard,Agency,2026-03-24,17,2026-03-02 09:17:41,2026-03-02 14:41:10,M2,22.07,63.229
1773,,Available,Britain,Standard,Agency,2025-06-06,19,2025-04-03 11:27:07,,M0,,
1774,,Available,France,Business,Direct Sales,2025-07-09,23,2025-07-09 09:52:00,,M0,,
1775,,Available,Britain,Business,Agency,2025-04-14,19,2025-04-03 11:27:07,,M0,,
1776,,Available,Britain,Business,Agency,2025-04-10,19,2025-04-08 16:38:48,,M0,,
1777,,Available,Netherlands,Standard,Direct Sales,2025-05-01,23,2025-04-08 14:54:04,,M0,,
1778,,Available,Netherlands,Standard,Direct Sales,2025-05-07,23,2025-04-08 14:52:21,,M0,,
1779,,Available,Netherlands,Standard,Direct Sales,2025-05-09,23,2025-04-08 14:54:01,,M0,,
1780,,Available,Netherlands,Standard,Direct Sales,2025-04-25,23,2025-04-08 14:53:19,,M0,,
1781,,Available,Netherlands,Standard,Direct Sales,2025-05-07,23,2025-04-08 14:55:08,,M0,,
1782,,Available,Netherlands,Standard,Direct Sales,2025-04-28,23,2025-04-08 14:54:06,,M0,,
1783,,Available,France,Standard,Direct Sales,2025-05-02,23,2025-04-08 14:55:09,,M0,,
1784,,Available,Netherlands,Standard,Direct Sales,2025-04-30,23,2025-04-08 14:52:15,,M0,,
1785,,Available,Netherlands,Standard,Direct Sales,2025-05-06,23,2025-04-08 14:50:21,,M0,,
1786,,Reserved,Britain,Standard,Agency,2025-05-27,19,2025-04-08 14:56:07,,M0,,
1787,,Available,Netherlands,Standard,Direct Sales,2025-05-07,23,2025-04-08 14:55:09,,M0,,
1788,,Available,Netherlands,Standard,Direct Sales,2025-05-05,23,2025-04-08 14:54:16,,M0,,
1789,,Available,Netherlands,Standard,Direct Sales,2025-04-29,23,2025-04-08 14:51:21,,M0,,
1790,,Available,Netherlands,Standard,Direct Sales,2025-05-05,23,2025-04-08 14:50:01,,M0,,
1791,,Available,Netherlands,Standard,Direct Sales,2025-05-07,23,2025-04-08 14:53:09,,M0,,
1792,,Available,Netherlands,Standard,Direct Sales,2025-04-29,23,2025-04-08 14:56:14,,M0,,
1793,,Reserved,Britain,Standard,Agency,2025-05-17,9,2025-04-21 10:05:08,,M0,,
1794,,Available,Netherlands,Standard,Direct Sales,2025-05-05,23,2025-04-08 14:57:04,,M0,,
1795,,Available,Britain,Standard,Agency,2025-06-30,9,2025-05-05 08:34:22,,M0,,
1796,,Available,Britain,Standard,Agency,2025-06-27,9,2025-05-05 08:35:16,,M0,,
1797,,Available,Britain,Standard,Agency,2025-06-03,9,2025-05-05 08:36:00,,M0,,
1798,,Available,Britain,Standard,Agency,2025-06-11,9,2025-05-05 08:37:03,,M0,,
1799,,Available,Britain,Standard,Agency,2025-06-16,9,2025-05-05 08:37:13,,M0,,
1800,,Available,Britain,Standard,Agency,2025-06-25,9,2025-05-05 08:35:20,,M0,,
1801,,Reserved,Britain,Standard,Agency,2025-06-06,9,2025-05-05 08:33:17,,M0,,
1802,,Reserved,Britain,Standard,Agency,2025-06-27,9,2025-05-05 08:32:01,,M0,,
1803,,Reserved,Britain,Standard,Agency,2025-06-09,9,2025-05-05 08:35:13,,M0,,
1804,,Available,Netherlands,Standard,Direct Sales,2025-05-30,23,2025-05-05 08:34:01,,M0,,
1805,,Available,Netherlands,Standard,Direct Sales,2025-05-22,23,2025-05-05 08:37:21,,M0,,
1806,,Reserved,Britain,Standard,Agency,2025-07-16,9,2025-05-05 08:32:22,,M0,,
1807,,Reserved,Britain,Standard,Agency,2025-06-12,9,2025-05-05 08:32:10,,M0,,
1808,,Reserved,Britain,Standard,Agency,2025-06-24,16,2025-05-05 08:37:17,,M0,,
1809,,Reserved,Britain,Standard,Agency,2025-06-09,16,2025-05-05 08:36:15,,M0,,
1810,,Reserved,Britain,Standard,Agency,2025-05-30,16,2025-05-05 08:32:10,,M0,,
1811,,Reserved,Britain,Standard,Agency,2025-06-13,16,2025-05-05 08:38:22,,M0,,
1812,,Reserved,Britain,Standard,Agency,2025-06-06,16,2025-05-05 08:37:09,,M0,,
1813,,Reserved,Britain,Standard,Agency,2025-06-20,16,2025-05-05 08:36:05,,M0,,
1814,,Reserved,Britain,Standard,Agency,2025-06-05,19,2025-05-05 08:32:22,,M0,,
1815,,Reserved,Britain,Standard,Agency,2025-05-29,19,2025-05-05 08:38:08,,M0,,
1816,,Reserved,Britain,Standard,Agency,2025-06-26,19,2025-05-05 08:32:11,,M0,,
1817,,Reserved,Britain,Standard,Agency,2025-06-04,19,2025-05-05 08:37:20,,M0,,
1818,,Reserved,Britain,Standard,Agency,2025-06-10,9,2025-05-05 08:34:18,,M0,,
1819,,Available,Britain,Standard,Agency,2025-05-29,9,2025-05-05 08:37:08,,M0,,
1820,,Reserved,Britain,Standard,Agency,2025-05-16,9,2025-05-05 08:36:09,,M0,,
1821,,Reserved,Britain,Standard,Agency,2025-06-06,9,2025-05-05 08:38:10,,M0,,
1822,2025-02-28,Available,Britain,Standard,Agency,2025-11-05,15,2025-06-17 11:28:17,2025-06-30 08:13:33,M0,127.429,
1823,2025-02-28,Reserved,Britain,Standard,Agency,2025-07-21,9,2025-06-17 11:32:16,2025-06-30 08:13:35,M0,21.076,
1824,2025-02-28,Reserved,Britain,Standard,Agency,2025-07-15,9,2025-06-17 11:30:24,,M0,,
1825,2025-02-28,Available,France,Standard,Direct Sales,2025-10-10,23,2025-06-17 11:26:23,2025-09-03 14:15:34,M0,36.99,42.183
1826,2025-02-28,Available,Britain,Standard,Agency,2025-09-24,15,2025-06-17 11:27:16,2025-06-30 08:13:35,M0,86.047,
1827,2025-02-28,Reserved,Britain,Standard,Agency,2025-07-17,9,2025-06-17 11:26:07,,M0,,
1828,2025-02-28,Available,Netherlands,Standard,Direct Sales,2025-07-03,23,2025-06-17 11:29:18,,M0,,
1829,2025-02-28,Available,Britain,Standard,Agency,2025-08-11,9,2025-06-17 11:26:17,2025-06-30 08:13:36,M0,42.111,
1830,2025-02-28,Available,Netherlands,Standard,Direct Sales,2025-06-30,23,2025-06-17 11:27:12,,M0,,
1831,2025-02-28,Available,Netherlands,Standard,Direct Sales,2025-07-01,23,2025-06-17 11:27:04,,M0,,
1832,2025-02-28,Available,Netherlands,Standard,Direct Sales,2025-07-02,23,2025-06-17 11:24:18,,M0,,
1833,2025-02-28,Reserved,Britain,Business,Agency,2025-07-02,5,2025-06-17 11:23:23,,M0,,
1834,2025-02-28,Available,Britain,Standard,Agency,2025-07-28,16,2025-06-17 11:24:17,,M0,,
1835,2025-02-28,Reserved,Britain,Standard,Agency,2025-07-21,9,2025-06-17 11:29:17,2025-06-30 08:13:37,M0,21.202,
1836,2025-02-28,Available,Britain,Standard,Agency,2025-08-04,9,2025-06-17 11:30:03,2025-06-30 08:13:37,M0,35.004,
1837,2025-02-28,Available,Britain,Standard,Agency,2025-08-27,9,2025-06-17 11:24:09,2025-06-30 08:13:38,M0,58.088,
1838,2025-02-28,Reserved,Britain,Standard,Agency,2025-07-09,19,2025-06-17 11:27:05,,M0,,
1839,2025-02-28,Available,Britain,Standard,Agency,2025-08-28,15,2025-06-17 11:25:13,,M0,,
1840,2025-02-28,Reserved,Britain,Business,Agency,2025-07-02,5,2025-06-17 11:25:13,,M0,,
1841,2025-02-28,Reserved,Britain,Standard,Agency,2025-07-18,9,2025-06-17 11:23:01,2025-06-30 08:13:38,M0,18.0,
1842,2025-02-28,Reserved,Britain,Standard,Agency,2025-07-10,19,2025-06-17 11:23:12,2025-06-30 08:13:39,M0,9.167,
1843,2025-02-28,Reserved,Britain,Standard,Agency,2025-07-07,19,2025-06-17 11:23:21,2025-06-30 08:13:39,M0,7.313,
1844,2025-02-28,Reserved,Britain,Standard,Agency,2025-07-04,19,2025-06-17 11:24:07,,M0,,
1845,2025-02-28,Available,Britain,Standard,Agency,2025-07-24,9,2025-06-17 11:25:06,,M0,,
1846,2025-02-28,Available,Britain,Standard,Agency,2025-08-01,9,2025-06-17 11:24:10,,M0,,
1847,2025-02-28,Reserved,Britain,Standard,Agency,2025-07-18,9,2025-06-17 11:30:24,,M0,,
1848,2025-02-28,Reserved,Britain,Standard,Agency,2025-07-15,9,2025-06-17 11:23:13,,M0,,
1849,2025-02-28,Available,Britain,Standard,Agency,2025-07-30,9,2025-06-17 11:30:10,2025-06-30 08:13:40,M0,30.229,
1850,2025-02-28,Reserved,Britain,Standard,Agency,2025-07-19,9,2025-06-17 11:28:02,,M0,,
1851,2025-02-28,Reserved,Britain,Standard,Agency,2025-07-04,9,2025-06-17 11:32:04,,M0,,
1852,2025-02-28,Reserved,Britain,Standard,Agency,2025-07-12,9,2025-06-17 11:29:23,2025-06-30 08:13:40,M0,12.02,
1853,2025-02-28,Reserved,Britain,Standard,Agency,2025-07-18,9,2025-06-17 11:31:23,2025-06-30 08:13:41,M0,18.166,
1854,2025-02-28,Reserved,Britain,Standard,Agency,2025-07-17,19,2025-06-17 11:31:04,2025-06-30 08:13:41,M0,17.197,
1855,2025-02-28,Reserved,Britain,Standard,Agency,2025-07-03,19,2025-06-17 11:30:09,,M0,,
1856,2025-02-28,Reserved,Britain,Standard,Agency,2025-07-10,19,2025-06-17 11:29:06,2025-06-30 08:13:42,M0,9.211,
1857,2025-03-28,Available,Netherlands,Standard,Direct Sales,2025-07-30,23,2025-06-17 11:30:20,,M0,,
1858,2025-03-28,Reserved,Denmark,Standard,Agency,2025-08-11,17,2025-07-07 11:38:12,2025-07-14 10:39:03,M0,27.937,
1859,2025-03-28,Reserved,Denmark,Standard,Agency,2025-09-02,18,2025-07-07 11:38:08,2025-07-16 18:25:34,M0,47.605,
1860,2025-03-28,Reserved,Denmark,Standard,Agency,2025-09-01,18,2025-07-07 11:39:11,2025-07-16 18:25:32,M0,46.832,
1861,2025-03-28,Reserved,Denmark,Standard,Agency,2025-11-07,18,2025-07-07 11:37:13,2025-07-16 18:25:34,M0,113.713,
1862,2025-03-28,Reserved,Denmark,Standard,Agency,2025-09-11,18,2025-07-07 11:38:18,2025-07-18 15:12:28,M0,54.686,
1863,2025-03-28,Reserved,Denmark,Standard,Agency,2025-08-28,18,2025-07-07 11:39:06,2025-07-18 15:12:30,M0,40.877,
1864,2025-03-28,Reserved,Denmark,Standard,Agency,2025-08-08,18,2025-07-07 11:37:18,2025-07-10 10:59:28,M0,28.969,
1865,2025-03-28,Reserved,Denmark,Standard,Agency,2025-08-22,18,2025-07-07 11:39:08,2025-07-10 10:59:28,M0,42.954,
1866,2025-03-28,Reserved,Denmark,Standard,Agency,2025-09-10,18,2025-07-07 11:39:19,2025-07-18 15:12:29,M0,53.846,
1867,2025-03-28,Reserved,Denmark,Standard,Agency,2025-08-06,17,2025-07-07 11:38:05,2025-07-22 07:43:17,M0,15.148,
1868,2025-03-28,Available,France,Standard,Direct Sales,2025-09-05,23,2025-07-07 11:39:21,2025-08-12 13:19:04,M0,23.961,20.144
1869,2025-03-28,Available,France,Standard,Direct Sales,2025-08-19,23,2025-07-07 11:37:05,2025-07-31 09:04:57,M0,19.071,7.967
1870,2025-03-28,Reserved,Denmark,Standard,Agency,2025-09-15,17,2025-07-14 12:42:07,2025-07-18 14:25:22,M0,58.786,
1871,2025-03-28,Available,France,Standard,Direct Sales,2025-09-24,23,2025-07-07 11:38:21,2025-08-12 13:19:04,M0,42.864,20.144
1872,2025-03-28,Available,France,Standard,Direct Sales,2025-08-28,23,2025-07-07 11:38:03,2025-08-07 12:37:38,M0,20.918,15.115
1873,2025-03-28,Available,France,Standard,Direct Sales,2025-09-01,23,2025-07-07 11:39:24,2025-08-12 13:19:06,M0,19.978,20.144
1874,2025-03-28,Available,France,Standard,Direct Sales,2025-09-05,23,2025-07-07 11:37:20,2025-08-07 12:37:39,M0,29.108,15.115
1875,2025-03-28,Available,France,Standard,Direct Sales,2025-10-10,23,2025-07-14 12:42:13,2025-09-02 15:00:09,M0,37.966,41.214
1876,2025-03-28,Available,France,Standard,Direct Sales,2025-09-18,23,2025-07-14 12:42:04,2025-08-21 12:30:51,M0,28.085,29.11
1877,2025-03-28,Available,France,Standard,Direct Sales,2025-08-22,23,2025-07-14 12:42:17,2025-07-30 08:00:02,M0,22.985,6.922
1878,2025-03-28,Reserved,Denmark,Standard,Agency,2025-10-10,22,2025-07-14 12:42:04,2025-08-22 15:18:22,M0,48.773,30.227
1879,2025-03-28,Reserved,Denmark,Standard,Agency,2025-08-20,18,2025-07-14 12:41:02,2025-07-22 20:09:47,M0,28.501,
1880,2025-03-28,Reserved,Denmark,Standard,Agency,2025-08-11,22,2025-07-14 12:42:04,2025-07-22 20:11:47,M0,43.623,
1881,2025-03-28,Available,Britain,Standard,Agency,2025-08-30,9,2025-07-14 12:41:06,2025-08-06 14:09:13,M0,23.837,
1882,2025-03-28,Available,France,Standard,Direct Sales,2025-08-22,23,2025-07-14 12:41:06,2025-07-25 20:56:33,M0,27.716,
1883,2025-03-28,Available,France,Standard,Direct Sales,2025-08-20,23,2025-07-14 12:42:17,2025-07-28 11:46:42,M0,23.0,
1884,2025-03-28,Available,France,Standard,Direct Sales,2025-08-19,23,2025-07-14 12:41:17,2025-07-28 11:45:54,M0,22.068,
1885,2025-03-28,Available,Britain,Standard,Agency,2025-08-08,19,2025-07-14 12:41:24,2025-08-05 15:32:29,M0,2.763,
1886,2025-03-28,Available,France,Standard,Direct Sales,2025-10-13,23,2025-07-14 12:42:21,2025-09-03 14:15:31,M0,40.15,
1887,2025-03-28,Available,France,Standard,Direct Sales,2025-08-09,23,2025-07-14 12:42:02,2025-07-28 11:45:53,M0,11.984,
1888,2025-03-28,Available,France,Standard,Direct Sales,2025-08-09,23,2025-07-14 12:41:00,2025-07-28 11:45:50,M0,11.983,
1889,2025-03-28,Available,France,Standard,Direct Sales,2025-10-15,23,2025-07-14 12:42:13,2025-09-03 14:15:23,M0,42.045,
1890,2025-03-28,Available,France,Standard,Direct Sales,2025-08-21,23,2025-07-14 12:41:06,2025-07-28 11:45:51,M0,23.93,
1891,2025-03-28,Available,France,Business,Direct Sales,2026-03-10,23,2025-07-14 12:42:10,2025-07-28 11:45:54,M0,225.131,
1892,2025-05-02,Available,Denmark,Standard,Agency,2025-08-26,22,2025-08-04 07:34:11,2025-08-07 10:18:23,M1,19.102,15.065
1893,2025-05-02,Available,Denmark,Standard,Agency,2025-08-29,17,2025-08-04 07:35:23,2025-08-07 10:18:27,M1,22.027,15.065
1894,2025-05-02,Available,France,Standard,Direct Sales,2025-08-27,23,2025-08-04 07:35:22,2025-08-04 14:30:14,M1,22.918,
1895,2025-05-02,Available,Switzerland,Standard,Agency,2025-08-22,11,2025-08-04 07:30:15,2025-08-08 10:13:07,M1,16.43,16.066
1896,2025-05-02,Available,Britain,Standard,Agency,2025-11-06,15,2025-08-04 07:37:10,2025-08-14 09:47:33,M1,84.165,22.019
1897,2025-05-02,Available,Netherlands,Standard,Direct Sales,2025-09-05,23,2025-08-04 07:30:09,2025-08-22 15:16:55,M1,14.079,30.26
1898,2025-05-02,Available,Switzerland,Standard,Agency,2025-09-03,11,2025-08-04 07:32:13,2025-08-08 08:35:21,M1,26.179,15.998
1899,2025-05-02,Available,France,Standard,Direct Sales,2025-09-09,23,2025-08-04 07:36:18,2025-08-04 14:30:14,M1,35.914,
1900,2025-05-02,Available,Netherlands,Standard,Direct Sales,2025-09-03,23,2025-08-04 07:31:11,2025-08-22 15:16:54,M1,12.056,30.26
1901,2025-05-02,Available,Britain,Standard,Agency,2025-11-05,15,2025-08-04 07:36:22,2025-08-14 09:47:43,M1,82.37,22.019
1902,2025-05-02,Available,Denmark,Standard,Agency,2025-10-06,18,2025-08-04 07:33:07,2025-09-05 10:45:58,M1,31.114,44.071
1903,2025-05-02,Available,Denmark,Standard,Agency,2025-12-02,18,2025-08-04 07:30:08,2025-09-05 10:46:03,M1,87.9,44.072
1904,2025-05-02,Available,Denmark,Standard,Agency,2025-10-15,18,2025-08-04 07:30:22,2025-09-05 10:46:07,M1,40.044,44.072
1905,2025-05-02,Available,Denmark,Standard,Agency,2025-10-10,18,2025-08-04 07:30:19,2025-09-05 10:45:16,M1,34.967,44.071
1906,2025-05-02,Available,Britain,Standard,Agency,2025-09-23,15,2025-08-04 07:35:24,2025-08-14 09:47:45,M1,39.162,22.019
1907,2025-05-02,Reserved,Britain,Standard,Agency,2025-09-12,19,2025-08-04 07:32:02,2025-09-01 14:59:47,M1,10.887,40.27
1908,2025-05-02,Available,Denmark,Standard,Agency,2025-08-27,22,2025-08-04 07:34:09,2025-08-07 10:18:17,M1,19.95,15.065
1909,2025-05-02,Available,Britain,Standard,Agency,2025-09-24,15,2025-08-04 07:34:24,2025-08-14 09:47:45,M1,41.125,22.019
1910,2025-05-02,Available,Britain,Standard,Agency,2025-09-17,15,2025-08-04 07:36:25,2025-08-14 09:47:22,M1,33.979,22.018
1911,2025-05-02,Available,Denmark,Standard,Agency,2025-09-30,17,2025-08-04 07:34:12,2025-08-25 10:50:17,M1,36.101,33.087
1912,2025-05-02,Available,Belgium,Standard,Agency,2025-10-28,20,2025-08-04 07:36:19,2025-08-26 13:25:49,M1,60.052,34.176
1913,2025-05-02,Available,Denmark,Standard,Agency,2025-11-11,17,2025-08-04 07:36:14,2025-09-05 10:45:11,M1,67.061,44.065
1914,2025-05-02,Available,Denmark,Standard,Agency,2025-12-09,18,2025-08-27 10:42:04,2025-09-03 14:15:28,M1,95.769,42.18
1915,2025-05-02,Available,Denmark,Standard,Agency,2025-09-25,17,2025-08-27 10:39:08,2025-09-03 14:15:35,M1,21.887,42.18
1916,2025-05-02,Available,Denmark,Standard,Agency,2025-10-27,17,2025-08-27 10:42:14,2025-09-03 14:15:37,M1,53.831,42.18
1917,2025-05-02,Available,France,Standard,Direct Sales,2025-11-05,23,2025-08-27 10:40:11,2025-09-15 14:56:17,M1,51.0,54.208
1918,2025-05-02,Available,Britain,Standard,Agency,2025-11-13,9,2025-08-27 10:39:04,2025-09-08 08:14:15,M1,66.372,46.929
1919,2025-05-02,Available,Britain,Standard,Agency,2025-11-25,9,2025-08-27 10:40:02,2025-09-08 08:14:19,M1,78.202,46.929
1920,2025-05-02,Available,France,Standard,Direct Sales,2025-09-24,23,,2025-08-26 16:18:36,M1,28.755,34.266
1921,2025-05-02,Available,France,Standard,Direct Sales,2025-09-24,23,,2025-08-26 16:18:36,M1,28.837,34.266
1922,2025-05-02,Available,Denmark,Standard,Agency,2025-11-29,17,,2025-08-26 16:05:09,M1,94.796,34.256
1923,2025-05-02,Available,Switzerland,Standard,Agency,2025-10-28,11,2025-08-27 10:40:23,2025-09-16 20:00:54,M1,42.071,55.42
1924,2025-05-02,Available,France,Standard,Direct Sales,2025-09-26,23,,2025-08-26 16:17:52,M1,31.0,34.265
1925,2025-05-02,Available,Switzerland,Standard,Agency,2025-10-28,11,2025-08-27 10:41:09,2025-09-16 20:00:53,M1,42.072,55.42
1926,2025-05-02,Available,France,Demo,Direct Sales,2026-04-03,23,,2025-08-26 16:17:47,M1,220.015,34.265
1927,2025-05-02,Available,France,Standard,Direct Sales,2025-09-24,23,,2025-08-26 16:17:51,M1,28.899,34.265
1928,2025-05-02,Available,France,Standard,Direct Sales,2025-10-03,23,,2025-08-26 16:17:48,M1,37.9,34.265
1929,2025-05-02,Available,Norway,Standard,Direct Sales,2025-09-11,23,,2025-08-26 16:10:54,M1,16.014,
1930,2025-05-02,Available,France,Standard,Direct Sales,2025-10-06,23,,2025-08-26 16:18:28,M1,40.968,34.266
1931,2025-06-05,Available,Denmark,Standard,Agency,2025-11-07,17,2025-09-12 10:59:08,2025-09-29 11:54:34,M1,39.193,68.082
1932,2025-06-05,Available,France,Standard,Direct Sales,2025-10-21,23,2025-09-12 11:00:06,2025-09-15 14:56:21,M1,35.879,54.208
1933,2025-06-05,Available,Netherlands,Standard,Direct Sales,2025-10-13,23,2025-09-12 11:00:21,2025-09-26 08:25:32,M1,17.163,64.937
1934,2025-06-05,Available,Belgium,Standard,Agency,2025-11-04,20,2025-09-12 11:00:17,2025-09-17 11:56:20,M1,44.204,56.083
1935,2025-06-05,Available,Switzerland,Standard,Agency,2025-10-20,11,2025-09-12 11:02:06,2025-09-24 13:21:18,M1,25.713,63.142
1936,2025-06-05,Available,Denmark,Standard,Agency,2025-11-10,17,2025-09-12 10:59:22,2025-09-29 11:54:31,M1,41.927,68.082
1937,2025-06-05,Available,Denmark,Standard,Agency,2025-11-09,22,,2025-09-05 10:45:53,M1,65.448,44.034
1938,2025-06-05,Available,Denmark,Standard,Agency,2025-09-22,22,,2025-09-05 10:45:08,M1,17.201,44.034
1939,2025-06-05,Available,Denmark,Standard,Agency,2025-09-29,22,,2025-09-05 10:45:13,M1,24.222,44.034
1940,2025-06-05,Available,Denmark,Standard,Agency,2025-10-15,17,2025-09-12 11:00:07,2025-09-29 11:54:33,M1,15.972,68.082
1941,2025-06-05,Available,Denmark,Standard,Agency,2025-09-23,22,,2025-09-05 10:45:11,M1,17.969,44.034
1942,2025-06-05,Available,Switzerland,Standard,Agency,2025-10-28,11,2025-09-12 11:00:09,2025-09-25 11:17:21,M1,33.429,64.056
1943,2025-06-05,Available,Denmark,Standard,Agency,2025-11-11,17,2025-09-12 11:00:18,2025-09-29 11:54:40,M1,43.101,68.082
1944,2025-06-05,Available,Denmark,Standard,Agency,2025-10-27,17,2025-09-12 11:00:06,2025-09-29 11:54:30,M1,27.907,68.082
1945,2025-06-05,Available,Denmark,Standard,Agency,2025-11-11,17,2025-09-12 11:02:07,2025-09-29 11:54:42,M1,43.114,68.082
1946,2025-06-05,Available,Switzerland,Standard,Agency,2025-10-20,11,2025-09-12 10:59:13,2025-09-24 13:21:16,M1,25.718,63.142
1947,2025-06-05,Available,Denmark,Standard,Agency,2025-11-10,17,2025-09-12 10:59:19,2025-09-29 11:54:45,M1,42.129,68.082
1948,2025-06-05,Available,Denmark,Standard,Agency,2025-11-06,18,2025-09-12 10:59:23,2025-09-29 11:54:34,M1,38.031,68.082
1949,2025-06-05,Available,France,Standard,Direct Sales,2025-11-11,23,2025-09-12 11:00:05,2025-09-26 08:25:31,M1,46.155,64.937
1950,2025-06-05,Available,France,Standard,Direct Sales,2025-10-22,23,2025-09-12 10:59:08,2025-09-15 14:56:15,M1,36.896,54.208
1951,2025-06-05,Available,Netherlands,Standard,Direct Sales,2025-10-06,23,2025-09-12 10:58:18,2025-09-16 12:53:36,M1,20.198,
1952,2025-06-05,Available,Britain,Standard,Agency,2025-10-30,16,2025-09-12 10:59:06,2025-09-30 08:50:20,M1,29.01,68.954
1953,2025-06-05,Available,Denmark,Standard,Agency,2025-10-13,18,,2025-09-05 10:45:09,M1,38.135,44.034
1954,2025-06-05,Available,Denmark,Standard,Agency,2025-10-03,18,,2025-09-05 10:45:12,M1,27.971,44.034
1955,2025-06-26,Available,Britain,Standard,Agency,2025-11-07,5,2025-10-15 11:53:07,2025-10-30 10:12:43,M1,8.212,62.865
1956,2025-06-26,Available,Britain,Standard,Agency,2025-11-24,5,2025-10-15 11:54:18,2025-10-30 10:12:42,M1,24.506,62.865
1957,2025-06-26,Available,Britain,Standard,Agency,2025-11-21,9,2025-10-15 11:54:03,2025-10-30 10:12:37,M1,22.116,62.798
1958,2025-06-26,Available,Britain,Standard,Agency,2025-11-18,9,2025-10-15 11:53:03,2025-10-30 10:12:41,M1,19.078,62.798
1959,2025-06-26,Available,Britain,Standard,Agency,2025-11-27,19,2025-10-15 11:53:06,2025-10-30 10:12:41,M1,28.22,62.865
1960,2025-06-26,Available,Belgium,Standard,Agency,2025-12-08,26,2025-10-15 11:56:12,2025-10-16 11:37:20,M1,52.968,48.924
1961,2025-06-26,Available,Britain,Standard,Agency,2025-11-15,19,2025-10-15 11:54:09,2025-10-30 10:12:39,M1,15.274,62.865
1962,2025-06-26,Available,Slovenia,Standard,Agency,2025-12-02,21,2025-10-15 11:57:04,2025-10-16 11:37:35,M1,47.123,48.924
1963,2025-06-26,Available,Britain,Standard,Agency,2025-11-17,19,2025-10-15 11:55:03,2025-10-30 10:12:32,M1,18.136,62.798
1964,2025-06-26,Available,Britain,Standard,Agency,2025-11-25,16,2025-10-15 11:56:08,2025-10-30 10:12:34,M1,25.047,62.865
1965,2025-06-26,Available,Britain,Standard,Agency,2025-11-18,16,2025-10-15 11:52:20,2025-10-30 10:12:38,M1,17.995,62.865
1966,2025-06-26,Available,Britain,Standard,Agency,2025-11-13,16,2025-10-15 11:52:14,2025-10-30 10:12:36,M1,13.138,62.865
1967,2025-06-26,Available,Denmark,Standard,Agency,2025-12-17,18,2025-10-27 11:33:14,2025-11-03 16:38:47,M1,44.952,60.367
1968,2025-06-26,Available,Britain,Standard,Agency,2025-11-12,16,2025-10-15 11:52:23,2025-10-30 10:12:38,M1,12.203,62.865
1969,2025-08-05,Available,Britain,Standard,Agency,2025-12-18,16,2025-11-17 13:13:21,2025-11-26 20:45:03,M1,19.697,72.508
1970,2025-08-05,Available,Netherlands,Standard,Direct Sales,2025-12-02,23,2025-11-17 13:14:09,2025-11-18 16:13:47,M1,14.145,64.32
1971,2025-08-05,Available,Netherlands,Standard,Direct Sales,2025-12-26,23,2025-11-17 13:13:04,2025-11-28 16:39:53,M1,28.047,74.338
1972,2025-08-05,Available,Netherlands,Standard,Direct Sales,2025-12-08,23,2025-11-17 13:13:21,2025-11-17 14:14:26,M1,20.81,63.237
1973,2025-08-05,Available,Netherlands,Standard,Direct Sales,2025-12-01,23,2025-11-17 13:17:22,2025-11-18 16:14:25,M1,13.016,64.32
1974,2025-08-05,Available,Netherlands,Standard,Direct Sales,2025-11-28,23,2025-11-17 13:09:15,2025-11-17 14:16:34,M1,11.066,63.238
1975,2025-08-05,Available,Netherlands,Standard,Direct Sales,2025-11-26,23,2025-11-17 13:08:06,2025-11-18 16:13:34,M1,8.073,57.166
1976,2025-08-05,Available,Britain,Standard,Agency,2025-12-13,9,2025-11-17 13:16:06,2025-11-26 20:35:12,M1,16.691,65.347
1977,2025-08-05,Available,Britain,Standard,Agency,2025-12-25,9,2025-11-17 13:14:10,2025-11-26 20:45:02,M1,28.646,65.354
1978,2025-08-05,Available,Britain,Standard,Agency,2026-02-23,9,2025-11-17 13:15:23,2025-11-26 20:35:13,M1,88.698,65.347
1979,2025-08-05,Available,Britain,Standard,Agency,2025-12-19,9,2025-11-17 13:15:14,2025-11-26 20:45:03,M1,22.513,65.354
1980,2025-08-05,Available,Britain,Standard,Agency,2025-12-18,16,2025-11-17 13:16:05,2025-11-26 20:45:03,M1,19.694,65.354
1981,2025-08-05,Available,Britain,Standard,Agency,2025-12-18,5,2025-11-17 13:17:25,2025-11-26 21:04:02,M1,21.789,65.367
1982,2025-08-05,Available,Britain,Standard,Agency,2025-12-09,5,2025-11-17 13:15:14,2025-11-26 21:04:00,M1,6.656,65.367
1983,2025-08-05,Available,Greece,Standard,Agency,2026-02-26,10,2025-11-17 13:17:08,2025-11-18 16:33:41,M1,96.825,57.18
1984,2025-08-05,Available,Britain,Standard,Agency,2025-12-25,19,2025-11-25 15:31:12,2025-11-29 10:22:35,M1,26.203,67.922
1985,2025-08-05,Available,Britain,Standard,Agency,2025-12-09,5,2025-11-17 13:16:08,2025-11-26 21:04:01,M1,6.664,65.367
1986,2025-08-05,Available,Britain,Standard,Agency,2025-12-26,19,2025-11-17 13:14:09,2025-11-26 20:45:02,M1,29.497,65.354
1987,2025-08-05,Available,Britain,Standard,Agency,2025-12-09,5,2025-11-25 15:31:18,2025-11-29 10:22:35,M1,10.12,67.922
1988,2025-08-05,Available,Netherlands,Standard,Direct Sales,2026-01-06,23,,2025-11-25 11:39:46,M1,42.138,63.976
1989,2025-08-05,Available,Britain,Standard,Agency,2026-01-02,15,2025-11-25 15:30:26,2025-11-29 10:22:36,M1,34.175,67.922
1990,2025-08-05,Available,France,Standard,Direct Sales,2026-01-02,23,,2025-12-19 13:35:16,M1,14.055,60.161
1991,2025-08-05,Available,France,Standard,Direct Sales,2026-01-09,23,,2025-12-19 13:35:31,M1,20.861,60.162
1992,2025-08-05,Available,Netherlands,Standard,Direct Sales,2026-01-23,23,2026-01-06 17:21:13,2026-01-07 12:01:32,M1,15.969,79.096
1993,2025-08-05,Available,France,Standard,Direct Sales,2026-01-09,23,,2025-12-19 13:35:23,M1,20.858,60.162
1994,2025-08-05,Available,France,Standard,Direct Sales,2026-02-07,23,2025-12-23 10:35:06,2026-01-02 13:33:44,M1,35.798,74.16
1995,2025-08-05,Available,Britain,Standard,Agency,2026-02-12,3,2025-12-23 10:33:25,2026-01-06 11:48:52,M1,36.956,76.117
1996,2025-08-05,Available,Britain,Standard,Agency,2026-01-09,3,2025-12-23 10:33:17,2026-01-06 11:48:52,M1,2.062,76.117
1997,2025-08-05,Available,France,Standard,Direct Sales,2026-01-09,23,,2025-12-19 13:35:33,M1,21.058,57.189
1998,2025-08-05,Available,France,Standard,Direct Sales,2026-02-04,23,,2025-12-19 13:35:20,M1,47.03,57.189
1999,2025-08-05,Available,France,Standard,Direct Sales,2026-01-08,23,,2025-12-19 13:35:27,M1,20.109,56.997
2000,2025-08-05,Available,Netherlands,Standard,Direct Sales,2026-02-04,23,2026-01-06 17:21:14,2026-01-16 11:57:53,M1,18.974,84.118
2001,2025-08-05,Available,Netherlands,Standard,Direct Sales,2026-01-28,23,2026-01-06 17:21:03,2026-01-07 12:01:30,M1,20.888,75.121
2002,2025-08-05,Available,France,Standard,Direct Sales,2026-02-06,23,2025-12-23 10:30:23,2026-01-02 13:33:42,M1,35.09,70.185
2003,2025-06-26,Available,France,Standard,Direct Sales,2026-01-30,23,,2025-12-19 13:35:18,M1,42.112,56.186
2004,2025-06-26,Available,France,Standard,Direct Sales,2026-01-09,23,,2025-12-19 13:35:32,M1,20.841,56.186
2005,2025-06-26,Available,France,Standard,Direct Sales,2026-01-27,23,,2025-12-19 13:35:17,M1,38.846,53.249
2006,2025-06-26,Available,France,Standard,Direct Sales,2026-01-26,23,,2025-12-19 13:35:30,M1,37.807,53.249
2007,2025-06-26,Available,France,Standard,Direct Sales,2026-01-05,23,,2025-12-19 13:35:25,M1,17.066,53.249
2008,2025-06-26,Available,France,Standard,Direct Sales,2026-01-09,23,,2025-12-19 13:35:16,M1,21.082,53.249
2009,2025-06-26,Available,France,Standard,Direct Sales,2026-02-02,23,,2025-12-19 13:35:19,M1,45.137,53.249
2010,2025-06-26,Available,France,Standard,Direct Sales,2026-01-27,23,2025-12-23 10:29:04,2026-01-02 09:37:19,M1,25.269,66.844
2011,2025-06-26,Available,Netherlands,Standard,Direct Sales,2026-02-23,23,2026-01-06 17:21:17,2026-01-07 12:01:41,M1,47.152,71.944
2012,2025-06-26,Available,France,Standard,Direct Sales,2026-01-05,23,,2025-12-19 13:35:17,M1,17.053,52.689
2013,2025-06-26,Available,Netherlands,Standard,Direct Sales,2026-01-26,23,2026-01-06 17:21:19,2026-01-07 12:01:44,M1,19.147,70.827
2014,2025-06-26,Available,Britain,Standard,Agency,2026-02-26,19,2026-01-06 17:21:13,2026-01-21 17:56:16,M1,35.863,85.073
2015,2025-06-26,Available,Britain,Display,Agency,2026-04-09,19,2026-01-06 17:21:03,2026-01-21 17:56:16,M1,,85.073
2016,2025-06-26,Available,Netherlands,Standard,Direct Sales,2026-01-22,23,2026-01-06 17:21:16,2026-01-12 15:34:24,M1,10.021,75.974
2017,2025-06-26,Available,Britain,Standard,Agency,2026-03-03,19,2026-01-06 17:21:10,2026-01-21 17:56:14,M1,40.648,84.368
2018,2025-08-05,Available,Switzerland,Standard,Agency,2026-01-28,11,2026-01-13 08:32:11,2026-01-21 14:20:44,M1,7.288,79.217
2019,2025-08-05,Available,Switzerland,Standard,Agency,2026-01-28,11,2026-01-13 08:32:52,2026-01-21 14:20:44,M1,7.285,79.217
2020,2025-08-05,Available,Britain,Standard,Agency,2026-03-10,5,2026-01-16 08:38:26,2026-02-13 10:55:58,M2,23.892,100.986
2021,2025-08-05,Available,Britain,Business,Agency,2026-03-10,15,2026-01-16 08:38:11,2026-02-10 17:10:25,M2,27.64,97.102
2022,2025-09-05,Available,Switzerland,Standard,Agency,2026-01-28,11,2026-01-13 08:32:06,2026-01-21 14:20:45,M1,7.286,76.729
2023,2025-08-05,Available,Britain,Standard,Agency,2026-03-10,9,2026-01-16 08:38:01,2026-02-13 10:55:58,M2,25.215,99.062
2024,2025-08-05,Available,Britain,Standard,Agency,2026-04-08,9,2026-01-16 08:38:07,2026-02-13 10:55:54,M2,54.083,98.76
2025,2025-08-05,Available,Britain,Standard,Agency,2026-04-17,16,2026-01-16 08:38:10,2026-02-13 10:55:58,M2,62.854,98.082
2026,2025-09-05,Available,Netherlands,Standard,Direct Sales,2026-02-06,23,2026-01-13 08:32:20,2026-01-14 10:56:43,M1,23.156,68.083
2027,2025-09-05,Available,France,Standard,Direct Sales,2026-02-06,23,2026-01-13 08:32:14,2026-01-14 10:57:04,M1,23.187,68.083
2028,2025-09-05,Available,France,Standard,Direct Sales,2026-03-05,23,2026-01-13 08:32:22,2026-01-14 10:56:46,M1,49.995,68.083
2029,2025-09-05,Available,Denmark,Standard,Agency,2026-03-06,22,2026-01-13 08:32:24,2026-01-16 09:58:47,M1,49.104,70.042
2030,2025-09-05,Available,France,Standard,Direct Sales,2026-02-18,23,2026-01-13 08:32:18,2026-01-20 11:11:53,M1,28.912,74.093
2031,2025-09-05,Available,France,Standard,Direct Sales,2026-02-06,23,2026-01-13 08:33:00,2026-01-14 10:57:00,M1,23.183,68.083
2032,2025-09-05,Available,France,Standard,Direct Sales,2026-01-27,23,2026-01-13 08:32:06,2026-01-14 10:56:49,M1,13.183,68.083
2033,2025-09-05,Available,France,Standard,Direct Sales,2026-02-26,23,2026-01-13 08:32:46,2026-01-14 10:56:35,M1,43.123,66.008
2034,2025-09-05,Available,Netherlands,Standard,Direct Sales,2026-03-02,23,2026-01-13 08:32:41,2026-01-26 14:01:55,M1,35.155,78.137
2035,2025-09-05,Available,France,Standard,Direct Sales,2026-02-27,23,2026-01-13 08:32:32,2026-01-14 10:57:08,M1,44.035,66.009
2036,2025-10-13,Available,Netherlands,Standard,Direct Sales,2026-01-28,23,2026-01-13 08:32:06,2026-01-14 10:56:48,M1,14.148,65.151
2037,2025-10-13,Available,France,Standard,Direct Sales,2026-02-06,23,2026-01-13 08:32:14,2026-01-14 10:57:04,M1,23.201,65.152
2038,2025-10-13,Available,France,Standard,Direct Sales,2026-02-06,23,2026-01-13 08:33:04,2026-01-14 10:57:06,M1,23.201,65.152
2039,2025-10-13,Available,France,Standard,Direct Sales,2026-02-03,23,2026-01-13 08:32:15,2026-01-14 10:57:05,M1,19.996,65.152
2040,2025-09-05,Available,Italy,Business,Agency,2026-03-02,13,2026-01-13 08:32:36,2026-01-22 10:30:56,M1,39.349,70.006
2041,2025-10-13,Available,Netherlands,Standard,Direct Sales,2026-03-06,23,2026-01-13 08:32:33,2026-01-14 10:57:10,M1,50.944,62.024
2042,2025-09-05,Available,Netherlands,Standard,Direct Sales,2026-02-04,23,2026-01-13 08:32:38,2026-01-22 10:30:52,M1,13.008,70.006
2043,2025-10-13,Available,Netherlands,Standard,Direct Sales,2026-01-30,23,2026-01-13 08:32:22,2026-01-14 10:56:48,M1,16.14,62.024
2044,2025-10-13,Available,Netherlands,Standard,Direct Sales,2026-02-04,23,2026-01-13 08:32:20,2026-01-14 10:56:44,M1,21.011,62.024
2045,2025-10-13,Available,Netherlands,Business,Direct Sales,2026-03-09,23,2026-01-13 08:32:30,2026-01-14 10:57:03,M1,53.994,62.024
2046,2025-10-13,Available,Netherlands,Standard,Direct Sales,2026-02-05,23,2026-01-13 08:32:20,2026-01-14 10:56:44,M1,22.23,62.024
2047,2025-10-13,Available,Netherlands,Standard,Direct Sales,2026-02-06,23,2026-01-13 08:32:30,2026-01-14 10:57:06,M1,22.99,62.024
2048,2025-09-05,Available,Denmark,Standard,Agency,2026-02-09,22,2026-01-13 08:32:10,2026-01-16 09:58:37,M1,24.203,63.983
2049,2025-09-05,Available,Denmark,Standard,Agency,2026-02-20,18,2026-01-13 08:32:07,2026-01-14 12:00:23,M1,36.892,62.068
2050,2025-09-05,Available,Denmark,Standard,Agency,2026-03-05,18,2026-01-13 08:32:10,2026-01-14 12:00:22,M1,50.005,62.068
2051,2025-10-13,Available,Denmark,Standard,Agency,2026-01-31,22,2026-01-13 08:32:57,2026-01-16 09:58:33,M1,15.13,63.983
2052,2025-10-13,Available,Denmark,Standard,Agency,2026-02-16,22,2026-01-13 08:32:04,2026-01-16 09:58:40,M1,28.119,63.983
2053,2025-09-05,Available,Denmark,Standard,Agency,2026-03-27,18,2026-01-13 08:33:04,2026-01-16 09:58:44,M1,70.07,63.983
2054,2025-09-05,Available,Denmark,Standard,Agency,2026-01-29,18,2026-01-13 08:32:02,2026-01-16 09:58:36,M1,13.084,63.983
2055,2025-10-13,Available,Netherlands,Standard,Direct Sales,2026-02-04,23,2026-01-13 08:32:08,2026-01-22 10:30:56,M1,13.01,70.006
2056,2025-10-13,Available,Denmark,Standard,Agency,2026-02-18,17,2026-01-13 08:32:34,2026-01-20 11:11:52,M1,29.083,68.034
2057,2025-10-13,Available,Denmark,Standard,Agency,2026-03-09,17,2026-01-13 08:32:45,2026-01-20 11:12:05,M1,48.162,68.034
2058,2025-10-13,Available,France,Standard,Direct Sales,2026-03-02,23,2026-01-13 08:32:27,2026-01-14 10:56:57,M1,47.23,62.024
2059,2025-09-05,Available,France,Standard,Direct Sales,2026-02-24,23,2026-01-13 08:32:24,2026-01-14 10:56:53,M1,41.104,62.024
2060,2025-09-05,Available,Switzerland,Standard,Agency,2026-02-08,11,2026-01-28 11:05:02,2026-02-02 13:44:41,M2,6.318,75.122
2061,2025-09-05,Available,Switzerland,Standard,Agency,2026-02-08,11,2026-01-28 11:05:11,2026-02-02 13:44:42,M2,6.32,73.956
2062,2025-09-05,Available,Switzerland,Standard,Agency,2026-02-08,11,2026-01-28 11:05:01,2026-02-02 13:44:43,M2,6.316,73.956
2063,2025-09-05,Available,Britain,Standard,Agency,2026-03-10,16,2026-02-13 10:54:12,2026-02-18 15:41:08,M2,19.836,85.165
2064,2025-09-05,Available,Britain,Standard,Agency,2026-03-10,19,2026-02-13 10:54:18,2026-02-18 15:41:38,M2,19.919,84.138
2065,2025-09-05,Available,Britain,Standard,Agency,2026-02-25,5,2026-02-13 10:53:17,2026-02-18 15:41:37,M2,19.852,84.138
2066,2025-09-05,Available,Britain,Standard,Agency,2026-03-10,5,2026-02-13 10:54:15,2026-02-18 15:41:19,M2,18.759,84.138
2067,2025-09-05,Available,Britain,Standard,Agency,2026-03-24,16,2026-02-13 10:53:21,2026-02-18 15:41:06,M2,33.672,84.138
2068,2025-09-05,Available,Britain,Business,Agency,2026-04-07,16,2026-02-13 10:53:02,2026-02-18 15:41:01,M2,,84.138
2069,2025-09-05,Available,Britain,Standard,Agency,2026-03-09,19,2026-02-13 10:53:23,2026-02-18 15:41:15,M2,18.966,84.138
2070,2025-10-13,Available,Britain,Display,Agency,2026-04-09,19,2026-03-04 12:07:05,2026-03-24 12:50:31,M2,,118.019
2071,2025-10-13,Available,Britain,Standard,Agency,2026-03-10,19,2026-02-13 10:53:23,2026-02-18 15:41:21,M2,19.708,83.224
2072,2025-10-13,Reserved,Britain,Business,Agency,2026-03-09,6,2026-02-13 10:52:09,2026-02-18 15:41:26,M2,18.996,83.225
2073,2025-10-13,Available,Britain,Standard,Agency,2026-03-25,16,2026-02-13 10:53:22,2026-02-18 15:41:10,M2,34.676,83.224
2074,2025-10-13,Available,Belgium,Standard,Agency,2026-04-17,14,2026-03-04 12:07:07,2026-03-12 13:12:27,M2,35.283,105.121
2075,2025-10-13,Reserved,Britain,Business,Agency,2026-03-04,6,2026-02-13 10:52:11,2026-02-18 15:41:35,M2,12.914,83.225
2076,2025-10-13,Reserved,Britain,Standard,Agency,2026-03-10,6,2026-02-13 10:53:04,2026-02-18 15:41:11,M2,19.951,83.224
2077,2025-10-13,Available,Britain,Standard,Agency,2026-03-10,19,2026-02-13 10:52:09,2026-02-18 15:41:24,M2,19.699,83.225
2078,2025-10-13,Available,Britain,Standard,Agency,2026-03-10,19,2026-02-13 10:54:15,2026-02-18 15:41:29,M2,20.005,81.956
2079,2025-10-13,Available,Britain,Standard,Agency,2026-03-10,19,2026-02-13 10:53:19,2026-02-18 15:41:36,M2,19.948,81.956
2080,2025-10-13,Available,Britain,Standard,Agency,2026-03-10,19,2026-02-13 10:54:20,2026-02-18 15:41:08,M2,20.006,81.955
2081,2025-10-13,Available,Britain,Standard,Agency,2026-03-04,19,2026-02-13 10:54:24,2026-02-18 15:41:27,M2,19.945,81.956
2082,2025-10-13,Available,Britain,Standard,Agency,2026-03-26,16,2026-02-13 10:53:17,2026-02-18 15:41:37,M2,35.683,79.339
2083,2025-10-13,Available,Britain,Standard,Agency,2026-03-10,19,2026-02-13 10:53:25,2026-02-18 15:41:21,M2,18.966,79.339
2084,2025-10-13,Available,Britain,Display,Agency,2026-04-09,19,2026-02-13 10:53:19,2026-02-18 15:41:36,M2,,79.339
2085,2025-10-13,Available,Britain,Standard,Agency,2026-03-10,19,2026-02-13 10:52:06,2026-02-18 15:41:14,M2,18.934,71.263
2086,2025-10-13,Available,Britain,Standard,Agency,2026-03-10,19,2026-02-13 10:52:05,2026-02-18 15:41:13,M2,18.944,71.263
2087,2025-10-13,Available,Britain,Standard,Agency,2026-03-09,19,2026-02-13 10:52:02,2026-02-18 15:41:03,M2,18.947,71.263
2088,2025-10-13,Available,Britain,Standard,Agency,2026-03-10,19,2026-02-13 10:52:09,2026-02-18 15:41:23,M2,18.957,71.263
2089,2025-10-13,Available,Britain,Standard,Agency,2026-03-10,19,2026-02-13 10:54:14,2026-02-18 15:41:08,M2,18.958,71.263
2090,2025-10-30,Available,Slovenia,Standard,Agency,2026-04-03,21,2026-02-27 13:22:17,2026-03-03 15:08:22,M2,30.728,77.215
2091,2025-10-30,Available,Switzerland,Standard,Agency,2026-03-11,11,2026-02-27 13:24:29,2026-03-04 09:46:16,M2,7.449,74.896
2092,2025-10-30,Available,Switzerland,Standard,Agency,2026-03-11,11,2026-02-27 13:25:11,2026-03-05 14:39:10,M2,6.261,76.1
2093,2025-11-28,Available,Denmark,Standard,Agency,2026-03-25,17,2026-03-02 09:19:40,2026-03-02 14:40:53,M2,22.988,70.245
2094,2025-11-28,Available,Denmark,Business,Agency,2026-04-10,17,2026-03-02 09:19:33,2026-03-12 13:12:50,M2,,80.183
2095,2025-11-28,Available,Denmark,Standard,Agency,2026-03-10,17,2026-03-02 09:17:40,2026-03-02 14:41:08,M2,7.817,70.245
2096,2025-11-28,Available,Denmark,Standard,Agency,2026-03-20,17,2026-03-02 09:17:34,2026-03-02 14:40:59,M2,17.763,70.245
2097,2025-11-28,Available,Denmark,Standard,Agency,2026-04-09,17,2026-03-02 09:20:27,2026-03-12 13:12:51,M2,28.026,80.183
2098,2025-11-28,Available,Denmark,Standard,Agency,2026-04-08,17,2026-03-02 09:21:51,2026-03-12 13:12:49,M2,26.886,80.183
2099,2025-11-28,Available,Denmark,Standard,Agency,2026-04-09,17,2026-03-02 09:21:50,2026-03-12 13:12:29,M2,28.125,80.183
2100,2025-11-28,Available,Denmark,Standard,Agency,2026-04-15,17,2026-03-02 09:18:19,2026-03-12 13:12:48,M2,33.995,80.183
2101,2025-11-28,Available,Denmark,Standard,Agency,2026-03-26,17,2026-03-02 09:19:42,2026-03-02 11:38:34,M2,23.918,69.044
2102,2025-11-28,Available,Denmark,Standard,Agency,2026-03-30,17,2026-03-02 09:18:36,2026-03-02 11:38:30,M2,28.098,69.044
2103,2025-11-28,Available,Denmark,Standard,Agency,2026-03-10,17,2026-03-02 09:18:20,2026-03-02 11:38:38,M2,8.164,69.044
2104,2025-11-28,Available,Denmark,Standard,Agency,2026-03-24,18,2026-03-02 09:17:24,2026-03-02 11:38:29,M2,21.952,69.044
2105,2025-11-28,Available,Denmark,Standard,Agency,2026-04-09,18,2026-03-02 09:17:19,2026-03-02 11:38:35,M2,38.191,69.044
2106,2025-11-28,Available,Denmark,Standard,Agency,2026-03-31,17,2026-03-02 09:17:33,2026-03-04 11:59:14,M2,27.127,70.813
2107,2025-11-28,Available,Denmark,Standard,Agency,2026-04-01,17,2026-03-02 09:18:29,2026-03-04 11:58:43,M2,27.977,70.022
2108,2025-11-28,Available,Denmark,Standard,Agency,2026-03-24,17,2026-03-02 09:19:31,2026-03-02 14:41:08,M2,21.929,66.223
2109,2025-11-28,Available,Denmark,Standard,Agency,2026-03-20,17,2026-03-02 09:19:39,2026-03-02 14:41:03,M2,17.871,66.21
2110,2025-11-28,Available,Denmark,Standard,Agency,2026-03-25,17,2026-03-02 09:17:38,2026-03-02 14:41:07,M2,22.744,65.973
2111,2025-11-28,Available,Denmark,Standard,Agency,2026-03-24,17,2026-03-02 09:17:13,2026-03-02 14:40:54,M2,21.829,63.229
2112,2025-11-28,Available,Denmark,Standard,Agency,2026-03-26,17,2026-03-02 09:17:11,2026-03-12 13:12:22,M2,14.096,73.168
2113,2025-11-28,Available,Denmark,Standard,Agency,2026-04-09,17,2026-03-02 09:17:05,2026-03-04 11:59:50,M2,36.035,65.117
2114,,Available,Denmark,Standard,Agency,2025-09-19,17,2025-05-23 14:31:09,2025-07-14 09:16:44,M0,67.048,
2115,,Available,Britain,Business,Agency,2025-04-15,16,2025-04-09 10:35:14,,M0,,
2116,,Available,France,Business,Direct Sales,2025-10-07,23,2025-10-07 14:51:00,,M1,,
2117,,Available,Netherlands,Standard,Direct Sales,2025-05-27,23,2025-04-08 14:53:20,,M0,,
2118,,Available,Netherlands,Standard,Direct Sales,2025-04-24,23,2025-04-08 14:50:14,,M0,,
2119,,Available,Netherlands,Standard,Direct Sales,2025-05-05,23,2025-04-08 14:56:08,,M0,,
2120,,Available,France,Standard,Direct Sales,2025-05-07,23,2025-04-08 14:53:23,,M0,,
2121,,Reserved,Britain,Standard,Agency,2025-05-21,16,2025-04-08 14:53:08,,M0,,
2122,,Reserved,Britain,Standard,Agency,2025-06-03,16,2025-04-08 14:52:19,,M0,,
2123,,Available,Netherlands,Standard,Direct Sales,2025-04-25,23,2025-04-08 14:50:03,,M0,,
2124,,Available,Netherlands,Standard,Direct Sales,2025-05-01,23,2025-04-08 14:53:04,,M0,,
2125,,Available,France,Standard,Direct Sales,2025-05-02,23,2025-04-08 14:51:10,,M0,,
2126,,Available,Netherlands,Standard,Direct Sales,2025-04-30,23,2025-04-08 14:55:00,,M0,,
2127,,Reserved,Britain,Standard,Agency,2025-05-20,19,2025-04-21 10:02:10,,M0,,
2128,,Reserved,Britain,Standard,Agency,2025-05-30,9,2025-04-08 14:53:21,,M0,,
2129,,Available,France,Standard,Direct Sales,2025-04-28,23,2025-04-08 14:52:23,,M0,,
2130,,Available,France,Standard,Direct Sales,2025-07-09,23,2025-04-08 14:57:01,,M0,,
2131,,Available,France,Standard,Direct Sales,2025-05-09,23,2025-04-08 14:51:13,,M0,,
2132,,Reserved,Britain,Standard,Agency,2025-06-16,9,2025-05-05 08:37:22,,M0,,
2133,,Reserved,Britain,Standard,Agency,2025-06-04,16,2025-05-05 08:35:06,,M0,,
2134,,Reserved,Britain,Standard,Agency,2025-06-13,16,2025-05-05 08:34:21,,M0,,
2135,,Reserved,Britain,Standard,Agency,2025-06-07,16,2025-05-05 08:32:05,,M0,,
2136,,Reserved,Britain,Standard,Agency,2025-05-30,16,2025-05-05 08:35:09,,M0,,
2137,,Reserved,Britain,Standard,Agency,2025-06-05,16,2025-05-05 08:36:18,,M0,,
2138,,Reserved,Britain,Standard,Agency,2025-06-25,16,2025-05-05 08:33:09,,M0,,
2139,,Reserved,Britain,Standard,Agency,2025-06-05,16,2025-05-05 08:38:10,,M0,,
2140,,Reserved,Britain,Standard,Agency,2025-06-19,16,2025-05-05 08:35:05,,M0,,
2141,,Reserved,Britain,Standard,Agency,2025-06-02,9,2025-05-05 08:34:19,,M0,,
2142,,Reserved,Britain,Standard,Agency,2025-06-07,19,2025-05-05 08:34:15,,M0,,
2143,,Reserved,Britain,Standard,Agency,2025-06-03,19,2025-05-05 08:33:07,,M0,,
2144,,Available,Britain,Standard,Agency,2025-08-02,9,2025-05-05 08:33:16,,M0,,
2145,,Reserved,Britain,Standard,Agency,2025-06-04,9,2025-05-05 08:33:08,,M0,,
2146,,Reserved,Britain,Standard,Agency,2025-06-11,9,2025-05-05 08:35:05,,M0,,
2147,,Reserved,Britain,Standard,Agency,2025-05-30,9,2025-05-05 08:37:12,,M0,,
2148,,Reserved,Britain,Standard,Agency,2025-06-10,9,2025-05-05 08:34:15,,M0,,
2149,,Reserved,Britain,Standard,Agency,2025-06-07,9,2025-05-05 08:38:08,,M0,,
2150,,Available,Britain,Business,Agency,2025-10-15,19,2025-05-05 08:37:00,,M0,,
2151,,Reserved,Britain,Standard,Agency,2025-06-03,19,2025-05-05 08:36:07,,M0,,
2152,2025-02-28,Available,France,Standard,Direct Sales,2025-07-04,23,2025-06-17 11:30:03,,M0,,
2153,2025-02-28,Available,Britain,Standard,Agency,2025-08-01,9,2025-06-17 11:28:04,2025-06-30 08:13:42,M0,32.291,
2154,2025-02-28,Available,Britain,Standard,Agency,2025-09-05,9,2025-06-17 11:24:08,2025-06-30 08:13:43,M0,67.048,
2155,2025-02-28,Available,Britain,Standard,Agency,2025-08-15,9,2025-06-17 11:23:14,2025-06-30 08:13:43,M0,46.009,
2156,2025-02-28,Available,Britain,Standard,Agency,2025-08-02,9,2025-06-17 11:26:20,,M0,,
2157,2025-02-28,Available,Britain,Standard,Agency,2025-08-12,9,2025-06-17 11:25:08,2025-06-30 08:13:44,M0,43.174,
2158,2025-02-28,Available,France,Standard,Direct Sales,2025-07-09,23,2025-06-17 11:24:10,,M0,,
2159,2025-02-28,Available,France,Standard,Direct Sales,2025-07-30,23,2025-06-17 11:23:04,,M0,,
2160,2025-02-28,Reserved,Britain,Standard,Agency,2025-07-10,16,2025-06-17 11:25:01,2025-06-30 08:13:44,M0,10.168,
2161,2025-02-28,Available,Britain,Standard,Agency,2025-10-30,9,2025-06-17 11:23:22,2025-06-30 08:13:45,M0,122.379,
2162,2025-02-28,Reserved,Britain,Standard,Agency,2025-07-07,19,2025-06-17 11:31:08,2025-06-30 08:13:45,M0,7.05,
2163,2025-02-28,Available,France,Standard,Direct Sales,2025-08-01,23,2025-06-17 11:25:15,,M0,,
2164,2025-02-28,Available,France,Standard,Direct Sales,2025-07-04,23,2025-06-17 11:25:02,,M0,,
2165,2025-02-28,Reserved,Britain,Standard,Agency,2025-07-03,16,2025-06-17 11:31:07,,M0,,
2166,2025-02-28,Reserved,Britain,Standard,Agency,2025-07-21,16,2025-06-17 11:24:24,2025-06-30 08:13:46,M0,18.156,
2167,2025-02-28,Available,Britain,Standard,Agency,2025-08-04,16,2025-06-17 11:28:05,,M0,,
2168,2025-02-28,Available,Britain,Standard,Agency,2025-07-30,16,2025-06-17 11:31:16,2025-06-30 08:13:47,M0,29.938,
2169,2025-02-28,Available,France,Standard,Direct Sales,2025-07-15,23,2025-06-17 11:31:15,,M0,,
2170,2025-02-28,Available,France,Standard,Direct Sales,2025-08-07,23,2025-06-17 11:31:03,,M0,,
2171,2025-02-28,Available,France,Standard,Direct Sales,2025-07-14,23,2025-06-17 11:24:19,,M0,,
2172,2025-02-28,Available,France,Standard,Direct Sales,2025-07-10,23,2025-06-17 11:24:07,,M0,,
2173,2025-02-28,Available,France,Standard,Direct Sales,2025-07-09,23,2025-06-17 11:25:14,,M0,,
2174,2025-02-28,Available,Britain,Standard,Agency,2025-09-08,19,2025-06-17 11:24:20,2025-08-14 09:47:24,M0,25.173,22.018
2175,2025-02-28,Available,France,Standard,Direct Sales,2025-08-08,23,2025-06-17 11:32:19,2025-07-22 12:06:49,M0,17.224,
2176,2025-02-28,Available,France,Standard,Direct Sales,2025-07-24,23,2025-06-17 11:25:06,,M0,,
2177,2025-02-28,Available,France,Standard,Direct Sales,2025-07-04,23,2025-06-17 11:32:13,,M0,,
2178,2025-02-28,Available,France,Standard,Direct Sales,2025-07-10,23,2025-06-17 11:31:02,,M0,,
2179,2025-02-28,Available,France,Standard,Direct Sales,2025-07-10,23,2025-06-17 11:31:15,,M0,,
2180,2025-02-28,Available,France,Standard,Direct Sales,2025-07-11,23,2025-06-17 11:27:15,,M0,,
2181,2025-02-28,Available,France,Standard,Direct Sales,2025-07-24,23,2025-06-17 11:26:03,,M0,,
2182,2025-02-28,Available,France,Standard,Direct Sales,2025-09-12,23,2025-06-17 11:30:15,,M0,,
2183,2025-02-28,Available,France,Standard,Direct Sales,2025-07-08,23,2025-06-17 11:27:19,,M0,,
2184,2025-02-28,Available,France,Standard,Direct Sales,2025-07-15,23,2025-06-17 11:29:04,,M0,,
2185,2025-02-28,Available,France,Standard,Direct Sales,2025-07-08,23,2025-06-17 11:26:24,,M0,,
2186,2025-02-28,Available,France,Standard,Direct Sales,2025-07-10,23,2025-06-17 11:26:08,,M0,,
2187,2025-02-28,Available,France,Standard,Direct Sales,2025-07-14,23,2025-06-17 11:29:17,,M0,,
2188,2025-03-28,Reserved,Denmark,Standard,Agency,2025-08-07,17,2025-07-07 11:37:14,2025-07-22 07:43:15,M0,16.211,
2189,2025-03-28,Reserved,Denmark,Standard,Agency,2025-09-04,17,2025-07-07 11:37:17,2025-07-22 07:43:18,M0,44.283,
2190,2025-03-28,Reserved,Denmark,Standard,Agency,2025-08-01,22,2025-07-07 11:38:18,2025-07-18 15:12:27,M0,13.972,
2191,2025-03-28,Reserved,Denmark,Standard,Agency,2025-08-18,22,2025-07-07 11:37:22,2025-07-18 15:12:29,M0,30.764,
2192,2025-03-28,Reserved,Denmark,Standard,Agency,2025-08-13,22,2025-07-07 11:38:22,2025-07-18 15:12:26,M0,25.73,
2193,2025-03-28,Reserved,Denmark,Standard,Agency,2025-08-29,22,2025-07-07 11:38:11,2025-07-18 15:12:30,M0,42.046,
2194,2025-03-28,Reserved,Denmark,Standard,Agency,2025-09-08,17,2025-07-07 11:39:12,2025-07-22 07:43:18,M0,48.085,
2195,2025-03-28,Reserved,Denmark,Standard,Agency,2025-08-11,17,2025-07-07 11:39:17,2025-07-22 07:43:16,M0,20.156,
2196,2025-03-28,Available,France,Standard,Direct Sales,2025-08-20,23,2025-07-07 11:38:22,2025-07-30 14:49:55,M0,21.108,
2197,2025-03-28,Reserved,Denmark,Standard,Agency,2025-08-01,18,2025-07-07 11:39:16,2025-07-10 10:59:29,M0,25.189,
2198,2025-03-28,Available,France,Standard,Direct Sales,2025-09-08,23,2025-07-07 11:38:21,2025-07-23 10:37:17,M0,47.152,
2199,2025-03-28,Available,France,Standard,Direct Sales,2025-08-22,23,2025-07-07 11:38:05,2025-07-23 10:37:16,M0,30.087,
2200,2025-03-28,Available,France,Standard,Direct Sales,2025-11-10,23,2025-07-07 11:39:07,2025-09-15 14:56:15,M0,55.999,54.211
2201,2025-03-28,Available,France,Standard,Direct Sales,2025-09-05,23,2025-07-07 11:38:22,2025-08-18 15:56:00,M0,17.826,26.253
2202,2025-03-28,Available,Britain,Standard,Agency,2025-09-02,19,2025-07-14 12:41:02,2025-08-04 13:31:25,M0,28.798,
2203,2025-03-28,Available,France,Standard,Direct Sales,2025-09-18,23,2025-07-07 11:38:21,2025-08-15 14:59:02,M0,33.817,23.213
2204,2025-03-28,Available,France,Standard,Direct Sales,2025-09-03,23,2025-07-07 11:37:20,2025-08-07 12:37:39,M0,26.827,15.115
2205,2025-03-28,Available,France,Standard,Direct Sales,2025-09-04,23,2025-07-07 11:39:15,2025-08-18 15:56:01,M0,16.914,26.253
2206,2025-03-28,Available,France,Standard,Direct Sales,2025-09-08,23,2025-07-07 11:38:03,2025-08-12 13:19:03,M0,26.88,20.144
2207,2025-03-28,Available,France,Standard,Direct Sales,2025-09-08,23,2025-07-07 11:39:23,2025-08-15 14:59:02,M0,23.878,23.213
2208,2025-03-28,Available,France,Standard,Direct Sales,2025-10-16,23,2025-07-14 12:41:22,2025-09-03 14:15:30,M0,43.009,42.183
2209,2025-03-28,Available,France,Standard,Direct Sales,2025-10-10,23,2025-07-14 12:42:07,2025-08-11 11:08:55,M0,60.199,
2210,2025-03-28,Available,France,Standard,Direct Sales,2025-09-08,23,2025-07-14 12:42:03,2025-07-23 09:34:05,M0,47.196,
2211,2025-03-28,Available,Norway,Standard,Direct Sales,2025-08-08,23,2025-07-14 12:41:14,2025-07-24 14:00:36,M0,15.129,
2212,2025-03-28,Available,France,Standard,Direct Sales,2025-08-08,23,2025-07-14 12:42:15,2025-07-24 14:00:37,M0,14.975,
2213,2025-03-28,Available,Britain,Standard,Agency,2025-08-08,19,2025-07-14 12:41:15,2025-07-28 11:02:48,M0,11.137,
2214,2025-03-28,Available,Britain,Standard,Agency,2025-08-15,19,2025-07-14 12:41:14,2025-08-05 15:32:28,M0,9.795,
2215,2025-03-28,Available,Britain,Standard,Agency,2025-08-12,19,2025-07-14 12:42:14,2025-07-28 11:02:38,M0,15.127,
2216,2025-03-28,Available,France,Business,Direct Sales,2026-04-06,23,2025-07-14 12:41:20,2025-07-28 11:45:53,M0,,
2217,2025-03-28,Available,France,Standard,Direct Sales,2025-08-19,23,2025-07-14 12:41:14,2025-07-24 14:00:36,M0,25.836,
2218,2025-03-28,Available,France,Standard,Direct Sales,2025-08-19,23,2025-07-14 12:42:06,2025-07-25 20:56:37,M0,24.76,
2219,2025-03-28,Available,France,Standard,Direct Sales,2025-10-27,23,2025-07-14 12:41:23,2025-08-05 09:11:06,M0,83.204,
2220,2025-03-28,Available,France,Standard,Direct Sales,2025-09-26,23,2025-07-14 12:41:09,2025-08-11 11:08:55,M0,46.18,
2221,2025-03-28,Available,France,Standard,Direct Sales,2025-08-06,23,2025-07-14 12:41:21,2025-07-28 11:45:00,M0,9.125,
2222,2025-03-28,Available,France,Standard,Direct Sales,2025-08-08,23,2025-07-14 12:41:05,2025-07-23 09:34:08,M0,16.297,
2223,2025-03-28,Available,France,Business,Direct Sales,2025-12-09,23,2025-07-14 12:42:05,2025-07-28 11:44:59,M0,134.182,
2224,2025-03-28,Available,France,Standard,Direct Sales,2025-10-28,23,2025-07-14 12:41:17,2025-08-11 11:08:56,M0,78.015,
2225,2025-03-28,Available,France,Standard,Direct Sales,2025-08-08,23,2025-07-14 12:42:02,2025-07-24 14:00:34,M0,15.323,
2226,2025-05-02,Available,Denmark,Standard,Agency,2025-08-29,17,2025-08-04 07:35:14,2025-08-07 10:18:14,M1,22.048,15.065
2227,2025-05-02,Available,Netherlands,Standard,Direct Sales,2025-09-02,23,2025-08-04 07:35:19,2025-08-07 10:32:54,M1,26.279,
2228,2025-05-02,Available,Netherlands,Standard,Direct Sales,2025-08-15,23,2025-08-04 07:34:08,2025-08-04 14:28:50,M1,11.099,
2229,2025-05-02,Available,Britain,Standard,Agency,2025-08-27,16,2025-08-04 07:35:09,2025-08-14 09:47:34,M1,12.979,22.019
2230,2025-05-02,Available,Denmark,Standard,Agency,2025-08-28,17,2025-08-04 07:36:21,2025-08-07 10:18:25,M1,21.069,15.065
2231,2025-05-02,Available,Netherlands,Standard,Direct Sales,2025-08-28,23,2025-08-04 07:31:01,2025-08-21 12:33:21,M1,7.087,29.146
2232,2025-05-02,Available,Switzerland,Standard,Agency,2025-10-16,11,2025-08-04 07:32:19,2025-09-16 20:01:53,M1,29.714,55.458
2233,2025-05-02,Available,France,Standard,Direct Sales,2025-10-27,23,2025-08-04 07:33:24,2025-09-15 14:56:22,M1,41.954,54.245
2234,2025-05-02,Available,France,Standard,Direct Sales,2025-10-10,23,2025-08-04 07:36:12,2025-08-18 13:30:12,M1,53.025,26.151
2235,2025-05-02,Available,Denmark,Standard,Agency,2025-09-01,22,2025-08-04 07:36:13,2025-08-07 10:18:28,M1,25.083,15.065
2236,2025-05-02,Available,Denmark,Standard,Agency,2025-08-27,17,2025-08-04 07:35:18,2025-08-07 10:18:18,M1,20.121,15.065
2237,2025-05-02,Available,Denmark,Standard,Agency,2025-10-02,17,2025-08-04 07:30:09,2025-09-05 10:45:10,M1,26.929,44.071
2238,2025-05-02,Available,Switzerland,Standard,Agency,2025-10-07,11,2025-08-04 07:36:22,2025-08-08 08:47:36,M1,59.913,16.006
2239,2025-05-02,Reserved,Britain,Standard,Agency,2025-11-20,19,2025-08-04 07:30:25,2025-08-25 12:56:06,M1,86.874,33.184
2240,2025-05-02,Available,Switzerland,Standard,Agency,2025-09-30,11,2025-08-04 07:37:11,2025-08-26 09:38:02,M1,35.211,33.99
2241,2025-05-02,Available,Britain,Standard,Agency,2025-09-04,19,2025-08-04 07:34:15,2025-08-14 09:47:35,M1,21.046,22.019
2242,2025-05-02,Available,Denmark,Standard,Agency,2025-11-04,17,2025-08-04 07:37:06,2025-09-05 10:45:07,M1,60.191,44.065
2243,2025-05-02,Available,Britain,Standard,Agency,2025-09-03,19,2025-08-04 07:34:10,2025-08-14 09:47:30,M1,20.018,22.018
2244,2025-05-02,Available,Denmark,Standard,Agency,2025-10-15,17,2025-08-04 07:31:00,2025-09-05 10:45:21,M1,40.062,44.071
2245,2025-05-02,Available,Denmark,Standard,Agency,2025-11-20,18,,2025-08-26 16:06:49,M1,85.763,34.257
2246,2025-05-02,Available,Denmark,Standard,Agency,2025-11-10,18,2025-08-04 07:35:17,2025-08-07 10:18:17,M1,95.071,15.065
2247,2025-05-02,Available,Netherlands,Standard,Direct Sales,2025-11-27,23,2025-08-27 10:41:09,2025-10-03 11:24:01,M1,55.241,72.061
2248,2025-05-02,Available,France,Standard,Direct Sales,2026-03-06,23,,2025-08-26 16:18:35,M1,191.678,34.265
2249,2025-05-02,Available,France,Standard,Direct Sales,2025-10-03,23,,2025-08-26 16:25:29,M1,37.882,34.27
2250,2025-05-02,Available,France,Standard,Direct Sales,2025-10-07,23,,2025-08-26 16:18:27,M1,41.926,34.265
2251,2025-05-02,Available,Netherlands,Standard,Direct Sales,2025-09-19,23,,2025-08-26 16:11:02,M1,23.961,34.26
2252,2025-05-02,Available,France,Standard,Direct Sales,2025-10-07,23,2025-08-27 10:42:15,2025-08-28 10:08:51,M1,40.051,36.009
2253,2025-05-02,Available,France,Standard,Direct Sales,2025-10-16,23,,2025-08-26 16:18:34,M1,50.898,34.265
2254,2025-05-02,Available,France,Standard,Direct Sales,2025-09-26,23,,2025-08-26 16:17:56,M1,30.768,34.265
2255,2025-05-02,Available,Britain,Standard,Agency,2025-10-09,9,2025-08-27 10:39:18,2025-09-08 08:14:14,M1,31.306,46.929
2256,2025-05-02,Available,France,Standard,Direct Sales,2025-10-10,23,,2025-08-26 16:17:55,M1,44.908,34.265
2257,2025-05-02,Available,France,Standard,Direct Sales,2025-09-30,23,,2025-08-26 16:25:27,M1,34.768,34.27
2258,2025-05-02,Available,France,Standard,Direct Sales,2025-10-13,23,,2025-08-26 16:18:26,M1,48.055,34.265
2259,2025-05-02,Available,France,Standard,Direct Sales,2025-10-01,23,,2025-08-26 16:17:55,M1,35.906,34.265
2260,2025-05-02,Available,Denmark,Standard,Agency,2025-09-17,18,,2025-08-26 16:06:08,M1,21.738,34.257
2261,2025-05-02,Available,France,Standard,Direct Sales,2025-09-24,23,,2025-08-26 16:18:27,M1,28.892,34.265
2262,2025-06-05,Available,France,Standard,Direct Sales,2025-10-23,23,2025-09-12 11:00:02,2025-09-15 14:56:17,M1,37.87,54.208
2263,2025-06-05,Available,Denmark,Standard,Agency,2025-11-03,18,2025-09-12 11:00:05,2025-09-29 11:54:41,M1,34.959,68.082
2264,2025-06-05,Available,Belgium,Standard,Agency,2025-10-23,26,2025-09-12 11:00:16,2025-09-26 12:35:19,M1,27.163,65.11
2265,2025-06-05,Available,Denmark,Standard,Agency,2025-11-12,18,2025-09-12 10:59:07,2025-09-29 11:54:33,M1,44.905,68.082
2266,2025-06-05,Available,Denmark,Standard,Agency,2025-10-28,18,2025-09-12 10:58:14,2025-09-29 11:54:36,M1,28.968,68.082
2267,2025-06-05,Available,Denmark,Standard,Agency,2025-09-29,18,,2025-09-05 10:45:10,M1,24.065,44.034
2268,2025-06-05,Available,Denmark,Standard,Agency,2025-09-24,18,,2025-09-05 10:45:11,M1,19.052,44.034
2269,2025-06-05,Available,Britain,Standard,Agency,2025-10-09,16,2025-09-12 11:05:09,2025-09-30 08:54:54,M1,7.17,68.957
2270,2025-06-05,Available,Denmark,Standard,Agency,2025-10-29,18,2025-09-12 10:58:21,2025-09-29 11:54:30,M1,30.124,68.082
2271,2025-06-05,Available,France,Standard,Direct Sales,2025-11-07,23,2025-09-12 11:00:17,2025-10-03 09:35:27,M1,35.056,71.985
2272,2025-06-05,Available,Denmark,Standard,Agency,2025-11-21,18,2025-09-12 10:58:15,2025-09-29 11:54:40,M1,53.021,68.082
2273,2025-06-05,Available,Switzerland,Business,Agency,2025-10-28,11,2025-09-12 10:59:25,2025-09-25 11:17:21,M1,33.432,64.056
2274,2025-06-05,Available,Switzerland,Standard,Agency,2025-10-22,11,2025-09-12 11:00:03,2025-09-24 13:35:27,M1,27.869,63.152
2275,2025-06-05,Available,Denmark,Standard,Agency,2025-10-06,18,,2025-09-05 10:45:19,M1,31.14,44.034
2276,2025-06-05,Available,Denmark,Standard,Agency,2025-10-10,22,,2025-09-05 10:45:06,M1,35.25,44.034
2277,2025-06-05,Available,Denmark,Standard,Agency,2025-09-19,22,,2025-09-05 10:45:20,M1,14.11,44.034
2278,2025-06-05,Available,Denmark,Standard,Agency,2025-10-07,22,,2025-09-05 10:47:19,M1,32.217,44.035
2279,2025-06-05,Available,Denmark,Standard,Agency,2025-09-29,22,,2025-09-05 10:45:04,M1,24.003,44.034
2280,2025-06-05,Available,Switzerland,Standard,Agency,2025-10-28,11,2025-09-12 10:58:10,2025-09-16 19:48:24,M1,42.073,55.411
2281,2025-06-05,Available,Switzerland,Standard,Agency,2025-10-22,11,2025-09-12 10:59:03,2025-09-24 13:35:27,M1,27.871,63.152
2282,2025-06-05,Available,France,Business,Direct Sales,2026-03-10,23,2025-09-12 10:59:04,2025-09-15 14:56:20,M1,175.992,54.208
2283,2025-06-05,Available,France,Standard,Direct Sales,2025-11-10,23,2025-09-12 10:59:12,2025-09-15 14:56:19,M1,55.995,54.208
2284,2025-06-05,Available,Switzerland,Standard,Agency,2025-10-24,11,2025-09-12 10:58:16,2025-09-24 13:12:37,M1,30.045,63.136
2285,2025-06-05,Available,France,Standard,Direct Sales,2025-10-22,23,2025-09-12 10:58:23,2025-09-16 12:53:34,M1,36.068,55.123
2286,2025-06-05,Available,France,Standard,Direct Sales,2025-11-13,23,2025-09-12 10:58:10,2025-09-15 14:56:15,M1,58.956,54.208
2287,2025-06-05,Available,Denmark,Standard,Agency,2025-10-06,18,,2025-09-05 10:46:09,M1,31.094,44.034
2288,2025-06-05,Available,Britain,Standard,Agency,2025-10-10,16,2025-09-12 11:05:15,2025-09-30 08:55:08,M1,9.06,68.957
2289,2025-06-05,Available,Britain,Standard,Agency,2025-10-09,16,2025-09-12 11:02:13,2025-09-30 08:54:47,M1,9.173,68.957
2290,2025-06-05,Available,Britain,Standard,Agency,2025-10-13,16,2025-09-12 11:05:13,2025-09-30 08:55:16,M1,13.038,68.957
2291,2025-06-26,Available,Britain,Standard,Agency,2025-11-20,9,2025-10-15 11:52:06,2025-10-30 10:12:32,M1,20.966,62.798
2292,2025-06-26,Available,Netherlands,Standard,Direct Sales,2025-11-03,23,2025-10-15 11:52:17,2025-10-16 11:36:59,M1,18.133,48.924
2293,2025-06-26,Available,Britain,Standard,Agency,2025-11-29,19,2025-10-15 11:56:21,2025-10-30 10:12:39,M1,29.259,62.865
2294,2025-06-26,Available,Britain,Standard,Agency,2025-11-27,19,2025-10-15 11:55:14,2025-10-30 10:12:39,M1,28.058,62.865
2295,2025-06-26,Available,Britain,Standard,Agency,2025-11-18,19,2025-10-15 11:52:02,2025-10-30 10:12:30,M1,19.189,62.864
2296,2025-06-26,Available,Denmark,Standard,Agency,2025-11-19,22,2025-10-27 11:33:16,2025-11-03 16:38:30,M1,15.998,60.367
2297,2025-06-26,Available,Denmark,Standard,Agency,2025-11-21,22,2025-10-27 11:34:04,2025-11-03 16:38:52,M1,17.924,60.367
2298,2025-06-26,Available,Britain,Standard,Agency,2025-11-21,16,2025-10-15 11:55:01,2025-10-30 10:12:31,M1,21.01,62.864
2299,2025-06-26,Available,Britain,Standard,Agency,2025-11-25,16,2025-10-15 11:53:10,2025-10-30 10:12:44,M1,25.915,62.864
2300,2025-06-26,Available,France,Standard,Direct Sales,2025-11-19,23,2025-10-15 11:52:18,2025-10-16 11:36:59,M1,33.949,48.923
2301,2025-06-26,Available,Britain,Standard,Agency,2025-11-19,16,2025-10-15 11:53:25,2025-10-30 10:12:37,M1,19.144,62.864
2302,2025-06-26,Available,France,Standard,Direct Sales,2025-12-02,23,2025-10-15 11:55:08,2025-10-17 15:01:55,M1,45.83,50.065
2303,2025-06-26,Available,Britain,Standard,Agency,2025-11-18,19,2025-10-15 11:52:16,2025-10-30 10:12:37,M1,19.204,62.864
2304,2025-06-26,Available,France,Standard,Direct Sales,2025-11-12,23,2025-10-15 11:54:02,2025-10-17 15:01:55,M1,25.881,50.065
2305,2025-06-26,Available,Slovenia,Standard,Agency,2026-03-12,21,2025-10-27 11:34:06,2025-11-03 16:38:46,M1,128.747,60.367
2306,2025-06-26,Available,France,Standard,Direct Sales,2025-12-01,23,2025-10-27 11:31:16,2025-10-29 10:48:21,M1,33.232,55.124
2307,2025-06-26,Available,Netherlands,Standard,Direct Sales,2025-10-30,23,2025-10-15 11:56:14,2025-10-16 11:37:20,M1,14.118,48.923
2308,2025-08-05,Available,Netherlands,Standard,Direct Sales,2025-12-02,23,2025-11-17 13:08:05,2025-11-18 16:13:34,M1,14.142,
2309,2025-08-05,Available,Netherlands,Standard,Direct Sales,2025-12-25,23,2025-11-17 13:09:12,2025-11-28 16:39:51,M1,26.918,74.338
2310,2025-08-05,Available,France,Standard,Direct Sales,2026-01-01,23,2025-11-17 13:16:01,2025-11-18 16:33:38,M1,43.881,64.333
2311,2025-08-05,Available,Netherlands,Standard,Direct Sales,2025-12-02,23,2025-11-17 13:15:12,2025-11-18 16:13:59,M1,14.141,64.32
2312,2025-08-05,Available,Britain,Standard,Agency,2025-12-26,19,2025-11-17 13:12:22,2025-11-26 20:45:06,M1,29.601,65.354
2313,2025-08-05,Available,Netherlands,Standard,Direct Sales,2025-12-09,23,2025-11-17 13:13:18,2025-11-18 16:33:39,M1,21.032,57.18
2314,2025-08-05,Available,Netherlands,Standard,Direct Sales,2025-12-02,23,2025-11-17 13:11:06,2025-11-18 16:14:03,M1,14.137,57.166
2315,2025-08-05,Available,Britain,Standard,Agency,2026-01-05,15,2025-11-17 13:10:21,2025-11-26 20:35:12,M1,39.559,65.347
2316,2025-08-05,Available,Denmark,Standard,Agency,2025-12-17,17,2025-11-17 13:14:01,2025-11-20 16:13:58,M1,26.913,59.166
2317,2025-08-05,Available,Netherlands,Standard,Direct Sales,2025-12-01,23,2025-11-17 13:11:24,2025-11-17 14:16:31,M1,14.057,56.084
2318,2025-08-05,Available,Britain,Standard,Agency,2025-12-19,16,2025-11-17 13:15:17,2025-11-26 20:45:04,M1,22.6,65.354
2319,2025-08-05,Available,Britain,Standard,Agency,2026-02-23,15,2025-11-17 13:14:13,2025-11-26 20:35:12,M1,88.512,65.347
2320,2025-08-05,Available,Britain,Standard,Agency,2025-12-22,16,2025-11-17 13:15:10,2025-11-26 20:44:59,M1,25.556,65.354
2321,2025-08-05,Available,Britain,Standard,Agency,2025-12-22,16,2025-11-17 13:14:02,2025-11-26 20:45:06,M1,25.736,65.354
2322,2025-08-05,Available,Britain,Standard,Agency,2025-12-26,19,2025-11-17 13:13:17,2025-11-26 20:45:00,M1,29.548,65.354
2323,2025-08-05,Available,Denmark,Standard,Agency,2025-12-19,17,2025-11-17 13:10:20,2025-11-20 16:13:56,M1,29.047,59.166
2324,2025-08-05,Available,France,Standard,Direct Sales,2026-01-28,23,,2025-12-19 13:35:26,M1,40.052,60.162
2325,2025-08-05,Available,France,Standard,Direct Sales,2026-01-02,23,,2025-12-19 13:35:26,M1,13.941,60.162
2326,2025-08-05,Available,France,Standard,Direct Sales,2026-02-06,23,,2025-12-19 13:35:18,M1,48.994,60.162
2327,2025-08-05,Available,Britain,Standard,Agency,2026-01-23,15,2025-12-23 10:33:08,2026-01-06 12:17:54,M1,20.936,76.976
2328,2025-08-05,Available,Britain,Standard,Agency,2026-01-08,16,2025-12-23 10:33:14,2026-01-05 20:37:21,M1,2.643,75.484
2329,2025-08-05,Available,Britain,Standard,Agency,2026-02-05,16,2025-12-23 10:33:00,2026-01-05 20:37:23,M1,30.471,75.484
2330,2025-08-05,Available,Britain,Standard,Agency,2026-02-05,16,2025-12-23 10:32:02,2026-01-05 20:37:22,M1,29.537,75.484
2331,2025-08-05,Available,France,Standard,Direct Sales,2026-02-04,23,,2025-12-19 13:35:33,M1,47.125,57.189
2332,2025-08-05,Available,Netherlands,Standard,Direct Sales,2026-01-28,23,2026-01-06 17:21:08,2026-01-07 12:01:46,M1,21.047,76.124
2333,2025-08-05,Available,Britain,Standard,Agency,2026-03-09,3,2025-12-23 10:33:09,2026-01-06 11:48:51,M1,61.97,74.788
2334,2025-08-05,Available,Netherlands,Standard,Direct Sales,2026-01-22,23,2026-01-06 17:21:17,2026-01-07 12:01:40,M1,15.166,75.797
2335,2025-08-05,Available,Britain,Standard,Agency,2026-02-19,3,2025-12-23 10:35:24,2026-01-06 11:48:50,M1,43.947,74.112
2336,2025-06-26,Available,Belgium,Standard,Agency,2026-02-23,20,,2025-12-19 13:04:48,M1,65.841,56.165
2337,2025-06-26,Available,Britain,Standard,Agency,2026-02-16,3,2025-12-23 10:29:21,2026-01-06 11:48:54,M1,41.087,74.112
2338,2025-06-26,Available,Britain,Standard,Agency,2026-04-02,3,2025-12-23 10:28:17,2026-01-06 11:48:51,M1,86.077,71.175
2339,2025-08-05,Available,Netherlands,Standard,Direct Sales,2026-01-21,23,2026-01-06 17:21:11,2026-01-07 12:01:28,M1,14.216,72.184
2340,2025-06-26,Available,Britain,Standard,Agency,2026-03-04,19,2025-12-23 10:28:06,2025-12-31 10:14:06,M1,63.082,65.11
2341,2025-06-26,Available,Britain,Standard,Agency,2026-01-19,19,2025-12-23 10:28:25,2025-12-31 10:14:11,M1,18.976,65.11
2342,2025-06-26,Available,Britain,Standard,Agency,2026-01-16,19,2025-12-23 10:28:13,2025-12-31 10:14:12,M1,15.935,65.11
2343,2025-06-26,Available,Britain,Standard,Agency,2026-03-05,3,2025-12-23 10:29:12,2026-01-06 11:48:53,M1,57.214,71.175
2344,2025-06-26,Available,Britain,Standard,Agency,2026-02-25,19,2026-01-06 17:21:12,2026-01-21 17:56:15,M1,34.662,86.19
2345,2025-06-26,Available,Netherlands,Standard,Direct Sales,2026-02-03,23,2026-01-06 17:21:05,2026-01-07 12:01:37,M1,27.309,71.944
2346,2025-06-26,Available,Britain,Standard,Agency,2026-01-19,19,2025-12-23 10:29:22,2025-12-31 10:14:06,M1,19.147,64.869
2347,2025-06-26,Available,Germany,Standard,Direct Sales,2026-02-04,23,2026-01-06 17:21:05,2026-01-07 12:01:38,M1,27.988,70.826
2348,2025-06-26,Available,Netherlands,Standard,Direct Sales,2026-03-10,23,2026-01-06 17:21:20,2026-01-07 12:01:47,M1,62.218,70.122
2349,2025-06-26,Available,Netherlands,Standard,Direct Sales,2026-01-26,23,2026-01-06 17:21:06,2026-01-07 12:01:38,M1,18.995,70.122
2350,2025-06-26,Available,Switzerland,Standard,Agency,2026-01-22,11,2026-01-06 17:21:01,2026-01-20 14:59:17,M1,2.236,83.246
2351,2025-08-05,Available,Denmark,Standard,Agency,2026-02-03,17,2026-01-13 08:32:27,2026-01-20 11:11:55,M1,14.162,77.846
2352,2025-08-05,Available,France,Standard,Direct Sales,2026-02-06,23,2026-01-13 08:32:49,2026-01-14 10:56:38,M1,23.195,70.986
2353,2025-09-05,Available,Switzerland,Standard,Agency,2026-02-08,11,2026-01-28 11:05:09,2026-02-02 13:45:50,M2,6.313,88.704
2354,2025-08-05,Available,Britain,Standard,Agency,2026-03-06,16,2026-01-16 08:38:06,2026-02-13 10:55:57,M2,19.966,99.586
2355,2025-08-05,Available,Britain,Standard,Agency,2026-04-06,16,2026-01-16 08:38:13,2026-02-13 10:55:54,M2,47.995,98.082
2356,2025-09-05,Available,Netherlands,Standard,Direct Sales,2026-03-06,23,2026-01-13 08:32:47,2026-01-26 14:01:52,M1,39.129,80.211
2357,2025-08-05,Available,Denmark,Standard,Agency,2026-03-27,17,2026-01-13 08:32:58,2026-01-16 09:58:36,M1,70.085,70.042
2358,2025-09-05,Available,France,Standard,Direct Sales,2026-02-06,23,2026-01-13 08:32:38,2026-01-14 10:56:51,M1,23.196,68.083
2359,2025-09-05,Available,France,Standard,Direct Sales,2026-02-06,23,2026-01-13 08:32:23,2026-01-14 10:56:51,M1,23.204,68.083
2360,2025-09-05,Available,Switzerland,Standard,Agency,2026-01-28,11,2026-01-13 08:32:35,2026-01-21 14:20:45,M1,7.287,73.15
2361,2025-10-13,Available,France,Standard,Direct Sales,2026-02-06,23,2026-01-13 08:32:35,2026-01-14 10:56:40,M1,23.234,65.151
2362,2025-10-13,Available,France,Standard,Direct Sales,2026-02-05,23,2026-01-13 08:32:47,2026-01-14 10:56:36,M1,21.982,65.151
2363,2025-10-13,Available,France,Standard,Direct Sales,2026-02-06,23,2026-01-13 08:32:35,2026-01-14 10:56:40,M1,23.204,65.151
2364,2025-10-13,Available,France,Standard,Direct Sales,2026-03-10,23,2026-01-13 08:32:59,2026-01-14 10:56:58,M1,55.238,65.152
2365,2025-10-13,Available,France,Standard,Direct Sales,2026-02-07,23,2026-01-13 08:32:43,2026-01-14 10:57:01,M1,23.912,65.152
2366,2025-09-05,Available,Switzerland,Display,Agency,2026-01-24,11,2026-01-13 08:32:30,2026-01-21 14:22:33,M1,3.232,69.167
2367,2025-09-05,Available,Switzerland,Standard,Agency,2026-01-24,11,2026-01-13 08:32:08,2026-01-21 14:22:32,M1,3.234,69.167
2368,2025-10-13,Available,Switzerland,Standard,Agency,2026-01-24,11,2026-01-13 08:32:26,2026-01-21 14:22:31,M1,3.234,69.167
2369,2025-09-05,Available,Denmark,Standard,Agency,2026-01-30,17,2026-01-13 08:33:15,2026-01-16 09:58:46,M1,13.984,63.983
2370,2025-09-05,Available,Denmark,Standard,Agency,2026-02-27,17,2026-01-13 08:32:50,2026-01-16 09:58:38,M1,42.188,63.983
2371,2025-10-13,Available,Denmark,Standard,Agency,2026-02-10,18,2026-01-13 08:33:04,2026-01-14 12:00:21,M1,26.892,62.068
2372,2025-09-05,Available,Belgium,Standard,Agency,2026-03-05,20,2026-01-13 08:32:56,2026-01-14 12:00:27,M1,49.882,62.068
2373,2025-10-13,Available,France,Standard,Direct Sales,2026-04-01,23,2026-01-13 08:32:57,2026-01-14 10:56:55,M1,77.103,62.024
2374,2025-10-13,Available,France,Business,Direct Sales,2026-02-06,23,2026-01-13 08:32:20,2026-01-14 10:56:42,M1,23.143,62.024
2375,2025-10-13,Available,Belgium,Standard,Agency,2026-02-10,20,2026-01-13 08:32:06,2026-01-14 12:00:22,M1,27.134,62.068
2376,2025-10-13,Available,Switzerland,Business,Agency,2026-02-08,11,2026-01-28 11:05:01,2026-02-02 13:45:49,M2,6.311,81.141
2377,2025-09-05,Available,France,Standard,Direct Sales,2026-02-03,23,2026-01-13 08:32:53,2026-01-14 10:56:46,M1,20.043,62.024
2378,2025-09-05,Available,Britain,Standard,Agency,2026-03-10,19,2026-02-13 10:54:16,2026-02-18 15:41:39,M2,19.964,85.165
2379,2025-09-05,Available,Britain,Standard,Agency,2026-03-10,19,2026-02-13 10:54:15,2026-02-18 15:41:32,M2,19.699,85.165
2380,2025-09-05,Available,Britain,Standard,Agency,2026-03-10,19,2026-02-13 10:54:14,2026-02-18 15:41:06,M2,19.7,85.165
2381,2025-09-05,Available,Britain,Standard,Agency,2026-03-10,19,2026-02-13 10:53:26,2026-02-18 15:41:31,M2,19.946,85.165
2382,2025-09-05,Available,Britain,Standard,Agency,2026-03-09,19,2026-02-13 10:54:24,2026-02-18 15:41:26,M2,18.965,85.165
2383,2025-09-05,Available,Britain,Standard,Agency,2026-03-10,19,2026-02-13 10:54:26,2026-02-18 15:41:32,M2,18.965,84.138
2384,2025-09-05,Available,Britain,Standard,Agency,2026-03-25,9,2026-02-13 10:54:22,2026-02-18 15:41:18,M2,34.735,84.138
2385,2025-09-05,Available,Britain,Standard,Agency,2026-03-10,19,2026-02-13 10:53:26,2026-02-18 15:41:33,M2,18.965,84.138
2386,2025-09-05,Available,Britain,Standard,Agency,2026-03-10,19,2026-02-13 10:54:15,2026-02-18 15:41:25,M2,18.957,84.138
2387,2025-10-13,Available,Denmark,Standard,Agency,2026-04-03,18,2026-03-04 12:07:20,2026-03-12 13:12:47,M2,21.922,106.035
2388,2025-10-13,Available,Britain,Standard,Agency,2026-03-10,19,2026-02-13 10:52:09,2026-02-18 15:41:25,M2,18.957,83.224
2389,2025-10-13,Available,Britain,Standard,Agency,2026-03-10,19,2026-02-13 10:53:19,2026-02-18 15:41:00,M2,18.958,83.224
2390,2025-10-13,Available,Britain,Standard,Agency,2026-04-09,9,2026-02-13 10:53:26,2026-02-18 15:41:33,M2,49.919,79.339
2391,2025-10-13,Available,Britain,Standard,Agency,2026-04-01,9,2026-02-13 10:53:03,2026-02-18 15:41:07,M2,41.997,79.339
2392,2025-10-30,Available,Switzerland,Standard,Agency,2026-03-15,11,2026-02-27 13:22:14,2026-03-05 14:42:39,M2,9.881,79.197
2393,2025-10-30,Available,Switzerland,Standard,Agency,2026-03-11,11,2026-02-27 13:23:24,2026-03-05 14:50:11,M2,6.253,78.229
2394,2025-10-30,Available,Switzerland,Standard,Agency,2026-03-11,11,2026-02-27 13:24:38,2026-03-05 14:50:11,M2,6.248,76.108
2395,2025-10-30,Available,Switzerland,Standard,Agency,2026-03-20,11,2026-02-27 13:22:08,2026-03-07 16:06:00,M2,13.19,75.304
2396,2025-11-28,Available,Denmark,Standard,Agency,2026-03-29,17,2026-03-02 09:17:39,2026-03-12 13:12:46,M2,17.025,80.183
2397,2025-11-28,Available,Denmark,Standard,Agency,2026-03-27,17,2026-03-02 09:18:22,2026-03-12 13:12:28,M2,15.026,80.183
2398,2025-11-28,Available,Denmark,Standard,Agency,2026-03-26,17,2026-03-02 09:18:32,2026-03-04 11:58:43,M2,22.05,71.058
2399,2025-11-28,Available,Belgium,Service,Agency,2026-03-10,2,2026-03-02 09:21:51,2026-03-02 14:48:02,M2,7.986,69.176
2400,2025-11-28,Available,Belgium,Business,Agency,2026-04-09,26,2026-03-02 09:17:30,2026-03-02 14:47:58,M2,,69.176
2401,2025-11-28,Available,Belgium,Standard,Agency,2026-03-24,12,2026-03-02 09:17:30,2026-03-02 14:47:56,M2,22.026,68.139
2402,2025-11-28,Available,Belgium,Standard,Agency,2026-04-03,26,2026-03-02 09:17:13,2026-03-02 14:47:58,M2,31.972,68.139
2403,2025-11-28,Available,Denmark,Standard,Agency,2026-04-09,17,2026-03-02 09:17:12,2026-03-12 13:12:25,M2,28.068,76.162
2404,2025-11-28,Available,Denmark,Standard,Agency,2026-04-15,17,2026-03-02 09:19:42,2026-03-12 13:12:45,M2,33.844,76.162
2405,2025-11-28,Available,Denmark,Standard,Agency,2026-04-09,17,2026-03-02 09:17:26,2026-03-12 13:12:36,M2,27.966,75.912
2406,2025-11-28,Available,Denmark,Standard,Agency,2026-03-26,18,2026-03-02 09:17:30,2026-03-02 14:40:51,M2,23.72,65.961
2407,2025-11-28,Available,Denmark,Standard,Agency,2026-03-19,18,2026-03-02 09:17:17,2026-03-02 14:41:01,M2,16.812,63.229
2408,2025-11-28,Available,Denmark,Standard,Agency,2026-04-09,17,2026-03-02 09:17:19,2026-03-02 14:41:06,M2,38.069,63.229
2409,2025-11-28,Available,Denmark,Standard,Agency,2026-04-13,18,2026-03-02 09:17:04,2026-03-02 14:40:55,M2,42.024,63.229
2410,,Available,Britain,Standard,Agency,2025-04-15,16,2025-04-09 10:35:14,,M0,,
2411,,Available,France,Standard,Direct Sales,2025-05-22,23,2025-04-08 14:55:07,,M0,,
2412,,Available,France,Standard,Direct Sales,2025-05-01,23,2025-04-08 14:55:17,,M0,,
2413,,Available,France,Standard,Direct Sales,2025-04-25,23,2025-04-08 14:54:18,,M0,,
2414,,Reserved,Britain,Standard,Agency,2025-05-16,9,2025-04-08 14:57:12,,M0,,
2415,,Available,Netherlands,Standard,Direct Sales,2025-05-07,23,2025-04-08 14:57:21,,M0,,
2416,,Reserved,Britain,Standard,Agency,2025-05-09,9,2025-04-08 14:53:22,,M0,,
2417,,Reserved,Britain,Standard,Agency,2025-06-10,9,2025-04-08 14:50:18,,M0,,
2418,,Available,France,Standard,Direct Sales,2025-04-26,23,2025-04-08 14:52:13,,M0,,
2419,,Available,France,Standard,Direct Sales,2025-05-09,23,2025-04-08 14:53:14,,M0,,
2420,,Available,France,Standard,Direct Sales,2025-05-09,23,2025-04-08 14:55:18,,M0,,
2421,,Available,Netherlands,Standard,Direct Sales,2025-04-30,23,2025-04-08 14:55:23,,M0,,
2422,,Reserved,Britain,Standard,Agency,2025-05-07,9,2025-04-08 14:52:12,,M0,,
2423,,Available,France,Standard,Direct Sales,2025-05-09,23,2025-04-08 14:53:08,,M0,,
2424,,Reserved,Britain,Standard,Agency,2025-06-16,9,2025-04-21 10:02:15,,M0,,
2425,,Reserved,Britain,Standard,Agency,2025-06-30,19,2025-05-05 08:36:20,,M0,,
2426,,Reserved,Britain,Standard,Agency,2025-06-20,19,2025-05-05 08:35:00,,M0,,
2427,,Reserved,Britain,Standard,Agency,2025-06-06,19,2025-05-05 08:36:14,,M0,,
2428,,Reserved,Britain,Standard,Agency,2025-06-13,19,2025-05-05 08:38:20,,M0,,
2429,,Reserved,Britain,Standard,Agency,2025-06-17,19,2025-05-05 08:32:07,,M0,,
2430,,Reserved,Britain,Standard,Agency,2025-06-13,19,2025-05-05 08:34:08,,M0,,
2431,,Reserved,Britain,Standard,Agency,2025-06-09,19,2025-05-05 08:36:12,,M0,,
2432,,Reserved,Britain,Standard,Agency,2025-06-09,16,2025-05-05 08:37:07,,M0,,
2433,,Reserved,Britain,Standard,Agency,2025-06-06,16,2025-05-05 08:32:17,,M0,,
2434,,Reserved,Britain,Standard,Agency,2025-06-25,9,2025-05-05 08:35:12,,M0,,
2435,,Reserved,Britain,Standard,Agency,2025-06-13,9,2025-05-05 08:38:01,,M0,,
2436,2025-02-28,Available,Netherlands,Standard,Direct Sales,2025-06-16,23,2025-05-23 14:30:19,,M0,,
2437,2025-02-28,Available,France,Standard,Direct Sales,2025-07-10,23,2025-06-17 11:26:04,,M0,,
2438,2025-02-28,Available,France,Standard,Direct Sales,2025-07-14,23,2025-06-17 11:26:16,,M0,,
2439,2025-02-28,Available,France,Standard,Direct Sales,2025-07-29,23,2025-06-17 11:28:20,,M0,,
2440,2025-02-28,Available,France,Standard,Direct Sales,2025-07-09,23,2025-06-17 11:28:03,,M0,,
2441,2025-02-28,Available,France,Standard,Direct Sales,2025-07-10,23,2025-06-17 11:32:13,,M0,,
2442,2025-02-28,Available,France,Standard,Direct Sales,2025-07-25,23,2025-06-17 11:28:00,,M0,,
2443,2025-02-28,Available,France,Standard,Direct Sales,2025-07-17,23,2025-06-17 11:31:12,,M0,,
2444,2025-02-28,Available,France,Standard,Direct Sales,2025-07-11,23,2025-06-17 11:31:08,,M0,,
2445,2025-02-28,Available,France,Standard,Direct Sales,2025-08-07,23,2025-06-17 11:32:04,2025-07-18 15:07:34,M0,19.993,
2446,2025-02-28,Available,France,Standard,Direct Sales,2025-08-08,23,2025-06-17 11:25:14,,M0,,
2447,2025-02-28,Available,France,Standard,Direct Sales,2025-07-07,23,2025-06-17 11:31:04,,M0,,
2448,2025-02-28,Available,France,Standard,Direct Sales,2025-07-07,23,2025-06-17 11:31:22,,M0,,
2449,2025-02-28,Available,Netherlands,Standard,Direct Sales,2025-10-14,23,2025-06-17 11:31:09,2025-09-24 08:40:43,M0,20.284,62.978
2450,2025-02-28,Available,France,Standard,Direct Sales,2025-07-07,23,2025-06-17 11:24:08,,M0,,
2451,2025-02-28,Available,France,Standard,Direct Sales,2025-08-21,23,2025-06-17 11:30:12,2025-07-30 08:00:03,M0,22.089,6.922
2452,2025-02-28,Available,France,Standard,Direct Sales,2025-07-09,23,2025-06-17 11:26:13,,M0,,
2453,2025-02-28,Available,France,Standard,Direct Sales,2025-07-08,23,2025-06-17 11:24:06,,M0,,
2454,2025-03-28,Available,Britain,Standard,Agency,2025-07-25,19,2025-07-07 11:38:20,2025-07-24 10:41:41,M0,0.885,
2455,2025-03-28,Available,Britain,Standard,Agency,2025-08-19,19,2025-07-07 11:39:01,2025-07-24 10:41:42,M0,25.924,
2456,2025-03-28,Available,Britain,Standard,Agency,2025-09-02,19,2025-07-07 11:37:10,2025-07-24 10:41:37,M0,39.937,
2457,2025-03-28,Available,Britain,Standard,Agency,2025-12-18,15,2025-07-07 11:38:06,2025-07-28 11:07:37,M0,143.017,
2458,2025-03-28,Available,Britain,Standard,Agency,2025-09-10,5,2025-07-07 11:39:17,2025-07-28 11:07:28,M0,51.052,
2459,2025-03-28,Available,Britain,Standard,Agency,2025-08-01,16,2025-07-07 11:38:14,2025-07-28 11:07:30,M0,2.934,
2460,2025-03-28,Available,Britain,Standard,Agency,2025-08-05,16,2025-07-07 11:39:20,2025-07-28 11:07:39,M0,8.03,
2461,2025-03-28,Available,Britain,Standard,Agency,2025-08-08,16,2025-07-07 11:39:01,2025-07-28 11:07:36,M0,9.901,
2462,2025-03-28,Available,France,Standard,Direct Sales,2025-07-28,23,2025-07-07 11:39:07,2025-07-21 10:53:22,M0,7.138,
2463,2025-03-28,Available,France,Standard,Direct Sales,2025-08-29,23,2025-07-07 11:38:20,2025-07-21 10:53:24,M0,38.853,
2464,2025-03-28,Available,Netherlands,Standard,Direct Sales,2025-08-07,23,2025-07-07 11:39:05,2025-07-29 12:59:53,M0,9.087,
2465,2025-03-28,Available,Netherlands,Standard,Direct Sales,2025-08-06,23,2025-07-07 11:37:19,2025-07-21 10:22:43,M0,16.252,
2466,2025-03-28,Available,Netherlands,Standard,Direct Sales,2025-09-05,23,2025-07-14 12:42:19,2025-07-24 11:20:11,M0,43.245,
2467,2025-03-28,Available,Netherlands,Standard,Direct Sales,2025-09-05,23,2025-07-14 12:41:09,2025-07-23 09:34:05,M0,44.318,
2468,2025-03-28,Available,Britain,Standard,Agency,2025-08-08,19,2025-07-14 12:41:22,2025-08-05 15:32:31,M0,2.727,
2469,2025-03-28,Available,Britain,Standard,Agency,2025-08-12,19,2025-07-14 12:42:17,2025-08-05 15:32:30,M0,6.667,
2470,2025-03-28,Available,Switzerland,Standard,Agency,2025-09-30,11,2025-07-14 12:41:05,2025-08-26 09:38:04,M0,35.212,34.042
2471,2025-03-28,Available,Britain,Standard,Agency,2025-08-07,19,2025-07-14 12:42:11,2025-08-05 15:32:27,M0,1.809,
2472,2025-03-28,Available,Switzerland,Standard,Agency,2025-09-30,11,2025-07-14 12:42:20,2025-08-27 07:50:35,M0,34.287,34.967
2473,2025-03-28,Available,Denmark,Standard,Agency,2025-11-03,22,2025-07-14 12:41:16,2025-09-11 11:12:21,M0,52.928,50.084
2474,2025-03-28,Available,Denmark,Standard,Agency,2025-11-19,22,2025-07-14 12:41:03,2025-09-11 11:12:22,M0,69.174,50.084
2475,2025-03-28,Reserved,Denmark,Standard,Agency,2025-08-07,17,2025-07-14 12:41:22,2025-07-22 20:11:49,M0,15.654,
2476,2025-03-28,Reserved,Denmark,Standard,Agency,2025-08-29,22,2025-07-14 12:42:21,2025-07-18 14:25:20,M0,41.934,
2477,2025-03-28,Reserved,Denmark,Standard,Agency,2025-08-14,17,2025-07-14 12:41:09,2025-07-28 07:26:42,M0,17.316,
2478,2025-03-28,Reserved,Denmark,Standard,Agency,2025-08-15,17,2025-07-14 12:42:10,2025-07-28 07:26:43,M0,18.083,
2479,2025-03-28,Reserved,Denmark,Standard,Agency,2025-10-09,17,2025-07-14 12:41:01,2025-07-28 07:26:41,M0,73.179,
2480,2025-05-02,Available,France,Standard,Direct Sales,2025-11-07,23,2025-08-04 07:34:10,2025-08-04 14:28:52,M1,94.897,
2481,2025-05-02,Available,Denmark,Standard,Agency,2025-08-22,18,2025-08-04 07:35:07,2025-08-07 10:18:24,M1,15.076,15.064
2482,2025-05-02,Reserved,Britain,Standard,Agency,2025-09-11,19,2025-08-04 07:31:23,2025-08-25 12:56:09,M1,17.033,33.184
2483,2025-05-02,Reserved,Britain,Standard,Agency,2025-09-09,19,2025-08-04 07:33:08,2025-09-01 15:49:49,M1,7.829,40.305
2484,2025-05-02,Available,Britain,Standard,Agency,2025-09-12,9,2025-08-04 07:32:24,2025-08-14 09:47:42,M1,28.943,22.018
2485,2025-05-02,Reserved,Denmark,Standard,Agency,2025-10-14,22,2025-08-04 07:32:24,2025-08-19 13:03:42,M1,55.168,27.189
2486,2025-05-02,Available,Switzerland,Standard,Agency,2025-10-16,11,2025-08-04 07:33:01,2025-09-16 19:56:25,M1,29.702,55.454
2487,2025-05-02,Reserved,Britain,Standard,Agency,2025-11-19,19,2025-08-04 07:32:18,2025-09-01 15:49:51,M1,78.988,40.305
2488,2025-05-02,Reserved,Britain,Standard,Agency,2025-10-16,19,2025-08-04 07:33:18,2025-08-25 12:56:06,M1,52.102,33.184
2489,2025-05-02,Reserved,Denmark,Standard,Agency,2025-09-09,17,2025-08-04 07:33:16,2025-08-18 15:52:06,M1,21.996,26.306
2490,2025-05-02,Available,Denmark,Standard,Agency,2025-09-05,22,2025-08-04 07:34:13,2025-08-07 10:18:26,M1,29.039,15.064
2491,2025-05-02,Available,France,Standard,Direct Sales,2026-03-09,23,2025-08-04 07:35:07,2025-08-18 13:30:14,M1,202.922,26.151
2492,2025-05-02,Available,Switzerland,Standard,Agency,2025-09-30,11,2025-08-04 07:36:11,2025-08-26 09:38:03,M1,35.214,33.99
2493,2025-05-02,Reserved,Britain,Standard,Agency,2025-10-21,19,2025-08-04 07:30:05,2025-08-27 16:12:23,M1,54.878,35.32
2494,2025-05-02,Available,France,Standard,Direct Sales,2025-09-08,23,2025-08-04 07:31:15,2025-08-04 14:28:44,M1,34.805,12.192
2495,2025-05-02,Available,Switzerland,Standard,Agency,2025-10-13,11,2025-08-04 07:37:14,2025-08-27 07:50:35,M1,47.565,34.916
2496,2025-05-02,Reserved,Britain,Standard,Agency,2025-09-19,19,2025-08-04 07:32:21,2025-08-25 12:56:05,M1,24.79,33.184
2497,2025-05-02,Available,Denmark,Standard,Agency,2025-10-13,17,,2025-08-26 16:05:12,M1,47.712,34.256
2498,2025-05-02,Reserved,Britain,Standard,Agency,2025-10-27,19,2025-08-04 07:30:11,2025-09-01 15:14:02,M1,55.727,40.28
2499,2025-05-02,Reserved,Britain,Standard,Agency,2025-11-12,19,2025-08-04 07:30:02,2025-09-01 15:14:04,M1,71.907,40.28
2500,2025-05-02,Available,Switzerland,Standard,Agency,2025-10-27,11,2025-08-04 07:37:07,2025-09-16 19:56:23,M1,41.061,55.447
2501,2025-05-02,Available,Switzerland,Standard,Agency,2025-09-19,11,2025-08-04 07:37:20,2025-08-07 14:00:13,M1,43.27,15.224
2502,2025-05-02,Reserved,Britain,Standard,Agency,2025-09-30,19,2025-08-04 07:32:17,2025-09-01 15:40:18,M1,28.93,40.298
2503,2025-05-02,Available,Denmark,Standard,Agency,2025-09-16,17,,2025-08-26 16:05:09,M1,20.834,34.256
2504,2025-05-02,Available,France,Standard,Direct Sales,2025-10-02,23,,2025-08-26 16:18:30,M1,36.723,34.265
2505,2025-05-02,Available,Netherlands,Standard,Direct Sales,2025-10-07,23,2025-08-27 10:37:21,2025-09-24 08:40:42,M1,13.37,62.947
2506,2025-05-02,Available,Denmark,Standard,Agency,2025-09-29,18,,2025-08-26 16:06:48,M1,33.84,34.257
2507,2025-05-02,Available,Britain,Standard,Agency,2025-09-15,9,2025-08-27 10:37:02,2025-09-08 08:14:11,M1,7.096,46.929
2508,2025-05-02,Available,Denmark,Standard,Agency,2025-10-01,18,,2025-08-26 16:05:10,M1,34.894,34.256
2509,2025-05-02,Available,Denmark,Standard,Agency,2025-09-29,22,,2025-08-26 16:05:16,M1,33.693,34.256
2510,2025-05-02,Available,France,Standard,Direct Sales,2025-11-21,23,2025-08-27 10:42:01,2025-09-26 08:25:33,M1,56.142,64.937
2511,2025-05-02,Available,Denmark,Standard,Agency,2025-10-03,18,,2025-08-26 16:05:08,M1,37.776,34.256
2512,2025-05-02,Available,France,Standard,Direct Sales,2025-11-10,23,2025-08-27 10:37:15,2025-09-26 08:25:36,M1,45.147,64.937
2513,2025-05-02,Available,France,Standard,Direct Sales,2025-10-01,23,,2025-08-26 16:18:29,M1,35.721,34.265
2514,2025-05-02,Available,Denmark,Standard,Agency,2025-10-29,18,,2025-08-26 16:17:49,M1,63.719,34.265
2515,2025-06-05,Available,Britain,Standard,Agency,2025-11-14,9,2025-09-12 11:00:21,2025-09-30 08:50:32,M1,45.239,68.954
2516,2025-06-05,Available,Denmark,Standard,Agency,2025-10-21,18,2025-09-12 10:59:09,2025-09-29 11:54:35,M1,22.061,68.082
2517,2025-06-05,Available,Denmark,Standard,Agency,2025-10-23,18,2025-09-12 10:59:13,2025-09-29 11:54:41,M1,24.031,68.082
2518,2025-06-05,Available,France,Business,Direct Sales,2026-02-04,23,2025-09-12 10:58:28,2025-09-15 14:56:17,M1,141.972,54.208
2519,2025-06-05,Available,Denmark,Standard,Agency,2026-01-14,18,2025-09-12 10:59:07,2025-09-29 11:54:33,M1,106.882,68.082
2520,2025-06-05,Available,Denmark,Standard,Agency,2025-11-13,22,2025-09-12 10:59:24,2025-09-29 11:54:35,M1,45.167,68.082
2521,2025-06-05,Available,Denmark,Standard,Agency,2025-12-19,22,2025-09-12 10:58:17,2025-09-29 11:54:41,M1,81.104,68.082
2522,2025-06-05,Available,France,Standard,Direct Sales,2025-10-17,23,2025-09-12 11:00:20,2025-09-16 12:53:34,M1,30.947,55.123
2523,2025-06-05,Available,Britain,Standard,Agency,2025-10-15,16,2025-09-12 11:05:05,2025-09-30 08:55:09,M1,14.226,68.957
2524,2025-06-05,Available,Britain,Standard,Agency,2025-10-13,19,2025-09-12 11:03:10,2025-09-30 08:55:14,M1,13.27,68.957
2525,2025-06-05,Available,Britain,Standard,Agency,2025-10-10,19,2025-09-12 11:05:02,2025-09-30 08:55:13,M1,10.029,68.957
2526,2025-06-05,Available,Netherlands,Standard,Direct Sales,2025-11-27,23,2025-09-12 10:59:07,2025-10-08 13:23:09,M1,50.154,77.143
2527,2025-06-05,Available,Denmark,Standard,Agency,2025-11-11,18,,2025-09-05 10:45:09,M1,66.951,44.034
2528,2025-06-05,Available,Denmark,Standard,Agency,2025-10-10,18,,2025-09-05 10:46:04,M1,34.971,44.034
2529,2025-06-05,Available,Denmark,Standard,Agency,2025-10-16,18,,2025-09-05 10:45:54,M1,41.268,44.034
2530,2025-06-05,Available,Denmark,Standard,Agency,2025-10-02,22,,2025-09-05 10:46:05,M1,27.213,44.034
2531,2025-06-05,Available,Denmark,Standard,Agency,2025-10-07,22,,2025-09-05 10:46:12,M1,32.064,44.034
2532,2025-06-05,Available,Denmark,Standard,Agency,2025-10-09,18,,2025-09-05 10:45:52,M1,33.902,44.034
2533,2025-06-05,Available,Denmark,Standard,Agency,2025-10-20,22,,2025-09-05 10:46:06,M1,45.051,44.034
2534,2025-06-05,Available,Denmark,Standard,Agency,2025-10-03,18,,2025-09-05 10:46:08,M1,28.087,44.034
2535,2025-06-05,Available,Denmark,Standard,Agency,2025-11-27,18,,2025-09-05 10:45:54,M1,81.896,44.034
2536,2025-06-05,Available,Denmark,Service,Agency,2025-10-10,18,,2025-09-05 10:46:08,M1,34.985,44.034
2537,2025-06-05,Available,Denmark,Standard,Agency,2025-10-13,18,,2025-09-05 10:47:19,M1,37.96,44.035
2538,2025-06-05,Available,Denmark,Standard,Agency,2025-10-06,18,,2025-09-05 10:45:59,M1,31.129,44.034
2539,2025-06-05,Available,Britain,Standard,Agency,2025-11-13,19,2025-09-12 11:02:15,2025-09-30 08:54:48,M1,44.247,68.957
2540,2025-06-05,Available,Britain,Standard,Agency,2025-11-06,19,2025-09-12 11:02:25,2025-09-30 08:55:06,M1,37.339,68.957
2541,2025-06-05,Available,France,Standard,Direct Sales,2025-11-05,23,2025-09-12 10:59:01,2025-09-15 14:56:19,M1,51.041,54.208
2542,2025-06-05,Available,Denmark,Standard,Agency,2025-12-05,18,2025-09-23 09:57:04,2025-09-29 11:54:37,M1,41.993,59.855
2543,2025-06-05,Available,Britain,Standard,Agency,2025-10-15,19,2025-09-12 11:02:23,2025-09-30 08:55:03,M1,15.044,68.957
2544,2025-06-05,Available,Netherlands,Standard,Direct Sales,2025-10-06,23,,2025-09-19 09:32:04,M1,17.278,
2545,2025-06-26,Available,Netherlands,Standard,Direct Sales,2025-11-04,23,2025-10-15 11:55:09,2025-10-16 11:36:57,M1,19.186,48.923
2546,2025-06-26,Available,Britain,Standard,Agency,2025-11-18,16,2025-10-15 11:56:24,2025-10-30 10:12:40,M1,18.234,62.864
2547,2025-06-26,Available,Netherlands,Standard,Direct Sales,2025-11-04,23,2025-10-15 11:55:08,2025-10-16 11:36:56,M1,19.19,48.923
2548,2025-06-26,Available,Britain,Standard,Agency,2026-03-20,9,2025-10-15 11:57:03,2025-10-30 10:12:42,M1,141.102,62.864
2549,2025-06-26,Available,Netherlands,Standard,Direct Sales,2025-11-07,23,2025-10-15 11:56:02,2025-10-16 11:37:11,M1,21.939,48.923
2550,2025-06-26,Available,Denmark,Standard,Agency,2025-12-01,18,2025-10-27 11:31:18,2025-11-03 16:38:37,M1,27.773,60.367
2551,2025-06-26,Available,France,Standard,Direct Sales,2025-11-14,23,2025-10-15 11:53:25,2025-10-16 11:37:19,M1,28.931,48.923
2552,2025-06-26,Available,Denmark,Standard,Agency,2025-11-27,22,2025-10-27 11:30:17,2025-11-03 16:38:36,M1,23.727,60.367
2553,2025-06-26,Available,France,Standard,Direct Sales,2025-11-28,23,2025-10-27 11:34:03,2025-10-29 10:48:28,M1,30.141,55.124
2554,2025-06-26,Available,Denmark,Standard,Agency,2025-11-21,22,2025-10-27 11:30:19,2025-11-03 16:38:48,M1,17.737,60.367
2555,2025-06-26,Available,Britain,Standard,Agency,2025-12-01,16,2025-10-15 11:53:09,2025-10-30 10:12:44,M1,29.192,62.864
2556,2025-06-26,Available,France,Standard,Direct Sales,2025-11-04,23,2025-10-15 11:53:16,2025-10-16 11:37:12,M1,18.891,
2557,2025-06-26,Available,France,Standard,Direct Sales,2025-11-26,23,2025-10-15 11:56:07,2025-10-16 11:37:16,M1,41.183,48.857
2558,2025-06-26,Available,France,Standard,Direct Sales,2025-11-26,23,2025-10-15 11:55:02,2025-10-16 11:36:51,M1,41.184,48.923
2559,2025-08-05,Available,Britain,Standard,Agency,2025-12-18,16,2025-11-17 13:10:05,2025-11-26 20:45:03,M1,21.466,72.508
2560,2025-08-05,Available,Britain,Standard,Agency,2025-12-22,16,2025-11-17 13:16:16,2025-11-26 20:45:06,M1,25.51,72.508
2561,2025-08-05,Available,Britain,Standard,Agency,2026-01-01,16,2025-11-17 13:10:03,2025-11-26 20:45:01,M1,34.517,72.508
2562,2025-08-05,Available,France,Standard,Direct Sales,2025-12-22,23,2025-11-17 13:14:13,2025-11-17 14:18:40,M1,34.953,63.24
2563,2025-08-05,Available,Denmark,Standard,Agency,2026-02-12,18,2025-11-17 13:13:02,2025-11-18 16:13:32,M1,85.734,64.319
2564,2025-08-05,Available,Belgium,Standard,Agency,2025-12-03,20,2025-11-17 13:10:04,2025-11-18 16:13:54,M1,14.049,57.166
2565,2025-08-05,Available,Netherlands,Standard,Direct Sales,2025-12-09,23,2025-11-17 13:08:03,2025-11-17 14:16:32,M1,22.154,56.084
2566,2025-08-05,Available,Britain,Standard,Agency,2025-12-25,19,2025-11-17 13:08:17,2025-11-26 20:45:01,M1,28.549,65.354
2567,2025-08-05,Available,Britain,Standard,Agency,2025-12-24,19,2025-11-17 13:08:12,2025-11-26 20:45:06,M1,27.507,65.354
2568,2025-08-05,Available,Denmark,Standard,Agency,2026-01-01,18,2025-11-17 13:14:21,2025-11-18 16:13:52,M1,43.72,57.166
2569,2025-08-05,Available,Denmark,Standard,Agency,2025-12-26,18,2025-11-17 13:10:18,2025-11-18 16:14:00,M1,36.88,57.166
2570,2025-08-05,Available,Denmark,Standard,Agency,2025-12-15,18,2025-11-17 13:15:02,2025-11-18 16:13:56,M1,26.86,57.166
2571,2025-08-05,Available,Denmark,Standard,Agency,2025-12-01,18,2025-11-17 13:12:19,2025-11-18 16:14:24,M1,12.698,57.166
2572,2025-08-05,Available,Britain,Standard,Agency,2025-12-18,5,2025-11-17 13:09:07,2025-11-26 21:04:00,M1,22.725,65.367
2573,2025-08-05,Available,Switzerland,Standard,Agency,2025-12-19,11,2025-11-17 13:12:09,2025-11-27 10:57:01,M1,21.862,65.946
2574,2025-08-05,Available,Switzerland,Standard,Agency,2025-12-19,11,2025-11-17 13:08:18,2025-11-25 15:03:30,M1,23.692,64.117
2575,2025-08-05,Available,Britain,Standard,Agency,2025-12-09,4,2025-11-25 15:32:15,2025-11-29 10:22:36,M1,10.225,67.922
2576,2025-08-05,Available,Switzerland,Standard,Agency,2025-12-21,11,2025-11-25 15:30:16,2025-11-27 10:57:01,M1,24.145,65.946
2577,2025-08-05,Available,Britain,Standard,Agency,2026-01-13,4,2025-11-25 15:31:24,2025-11-29 10:22:34,M1,44.247,67.922
2578,2025-08-05,Available,France,Standard,Direct Sales,2026-02-03,23,,2025-12-19 13:35:31,M1,45.926,60.162
2579,2025-08-05,Available,Britain,Standard,Agency,2026-01-19,19,2025-12-23 10:36:05,2025-12-31 13:27:05,M1,18.908,72.156
2580,2025-08-05,Available,Netherlands,Standard,Direct Sales,2026-02-03,23,2026-01-06 17:21:07,2026-01-07 12:01:44,M1,27.307,79.097
2581,2025-08-05,Available,Britain,Standard,Agency,2026-01-26,15,2025-12-23 10:33:24,2026-01-06 12:17:55,M1,19.948,78.108
2582,2025-08-05,Available,Britain,Standard,Agency,2026-02-23,16,2025-12-23 10:33:05,2026-01-05 20:37:21,M1,45.55,75.484
2583,2025-08-05,Available,Britain,Business,Agency,2026-02-11,16,2025-12-23 10:35:07,2026-01-05 20:37:24,M1,36.739,75.484
2584,2025-08-05,Available,Britain,Standard,Agency,2026-01-16,19,2025-12-23 10:32:23,2025-12-31 10:14:12,M1,16.203,69.049
2585,2025-08-05,Available,Britain,Standard,Agency,2026-01-20,19,2025-12-23 10:36:01,2025-12-31 10:14:07,M1,20.046,69.049
2586,2025-08-05,Available,Britain,Standard,Agency,2026-03-09,19,2025-12-23 10:29:00,2025-12-31 13:27:03,M1,68.092,69.183
2587,2025-08-05,Available,Britain,Standard,Agency,2026-01-19,19,2025-12-23 10:33:11,2025-12-31 10:14:11,M1,18.98,68.857
2588,2025-08-05,Available,Britain,Standard,Agency,2026-03-10,19,2025-12-23 10:32:04,2025-12-31 10:14:05,M1,69.1,68.857
2589,2025-08-05,Available,Britain,Standard,Agency,2026-01-22,19,2025-12-23 10:36:05,2025-12-31 10:14:10,M1,22.18,68.722
2590,2025-08-05,Available,Britain,Standard,Agency,2026-01-22,19,2025-12-23 10:30:17,2025-12-31 10:14:03,M1,22.05,68.046
2591,2025-08-05,Available,Britain,Standard,Agency,2026-02-07,9,2025-12-23 10:30:04,2026-01-09 08:34:27,M1,29.112,76.977
2592,2025-08-05,Available,Britain,Standard,Agency,2026-02-04,19,2025-12-23 10:30:14,2025-12-31 13:27:05,M1,34.863,68.18
2593,2025-06-26,Available,Britain,Standard,Agency,2026-02-05,9,2025-12-23 10:30:13,2026-01-06 16:46:42,M1,29.697,74.319
2594,2025-06-26,Available,Britain,Standard,Agency,2026-01-21,9,2025-12-23 10:27:17,2026-01-09 09:37:36,M1,12.297,77.021
2595,2025-06-26,Available,Britain,Standard,Agency,2026-03-10,9,2025-12-23 10:27:12,2026-01-06 16:46:41,M1,62.968,74.319
2596,2025-06-26,Available,Britain,Standard,Agency,2026-02-07,9,2025-12-23 10:28:18,2026-01-06 16:46:41,M1,31.829,74.268
2597,2025-06-26,Available,Britain,Standard,Agency,2026-01-15,9,2025-12-23 10:28:12,2026-01-08 13:38:36,M1,7.149,73.252
2598,2025-06-26,Available,Britain,Standard,Agency,2026-02-03,16,2025-12-23 10:30:19,2026-01-05 20:37:24,M1,28.464,70.542
2599,2025-06-26,Available,Britain,Standard,Agency,2026-02-03,19,2025-12-23 10:28:21,2025-12-31 10:14:08,M1,34.216,65.11
2600,2025-06-26,Available,Britain,Standard,Agency,2026-03-03,19,2025-12-23 10:28:06,2025-12-31 10:14:06,M1,61.983,65.11
2601,2025-06-26,Available,Netherlands,Standard,Direct Sales,2026-01-23,23,2026-01-06 17:21:09,2026-01-07 12:01:25,M1,16.076,72.184
2602,2025-06-26,Available,Britain,Standard,Agency,2026-01-15,9,2025-12-23 10:29:20,2026-01-08 13:38:36,M1,6.891,73.252
2603,2025-06-26,Available,Switzerland,Display,Agency,2026-01-22,11,2026-01-06 17:21:01,2026-01-20 14:59:18,M1,2.24,84.747
2604,2025-06-26,Available,Switzerland,Standard,Agency,2026-01-22,11,2026-01-06 17:21:18,2026-01-20 14:59:19,M1,2.239,85.067
2605,2025-06-26,Available,Netherlands,Standard,Direct Sales,2026-02-06,23,2026-01-06 17:21:17,2026-01-07 12:01:41,M1,30.159,71.944
2606,2025-06-26,Available,Britain,Standard,Agency,2026-03-10,19,2025-12-23 10:29:23,2025-12-31 13:27:05,M1,68.061,65.003
2607,2025-06-26,Available,Netherlands,Standard,Direct Sales,2026-01-22,23,2026-01-06 17:21:18,2026-01-07 12:01:43,M1,15.168,70.122
2608,2025-08-05,Available,France,Standard,Direct Sales,2026-02-18,23,2026-01-13 08:32:10,2026-01-14 10:56:56,M1,35.062,72.076
2609,2025-09-05,Available,Netherlands,Standard,Direct Sales,2026-02-04,23,2026-01-13 08:32:40,2026-01-22 10:30:49,M1,13.001,77.824
2610,2025-09-05,Available,Slovenia,Standard,Agency,2026-02-27,21,2026-01-28 11:05:09,2026-02-05 09:25:58,M2,22.29,91.0
2611,2025-09-05,Available,Switzerland,Business,Agency,2026-01-24,11,2026-01-13 08:33:03,2026-01-21 14:22:32,M1,3.234,75.225
2612,2025-09-05,Available,Netherlands,Standard,Direct Sales,2026-02-02,23,2026-01-13 08:32:17,2026-01-14 10:56:35,M1,19.049,68.082
2613,2025-09-05,Available,Switzerland,Standard,Agency,2026-01-24,11,2026-01-13 08:32:23,2026-01-21 14:22:32,M1,3.234,73.151
2614,2025-09-05,Available,Switzerland,Standard,Agency,2026-01-27,11,2026-01-13 08:32:05,2026-01-21 14:24:26,M1,5.924,73.153
2615,2025-10-13,Available,Switzerland,Standard,Agency,2026-01-27,11,2026-01-13 08:32:23,2026-01-21 14:24:26,M1,5.923,72.296
2616,2025-10-13,Available,Switzerland,Standard,Agency,2026-01-27,11,2026-01-13 08:32:45,2026-01-21 14:24:26,M1,5.928,72.296
2617,2025-10-13,Available,Switzerland,Standard,Agency,2026-01-27,11,2026-01-13 08:32:45,2026-01-21 14:26:43,M1,5.929,72.297
2618,2025-10-13,Available,Switzerland,Standard,Agency,2026-01-27,11,2026-01-13 08:32:06,2026-01-21 14:26:44,M1,5.928,69.169
2619,2025-10-13,Available,Switzerland,Standard,Agency,2026-01-27,11,2026-01-13 08:32:47,2026-01-21 14:26:44,M1,5.924,69.169
2620,2025-10-13,Available,Switzerland,Standard,Agency,2026-01-27,11,2026-01-13 08:32:12,2026-01-21 14:26:44,M1,5.925,69.169
2621,2025-10-13,Available,Switzerland,Standard,Agency,2026-01-24,11,2026-01-13 08:32:40,2026-01-21 14:49:18,M1,3.21,69.185
2622,2025-09-05,Available,Belgium,Standard,Agency,2026-03-10,26,2026-01-13 08:32:36,2026-01-14 12:00:25,M1,55.017,62.068
2623,2025-09-05,Available,Switzerland,Standard,Agency,2026-01-24,11,2026-01-13 08:33:13,2026-01-21 14:49:17,M1,3.208,69.185
2624,2025-09-05,Available,Belgium,Standard,Agency,2026-02-26,20,2026-01-13 08:32:34,2026-01-14 12:00:21,M1,42.988,62.068
2625,2025-10-13,Available,France,Standard,Direct Sales,2026-02-06,23,2026-01-13 08:32:19,2026-01-14 10:56:39,M1,23.187,62.024
2626,2025-10-13,Available,Belgium,Standard,Agency,2026-02-03,20,2026-01-13 08:33:00,2026-01-14 12:00:24,M1,19.909,62.068
2627,2025-09-05,Available,Belgium,Standard,Agency,2026-02-03,20,2026-01-13 08:32:12,2026-01-14 12:00:27,M1,19.882,62.068
2628,2025-10-13,Available,France,Standard,Direct Sales,2026-02-06,23,2026-01-13 08:32:53,2026-01-14 10:56:46,M1,23.188,62.024
2629,2025-09-05,Available,Britain,Standard,Agency,2026-03-03,4,2026-02-13 10:53:23,2026-02-18 15:41:18,M2,18.788,85.165
2630,2025-09-05,Available,Britain,Standard,Agency,2026-03-03,4,2026-02-13 10:54:12,2026-02-18 15:41:12,M2,18.791,85.165
2631,2025-09-05,Available,Britain,Standard,Agency,2026-03-10,6,2026-02-13 10:54:16,2026-02-18 15:41:26,M2,20.013,84.138
2632,2025-09-05,Available,Britain,Standard,Agency,2026-03-10,6,2026-02-13 10:54:16,2026-02-18 15:41:28,M2,20.011,84.138
2633,2025-09-05,Available,Britain,Standard,Agency,2026-03-10,19,2026-02-13 10:53:20,2026-02-18 15:41:40,M2,18.965,84.138
2634,2025-10-13,Available,Britain,Standard,Agency,2026-03-23,9,2026-02-13 10:53:04,2026-02-18 15:41:07,M2,32.781,84.138
2635,2025-10-13,Available,Denmark,Standard,Agency,2026-04-03,17,2026-03-04 12:08:27,2026-03-04 13:48:00,M2,29.814,97.145
2636,2025-10-13,Available,Denmark,Business,Agency,2026-04-09,17,2026-03-04 12:07:14,2026-03-20 12:37:46,M2,,113.096
2637,2025-10-13,Available,Britain,Display,Agency,2026-04-09,19,2026-02-13 10:52:04,2026-02-18 15:41:10,M2,,83.224
2638,2025-10-13,Available,Denmark,Standard,Agency,2026-04-09,17,2026-03-04 12:09:37,2026-03-20 12:37:39,M2,19.87,113.096
2639,2025-10-13,Available,Britain,Standard,Agency,2026-03-26,19,2026-02-13 10:54:22,2026-02-18 15:41:24,M2,35.681,83.224
2640,2025-10-13,Available,Britain,Standard,Agency,2026-04-18,15,2026-02-13 10:53:26,2026-02-18 15:41:30,M2,60.836,81.956
2641,2025-10-13,Available,Britain,Standard,Agency,2026-04-03,15,2026-02-13 10:52:05,2026-02-18 15:41:13,M2,32.944,81.955
2642,2025-10-13,Available,France,Standard,Direct Sales,2026-03-10,23,,2026-02-11 08:59:49,M2,27.004,74.677
2643,2025-10-13,Available,France,Standard,Direct Sales,2026-03-05,23,,2026-02-10 15:04:13,M2,22.975,73.93
2644,2025-10-13,Available,Britain,Standard,Agency,2026-03-25,4,2026-02-13 10:52:06,2026-02-18 15:41:14,M2,34.888,79.339
2645,2025-10-13,Available,France,Standard,Direct Sales,2026-03-10,23,,2026-02-11 08:59:44,M2,27.199,72.06
2646,2025-10-13,Available,Britain,Standard,Agency,2026-04-07,9,2026-02-13 10:52:11,2026-02-18 15:41:35,M2,47.659,79.339
2647,2025-10-13,Available,France,Standard,Direct Sales,2026-03-06,23,,2026-02-10 15:04:19,M2,23.964,71.313
2648,2025-10-13,Available,France,Standard,Direct Sales,2026-03-06,23,,2026-02-10 15:04:11,M2,23.965,71.313
2649,2025-10-13,Available,Britain,Standard,Agency,2026-04-16,9,2026-02-13 10:54:15,2026-02-18 15:41:17,M2,56.85,71.263
2650,2025-10-13,Available,Denmark,Standard,Agency,2026-04-16,17,2026-03-04 12:07:18,2026-03-20 12:37:37,M2,27.14,95.142
2651,2025-10-30,Available,Switzerland,Standard,Agency,2026-03-15,11,2026-02-27 13:22:26,2026-03-06 09:53:52,M2,9.086,79.997
2652,2025-10-30,Available,France,Standard,Direct Sales,2026-03-10,23,2026-02-27 13:22:04,2026-03-03 15:08:22,M2,6.789,76.242
2653,2025-10-30,Available,France,Standard,Direct Sales,2026-04-09,23,2026-02-27 13:25:24,2026-03-03 15:08:22,M2,36.884,76.242
2654,2025-10-30,Available,France,Standard,Direct Sales,2026-03-09,23,2026-02-27 13:23:27,2026-03-03 15:08:18,M2,5.85,76.242
2655,2025-10-30,Available,France,Standard,Direct Sales,2026-03-10,23,2026-02-27 13:23:17,2026-03-03 15:08:11,M2,7.024,74.119
2656,2025-10-30,Available,Switzerland,Standard,Agency,2026-03-20,11,2026-02-27 13:23:29,2026-03-07 16:07:51,M2,13.193,78.161
2657,2025-10-30,Available,France,Standard,Direct Sales,2026-04-09,23,2026-02-27 13:25:31,2026-03-12 13:12:27,M2,27.841,83.039
2658,2025-10-30,Available,France,Standard,Direct Sales,2026-04-17,23,2026-02-27 13:25:10,2026-03-12 13:12:26,M2,35.968,83.039
2659,2025-10-30,Available,France,Standard,Direct Sales,2026-03-09,23,2026-02-27 13:25:10,2026-03-03 15:08:21,M2,6.0,74.12
2660,2025-10-30,Available,Switzerland,Standard,Agency,2026-03-15,11,2026-02-27 13:25:01,2026-03-07 16:11:28,M2,7.841,78.163
2661,2025-11-28,Available,Denmark,Standard,Agency,2026-04-03,18,2026-03-02 09:19:42,2026-03-02 11:38:33,M2,31.933,70.118
2662,2025-10-30,Available,Belgium,Standard,Agency,2026-03-10,12,,2026-02-27 13:16:35,M2,10.971,67.186
2663,2025-11-28,Available,Belgium,Standard,Agency,2026-04-11,20,2026-03-02 09:21:16,2026-03-12 13:12:48,M2,29.838,79.11
2664,2025-11-28,Available,Belgium,Display,Agency,2026-03-24,12,2026-03-02 09:18:21,2026-03-02 14:48:07,M2,21.925,69.176
2665,2025-11-28,Available,Belgium,Standard,Agency,2026-03-10,12,2026-03-02 09:18:22,2026-03-02 14:48:07,M2,7.756,69.176
2666,2025-11-28,Available,Belgium,Standard,Agency,2026-03-30,20,2026-03-02 09:17:20,2026-03-02 15:28:08,M2,27.318,69.204
2667,2025-11-28,Available,Belgium,Standard,Agency,2026-04-11,20,2026-03-02 09:17:32,2026-03-02 14:48:01,M2,39.772,68.931
2668,2025-11-28,Available,Denmark,Business,Agency,2026-04-09,17,2026-03-02 09:17:04,2026-03-02 14:40:56,M2,,63.229
2669,2025-11-28,Available,Denmark,Standard,Agency,2026-03-23,17,2026-03-02 09:17:20,2026-03-02 11:38:38,M2,21.155,62.945
2670,2025-12-30,Available,France,Standard,Direct Sales,2026-03-31,23,,2026-03-19 13:11:30,M2,12.093,72.176
2671,2025-12-30,Available,France,Standard,Direct Sales,2026-03-31,23,,2026-03-19 13:11:30,M2,12.097,72.176
2672,2025-12-30,Available,France,Standard,Direct Sales,2026-04-02,23,,2026-03-19 13:11:29,M2,13.911,72.176
2673,,Available,Denmark,Standard,Agency,2025-09-04,17,2025-05-23 14:30:07,2025-07-07 11:48:02,M0,58.984,
2674,,Available,France,Business,Direct Sales,2025-07-09,23,2025-07-09 10:12:00,,M0,,
2675,,Available,France,Business,Direct Sales,2025-10-09,23,2025-04-02 11:52:30,,M0,,
2676,,Available,France,Business,Direct Sales,2025-12-01,23,2025-04-02 11:52:29,,M0,,
2677,,Available,France,Standard,Direct Sales,2025-05-05,23,2025-04-08 14:54:11,,M0,,
2678,,Available,France,Standard,Direct Sales,2025-04-25,23,2025-04-08 14:51:16,,M0,,
2679,,Available,France,Standard,Direct Sales,2025-05-07,23,2025-04-08 14:56:23,,M0,,
2680,,Reserved,Britain,Standard,Agency,2025-05-12,19,2025-04-08 14:57:09,,M0,,
2681,,Reserved,Britain,Standard,Agency,2025-05-05,19,2025-04-08 14:56:09,,M0,,
2682,,Reserved,Britain,Standard,Agency,2025-05-06,9,2025-04-08 14:56:20,,M0,,
2683,,Reserved,Britain,Standard,Agency,2025-05-30,9,2025-04-08 14:57:17,,M0,,
2684,,Reserved,Britain,Standard,Agency,2025-05-30,9,2025-04-08 14:51:14,,M0,,
2685,,Available,France,Standard,Direct Sales,2025-05-01,23,2025-04-08 14:51:17,,M0,,
2686,,Available,France,Standard,Direct Sales,2025-05-07,23,2025-04-08 14:52:12,,M0,,
2687,,Reserved,Britain,Standard,Agency,2025-05-23,19,2025-04-08 14:53:13,,M0,,
2688,,Reserved,Britain,Standard,Agency,2025-05-09,19,2025-04-08 14:55:11,,M0,,
2689,,Available,France,Standard,Direct Sales,2025-05-07,23,2025-04-08 14:55:06,,M0,,
2690,,Available,France,Standard,Direct Sales,2025-04-28,23,2025-04-08 14:57:05,,M0,,
2691,,Available,France,Standard,Direct Sales,2025-05-20,23,2025-04-08 14:54:08,,M0,,
2692,,Available,France,Standard,Direct Sales,2025-05-02,23,2025-04-08 14:56:15,,M0,,
2693,,Reserved,Britain,Standard,Agency,2025-06-28,9,2025-04-08 14:57:06,,M0,,
2694,,Available,France,Standard,Direct Sales,2025-05-07,23,2025-04-08 14:56:17,,M0,,
2695,,Available,France,Standard,Direct Sales,2025-04-30,23,2025-04-08 14:56:06,,M0,,
2696,,Available,France,Standard,Direct Sales,2025-05-05,23,2025-04-08 14:55:06,,M0,,
2697,,Reserved,Denmark,Business,Agency,2025-05-21,17,2025-04-21 10:03:08,,M0,,
2698,,Available,Netherlands,Standard,Direct Sales,2025-05-05,23,2025-04-08 14:55:03,,M0,,
2699,,Reserved,Britain,Standard,Agency,2025-09-10,19,2025-04-08 14:50:10,,M0,,
2700,,Reserved,Britain,Standard,Agency,2025-05-27,9,2025-04-08 14:51:15,,M0,,
2701,,Available,France,Standard,Direct Sales,2025-05-05,23,2025-04-08 14:51:04,,M0,,
2702,,Reserved,Britain,Standard,Agency,2025-06-07,19,2025-05-05 08:34:16,,M0,,
2703,,Reserved,Britain,Standard,Agency,2025-06-19,19,2025-05-05 08:38:13,,M0,,
2704,,Available,France,Standard,Direct Sales,2025-06-06,23,2025-05-05 08:36:08,,M0,,
2705,,Available,Britain,Standard,Agency,2025-08-14,19,2025-05-05 08:33:06,,M0,,
2706,,Reserved,Britain,Standard,Agency,2025-06-11,9,2025-05-05 08:37:03,,M0,,
2707,,Reserved,Britain,Standard,Agency,2025-06-16,9,2025-05-05 08:32:18,,M0,,
2708,,Reserved,Britain,Standard,Agency,2025-05-29,9,2025-05-05 08:38:16,,M0,,
2709,,Reserved,Britain,Standard,Agency,2025-06-16,19,2025-05-05 08:34:05,,M0,,
2710,,Reserved,Britain,Standard,Agency,2025-06-13,19,2025-05-05 08:38:08,,M0,,
2711,,Reserved,Britain,Standard,Agency,2025-06-13,19,2025-05-05 08:33:19,,M0,,
2712,,Reserved,Britain,Standard,Agency,2025-06-09,19,2025-05-05 08:36:04,,M0,,
2713,,Reserved,Britain,Standard,Agency,2025-06-06,19,2025-05-05 08:32:20,,M0,,
2714,,Reserved,Britain,Standard,Agency,2025-06-12,19,2025-05-05 08:33:04,,M0,,
2715,,Reserved,Britain,Standard,Agency,2025-06-04,16,2025-05-05 08:36:16,,M0,,
2716,,Reserved,Britain,Standard,Agency,2025-05-28,16,2025-05-05 08:35:13,,M0,,
2717,,Reserved,Britain,Standard,Agency,2025-06-12,16,2025-05-05 08:34:04,,M0,,
2718,,Reserved,Britain,Standard,Agency,2025-06-13,16,2025-05-05 08:38:07,,M0,,
2719,,Reserved,Britain,Standard,Agency,2025-06-06,16,2025-05-05 08:34:14,,M0,,
2720,,Reserved,Britain,Standard,Agency,2025-06-13,16,2025-05-05 08:33:18,,M0,,
2721,,Reserved,Britain,Standard,Agency,2025-06-12,16,2025-05-05 08:36:02,,M0,,
2722,,Available,Britain,Standard,Agency,2025-08-28,16,2025-05-05 08:32:17,,M0,,
2723,,Reserved,Britain,Standard,Agency,2025-06-10,16,2025-05-05 08:36:13,,M0,,
2724,,Reserved,Britain,Standard,Agency,2025-06-10,16,2025-05-05 08:33:12,,M0,,
2725,,Reserved,Britain,Standard,Agency,2025-05-30,19,2025-05-05 08:37:05,,M0,,
2726,,Reserved,Britain,Standard,Agency,2025-05-29,16,2025-05-05 08:37:06,,M0,,
2727,2025-02-28,Reserved,Denmark,Standard,Agency,2025-07-16,17,2025-06-17 11:27:01,,M0,,
2728,2025-02-28,Available,France,Standard,Direct Sales,2025-07-10,23,2025-06-17 11:31:19,,M0,,
2729,2025-02-28,Available,France,Standard,Direct Sales,2025-07-07,23,2025-06-17 11:31:05,,M0,,
2730,2025-02-28,Reserved,Denmark,Standard,Agency,2025-07-11,17,2025-06-17 11:32:10,,M0,,
2731,2025-02-28,Reserved,Denmark,Standard,Agency,2025-07-15,18,2025-06-17 11:29:00,,M0,,
2732,2025-02-28,Reserved,Denmark,Standard,Agency,2025-06-30,17,2025-06-17 11:29:09,,M0,,
2733,2025-02-28,Reserved,Denmark,Standard,Agency,2025-07-09,17,2025-06-17 11:25:02,,M0,,
2734,2025-02-28,Available,Belgium,Standard,Agency,2025-11-06,26,2025-06-17 11:30:19,,M0,,
2735,2025-02-28,Reserved,Denmark,Standard,Agency,2025-07-22,18,2025-06-17 11:31:17,,M0,,
2736,2025-02-28,Reserved,Denmark,Standard,Agency,2025-07-11,18,2025-06-17 11:24:12,,M0,,
2737,2025-02-28,Available,Denmark,Standard,Agency,2025-07-31,17,2025-06-17 11:23:16,,M0,,
2738,2025-02-28,Available,France,Standard,Direct Sales,2025-07-28,23,2025-06-17 11:27:08,,M0,,
2739,2025-02-28,Reserved,Denmark,Standard,Agency,2025-07-25,18,2025-06-17 11:23:03,,M0,,
2740,2025-02-28,Reserved,Denmark,Standard,Agency,2025-08-01,18,2025-06-17 11:28:24,,M0,,
2741,2025-02-28,Reserved,Denmark,Standard,Agency,2026-03-11,17,2025-06-17 11:24:21,,M0,,
2742,2025-02-28,Reserved,Denmark,Standard,Agency,2025-07-18,18,2025-06-17 11:23:04,,M0,,
2743,2025-02-28,Reserved,Denmark,Standard,Agency,2025-06-27,17,2025-06-17 11:24:02,,M0,,
2744,2025-02-28,Reserved,Denmark,Standard,Agency,2025-07-21,17,2025-06-17 11:23:15,,M0,,
2745,2025-02-28,Reserved,Denmark,Standard,Agency,2025-07-04,17,2025-06-17 11:25:17,,M0,,
2746,2025-02-28,Reserved,Denmark,Standard,Agency,2025-08-05,17,2025-06-17 11:25:08,,M0,,
2747,2025-02-28,Reserved,Denmark,Standard,Agency,2025-07-09,17,2025-06-17 11:23:17,,M0,,
2748,2025-02-28,Reserved,Denmark,Standard,Agency,2025-08-04,18,2025-06-17 11:25:15,2025-07-11 09:04:52,M0,24.254,
2749,2025-02-28,Available,Belgium,Service,Agency,2025-09-22,26,2025-06-17 11:27:08,,M0,,
2750,2025-02-28,Reserved,Britain,Standard,Agency,2025-07-11,9,2025-06-17 11:23:14,2025-07-03 08:36:16,M0,8.304,
2751,2025-02-28,Available,Britain,Standard,Agency,2025-07-25,5,2025-06-17 11:30:17,2025-07-23 09:25:40,M0,2.112,
2752,2025-02-28,Reserved,Britain,Standard,Agency,2025-07-22,9,2025-06-17 11:26:12,2025-07-03 08:36:17,M0,19.031,
2753,2025-02-28,Reserved,Denmark,Standard,Agency,2025-07-03,17,2025-06-17 11:28:15,,M0,,
2754,2025-02-28,Available,Britain,Standard,Agency,2025-09-23,9,2025-06-17 11:29:13,2025-08-14 09:47:20,M0,40.024,22.017
2755,2025-03-28,Available,Britain,Standard,Agency,2025-11-08,16,2025-07-07 11:38:17,2025-07-28 11:07:39,M0,101.956,
2756,2025-03-28,Available,Britain,Standard,Agency,2025-08-07,16,2025-07-07 11:37:05,2025-07-28 11:07:42,M0,9.057,
2757,2025-03-28,Available,Britain,Standard,Agency,2025-11-28,16,2025-07-07 11:38:20,2025-07-28 11:07:46,M0,122.182,
2758,2025-03-28,Available,Britain,Standard,Agency,2025-07-30,16,2025-07-07 11:38:24,2025-07-28 11:07:32,M0,1.941,
2759,2025-03-28,Available,Britain,Standard,Agency,2025-08-04,16,2025-07-07 11:39:14,2025-07-28 11:07:47,M0,6.977,
2760,2025-03-28,Available,Britain,Standard,Agency,2025-08-18,16,2025-07-07 11:37:24,2025-07-28 11:07:42,M0,20.852,
2761,2025-03-28,Available,Britain,Standard,Agency,2025-08-18,16,2025-07-07 11:37:24,2025-07-28 11:07:44,M0,20.937,
2762,2025-03-28,Available,Britain,Standard,Agency,2025-08-11,9,2025-07-07 11:38:14,2025-07-28 11:07:31,M0,13.906,
2763,2025-03-28,Available,Britain,Standard,Agency,2025-08-28,9,2025-07-07 11:37:01,2025-07-28 11:07:28,M0,31.083,
2764,2025-03-28,Available,Britain,Standard,Agency,2025-10-25,9,2025-07-07 11:38:02,2025-07-28 11:07:26,M0,89.175,
2765,2025-03-28,Available,Britain,Standard,Agency,2025-08-28,9,2025-07-14 12:41:04,2025-08-06 14:09:13,M0,22.047,
2766,2025-03-28,Available,Britain,Standard,Agency,2025-09-23,9,2025-07-14 12:41:13,2025-08-06 09:33:57,M0,48.229,
2767,2025-03-28,Available,Netherlands,Standard,Direct Sales,2025-08-05,23,2025-07-07 11:38:08,2025-07-22 15:18:44,M0,13.933,
2768,2025-03-28,Available,Britain,Standard,Agency,2025-09-18,9,2025-07-07 11:37:21,2025-07-28 11:07:34,M0,52.182,
2769,2025-03-28,Available,Netherlands,Standard,Direct Sales,2025-08-05,23,2025-07-07 11:39:08,2025-07-22 15:18:44,M0,13.934,
2770,2025-03-28,Available,Netherlands,Standard,Direct Sales,2025-08-08,23,2025-07-07 11:38:09,2025-07-29 12:59:51,M0,9.939,
2771,2025-03-28,Available,Netherlands,Standard,Direct Sales,2025-07-29,23,2025-07-07 11:37:10,2025-07-17 12:24:41,M0,12.187,
2772,2025-03-28,Available,Britain,Standard,Agency,2025-09-12,9,2025-07-14 12:41:24,2025-08-06 14:09:11,M0,36.855,
2773,2025-03-28,Available,Netherlands,Standard,Direct Sales,2025-07-28,23,2025-07-07 11:39:20,2025-07-14 10:39:03,M0,14.241,
2774,2025-03-28,Available,Netherlands,Standard,Direct Sales,2025-08-01,23,2025-07-07 11:37:16,2025-07-23 10:08:50,M0,9.171,
2775,2025-03-28,Available,Netherlands,Standard,Direct Sales,2025-08-08,23,2025-07-07 11:38:19,2025-07-29 12:59:54,M0,10.027,
2776,2025-03-28,Available,Netherlands,Standard,Direct Sales,2025-09-09,23,2025-07-07 11:39:20,2025-07-23 10:37:15,M0,48.226,
2777,2025-03-28,Available,Netherlands,Standard,Direct Sales,2025-08-08,23,2025-07-14 12:42:06,2025-07-25 12:19:30,M0,14.076,
2778,2025-03-28,Available,Britain,Standard,Agency,2025-08-12,19,2025-07-14 12:42:18,2025-07-28 11:02:50,M0,15.018,
2779,2025-03-28,Available,Britain,Standard,Agency,2025-08-08,19,2025-07-14 12:42:08,2025-08-04 13:31:25,M0,3.9,
2780,2025-03-28,Available,Britain,Standard,Agency,2025-08-07,19,2025-07-14 12:41:08,2025-08-04 13:31:27,M0,2.809,
2781,2025-03-28,Available,Britain,Standard,Agency,2025-07-31,19,2025-07-14 12:42:24,2025-07-28 11:02:55,M0,3.136,
2782,2025-03-28,Available,Britain,Standard,Agency,2025-08-11,19,2025-07-14 12:42:19,2025-07-28 11:02:52,M0,13.861,
2783,2025-03-28,Available,Britain,Standard,Agency,2025-08-01,19,2025-07-14 12:42:09,2025-07-28 11:02:44,M0,3.859,
2784,2025-03-28,Available,Britain,Standard,Agency,2025-08-27,15,2025-07-14 12:42:23,2025-08-06 13:56:37,M0,20.761,
2785,2025-03-28,Available,Britain,Standard,Agency,2025-08-20,15,2025-07-14 12:42:02,2025-07-28 11:02:53,M0,22.969,
2786,2025-03-28,Reserved,Denmark,Standard,Agency,2025-08-22,18,2025-07-14 12:41:07,2025-07-22 20:09:50,M0,30.641,
2787,2025-03-28,Available,Britain,Standard,Agency,2025-08-08,5,2025-07-14 12:42:22,2025-08-01 09:14:28,M0,6.921,
2788,2025-03-28,Reserved,Denmark,Standard,Agency,2025-08-18,18,2025-07-14 12:42:08,2025-07-18 14:25:25,M0,26.864,
2789,2025-03-28,Reserved,Denmark,Standard,Agency,2025-10-07,17,2025-07-14 12:42:03,2025-07-24 13:21:48,M0,75.072,
2790,2025-03-28,Reserved,Denmark,Standard,Agency,2025-09-19,17,2025-07-14 12:41:04,2025-07-24 13:21:47,M0,56.83,
2791,2025-03-28,Reserved,Denmark,Standard,Agency,2025-09-23,17,2025-07-14 12:41:11,2025-07-22 10:59:13,M0,62.888,
2792,2025-03-28,Reserved,Denmark,Standard,Agency,2025-10-09,17,2025-07-14 12:42:24,2025-07-22 10:59:11,M0,78.969,
2793,2025-03-28,Reserved,Denmark,Standard,Agency,2025-08-21,17,2025-07-14 12:42:01,2025-07-22 10:59:09,M0,30.082,
2794,2025-05-02,Available,France,Standard,Direct Sales,2025-09-17,23,2025-08-04 07:36:07,2025-08-11 12:27:23,M1,37.132,
2795,2025-05-02,Available,Denmark,Standard,Agency,2025-08-29,18,2025-08-04 07:34:05,2025-08-07 10:18:14,M1,22.036,15.064
2796,2025-05-02,Available,Denmark,Standard,Agency,2025-09-03,22,2025-08-04 07:35:01,2025-08-07 10:18:11,M1,27.167,15.064
2797,2025-05-02,Available,Belgium,Standard,Agency,2025-08-27,26,2025-08-04 07:30:01,2025-08-04 14:29:25,M1,23.015,12.22
2798,2025-05-02,Available,Britain,Standard,Agency,2025-08-29,9,2025-08-04 07:31:03,2025-08-14 09:47:22,M1,15.06,22.017
2799,2025-05-02,Available,Denmark,Standard,Agency,2025-10-10,22,2025-08-04 07:33:09,2025-09-05 10:45:10,M1,35.252,44.088
2800,2025-05-02,Available,Denmark,Standard,Agency,2025-10-01,22,2025-08-04 07:32:18,2025-09-05 10:45:15,M1,26.014,44.088
2801,2025-05-02,Available,France,Standard,Direct Sales,2025-09-25,23,2025-08-04 07:35:21,2025-08-11 12:27:21,M1,44.871,19.108
2802,2025-05-02,Available,Denmark,Standard,Agency,2025-08-21,18,2025-08-04 07:35:09,2025-08-07 10:18:27,M1,14.124,15.064
2803,2025-05-02,Available,Britain,Standard,Agency,2025-09-25,16,2025-08-04 07:30:07,2025-09-01 08:01:10,M1,24.048,39.957
2804,2025-05-02,Available,France,Standard,Direct Sales,2025-10-03,23,2025-08-04 07:37:05,2025-08-11 12:27:22,M1,53.028,19.108
2805,2025-05-02,Available,Denmark,Standard,Agency,2025-08-21,22,2025-08-04 07:34:03,2025-08-07 10:18:11,M1,14.113,15.064
2806,2025-05-02,Available,Denmark,Standard,Agency,2025-09-02,18,2025-08-04 07:36:03,2025-08-07 10:18:13,M1,25.952,15.064
2807,2025-05-02,Available,Denmark,Standard,Agency,2025-08-28,22,2025-08-04 07:36:02,2025-08-07 10:18:10,M1,21.169,15.064
2808,2025-05-02,Available,France,Standard,Direct Sales,2025-09-08,23,2025-08-04 07:32:17,2025-08-04 14:28:47,M1,34.805,12.192
2809,2025-05-02,Available,France,Business,Direct Sales,2026-03-10,23,2025-08-04 07:35:12,2025-08-18 13:30:13,M1,203.889,26.151
2810,2025-05-02,Reserved,Britain,Standard,Agency,2025-10-23,19,2025-08-04 07:31:07,2025-09-01 15:14:00,M1,51.976,40.28
2811,2025-05-02,Available,Denmark,Standard,Agency,2025-08-29,22,2025-08-04 07:36:19,2025-08-07 10:18:18,M1,22.036,15.064
2812,2025-05-02,Reserved,Britain,Standard,Agency,2025-10-02,19,2025-08-04 07:33:17,2025-08-25 12:56:07,M1,37.926,33.184
2813,2025-05-02,Available,Denmark,Standard,Agency,2025-09-23,17,2025-08-04 07:36:24,2025-08-25 10:50:11,M1,29.113,33.086
2814,2025-05-02,Reserved,Britain,Standard,Agency,2025-10-24,19,2025-08-04 07:33:13,2025-09-01 15:49:49,M1,53.014,40.305
2815,2025-05-02,Reserved,Britain,Standard,Agency,2025-10-03,19,2025-08-04 07:30:19,2025-08-25 12:56:05,M1,39.057,33.184
2816,2025-05-02,Available,Denmark,Standard,Agency,2025-09-01,18,2025-08-04 07:34:21,2025-08-07 10:18:23,M1,24.994,15.064
2817,2025-05-02,Reserved,Britain,Standard,Agency,2025-10-01,19,2025-08-04 07:30:12,2025-09-01 15:49:51,M1,29.927,40.305
2818,2025-05-02,Reserved,Britain,Standard,Agency,2025-10-17,19,2025-08-04 07:31:22,2025-08-25 12:56:08,M1,52.815,33.184
2819,2025-05-02,Available,France,Standard,Direct Sales,2025-10-08,23,,2025-08-26 16:18:31,M1,42.812,34.265
2820,2025-05-02,Available,Britain,Standard,Agency,2025-11-12,9,2025-08-27 10:37:08,,M1,,
2821,2025-05-02,Available,Britain,Standard,Agency,2025-11-19,9,2025-08-27 10:42:08,2025-09-08 08:14:17,M1,72.209,46.929
2822,2025-05-02,Available,France,Standard,Direct Sales,2025-10-10,23,2025-08-27 10:38:15,2025-09-12 12:46:51,M1,28.008,51.118
2823,2025-05-02,Available,Denmark,Standard,Agency,2025-09-26,22,,2025-08-26 16:05:13,M1,30.793,34.256
2824,2025-05-02,Available,Denmark,Standard,Agency,2025-10-09,22,,2025-08-26 16:05:05,M1,43.871,34.256
2825,2025-05-02,Available,France,Standard,Direct Sales,2025-11-13,23,2025-08-27 10:38:03,2025-09-26 08:25:30,M1,48.098,64.937
2826,2025-05-02,Available,Britain,Standard,Agency,2025-10-25,9,2025-08-27 10:42:11,2025-09-08 08:14:18,M1,47.195,46.929
2827,2025-05-02,Available,France,Standard,Direct Sales,2025-09-25,23,,2025-08-26 16:17:49,M1,29.757,34.265
2828,2025-05-02,Available,France,Standard,Direct Sales,2026-01-07,23,2025-08-27 10:38:10,2025-09-02 15:00:30,M1,126.928,41.211
2829,2025-06-05,Available,Denmark,Standard,Agency,2025-10-09,22,,2025-09-05 10:45:16,M1,33.95,44.034
2830,2025-06-05,Available,France,Standard,Direct Sales,2025-11-04,23,2025-09-12 10:59:10,2025-10-03 11:28:22,M1,32.008,72.064
2831,2025-06-05,Available,France,Standard,Direct Sales,2025-11-12,23,2025-09-12 10:58:20,2025-10-03 09:35:29,M1,40.27,71.985
2832,2025-06-05,Available,Britain,Standard,Agency,2025-11-22,9,2025-09-12 11:03:12,2025-09-30 08:50:24,M1,53.092,68.954
2833,2025-06-05,Available,Britain,Demo,Agency,2025-10-17,4,2025-09-12 11:00:03,2025-09-30 08:50:24,M1,17.017,68.954
2834,2025-06-05,Available,Britain,Standard,Agency,2025-11-24,4,2025-09-12 11:00:11,2025-09-30 08:50:28,M1,52.104,68.954
2835,2025-06-05,Available,France,Standard,Direct Sales,2025-11-21,23,2025-09-12 10:58:30,2025-10-03 09:35:29,M1,49.252,71.985
2836,2025-06-05,Available,France,Standard,Direct Sales,2025-11-07,23,2025-09-12 11:00:10,2025-10-03 11:28:21,M1,34.864,72.064
2837,2025-06-05,Available,Britain,Standard,Agency,2025-10-23,19,2025-09-12 11:05:10,2025-09-30 08:55:06,M1,23.101,68.957
2838,2025-06-05,Available,France,Standard,Direct Sales,2025-11-05,23,2025-09-12 11:02:10,2025-10-03 11:28:20,M1,32.98,72.064
2839,2025-06-05,Available,France,Standard,Direct Sales,2025-11-21,27,2025-09-12 11:02:11,2025-10-03 11:28:21,M1,49.091,72.064
2840,2025-06-05,Available,Britain,Standard,Agency,2025-10-29,5,2025-09-12 11:05:15,2025-09-30 08:55:11,M1,29.21,68.957
2841,2025-06-05,Available,France,Standard,Direct Sales,2025-12-01,23,2025-09-12 10:58:20,2025-10-03 09:35:29,M1,59.254,71.985
2842,2025-06-05,Available,France,Standard,Direct Sales,2025-11-24,23,2025-09-12 11:00:11,2025-10-03 09:35:28,M1,52.012,71.985
2843,2025-06-05,Available,Denmark,Standard,Agency,2025-09-30,17,,2025-09-05 10:46:01,M1,24.935,44.034
2844,2025-06-05,Available,Britain,Standard,Agency,2025-10-23,5,2025-09-12 11:03:20,2025-09-30 08:55:01,M1,23.177,68.957
2845,2025-06-05,Available,Britain,Standard,Agency,2025-10-28,9,2025-09-12 11:00:14,2025-09-30 08:54:56,M1,28.351,68.957
2846,2025-06-05,Available,Britain,Standard,Agency,2025-10-10,9,2025-09-12 11:02:18,2025-09-30 08:54:52,M1,10.281,68.957
2847,2025-06-05,Available,Denmark,Standard,Agency,2025-11-07,17,,2025-09-05 10:46:00,M1,63.204,44.034
2848,2025-06-05,Available,France,Standard,Direct Sales,2025-11-05,23,2025-09-12 10:58:30,2025-09-15 14:56:18,M1,50.999,54.208
2849,2025-06-05,Available,France,Standard,Direct Sales,2025-10-20,23,2025-09-11 11:08:01,2025-09-11 11:12:22,M1,38.97,50.052
2850,2025-06-05,Available,France,Standard,Direct Sales,2025-10-16,23,2025-09-11 11:08:03,2025-09-11 11:12:25,M1,35.157,50.052
2851,2025-06-05,Available,France,Standard,Direct Sales,2025-10-24,23,2025-09-11 11:08:02,2025-09-11 11:12:24,M1,42.988,50.052
2852,2025-06-05,Available,Denmark,Standard,Agency,2025-10-27,18,,2025-09-05 10:45:12,M1,52.236,44.033
2853,2025-06-05,Available,Denmark,Standard,Agency,2025-10-09,18,,2025-09-05 10:45:58,M1,34.241,44.034
2854,2025-06-05,Available,Denmark,Standard,Agency,2025-10-21,17,2025-09-23 09:57:19,2025-09-29 11:54:36,M1,21.92,59.855
2855,2025-06-05,Available,Britain,Standard,Agency,2025-11-15,19,2025-09-12 11:05:16,2025-09-30 08:55:05,M1,45.308,68.957
2856,2025-06-05,Available,Britain,Standard,Agency,2025-10-14,19,2025-09-12 11:02:17,2025-09-30 08:54:51,M1,14.218,68.957
2857,2025-06-05,Available,Britain,Standard,Agency,2025-10-24,15,2025-09-12 11:03:05,2025-09-30 08:55:17,M1,23.008,68.957
2858,2025-06-05,Available,Denmark,Standard,Agency,2025-12-23,18,,2025-09-05 10:47:17,M1,108.103,44.035
2859,2025-06-05,Available,Denmark,Standard,Agency,2025-11-28,18,2025-09-23 09:59:23,2025-09-29 11:54:44,M1,59.899,59.855
2860,2025-06-05,Available,Denmark,Standard,Agency,2025-10-03,18,,2025-09-05 10:45:55,M1,28.065,44.034
2861,2025-06-26,Available,Britain,Standard,Agency,2025-11-12,9,2025-10-15 11:52:10,2025-10-30 10:12:33,M1,13.088,62.864
2862,2025-06-26,Available,Britain,Standard,Agency,2025-11-26,16,2025-10-15 11:53:20,2025-10-30 10:12:33,M1,26.235,62.798
2863,2025-06-26,Available,France,Standard,Direct Sales,2025-11-20,23,2025-10-15 11:54:01,2025-10-16 11:37:21,M1,34.972,48.923
2864,2025-06-26,Available,Switzerland,Standard,Agency,2025-11-07,11,2025-10-15 11:53:01,2025-10-23 13:45:57,M1,15.015,56.012
2865,2025-06-26,Available,Netherlands,Standard,Direct Sales,2025-10-30,23,2025-10-15 11:55:05,2025-10-16 11:36:54,M1,13.9,48.923
2866,2025-06-26,Available,France,Standard,Direct Sales,2025-11-17,23,2025-10-15 11:53:14,2025-10-16 11:37:08,M1,32.149,48.923
2867,2025-06-26,Available,Netherlands,Standard,Direct Sales,2025-11-10,23,2025-10-15 11:53:03,2025-10-29 16:22:59,M1,11.938,62.121
2868,2025-06-26,Available,Denmark,Standard,Agency,2026-01-19,18,2025-10-27 11:31:10,2025-11-03 16:38:43,M1,76.832,60.367
2869,2025-06-26,Available,Denmark,Standard,Agency,2025-11-14,18,2025-10-27 11:33:24,2025-11-03 16:38:39,M1,10.678,60.367
2870,2025-06-26,Available,France,Standard,Direct Sales,2025-11-27,23,2025-10-15 11:53:00,2025-10-16 11:37:03,M1,41.97,48.923
2871,2025-06-26,Available,France,Standard,Direct Sales,2025-11-13,23,2025-10-15 11:57:04,2025-10-16 11:37:35,M1,28.004,48.923
2872,2025-06-26,Available,Belgium,Standard,Agency,2025-11-21,26,2025-10-15 11:53:09,2025-10-16 11:37:07,M1,36.116,48.923
2873,2025-06-26,Available,Netherlands,Standard,Direct Sales,2025-11-26,23,2025-10-27 11:33:18,2025-10-30 11:53:25,M1,27.268,
2874,2025-06-26,Available,Denmark,Standard,Agency,2025-11-14,17,2025-10-27 11:33:11,2025-11-03 16:38:28,M1,10.899,60.367
2875,2025-06-26,Available,Netherlands,Standard,Direct Sales,2025-11-20,23,2025-10-27 11:31:09,2025-11-04 16:21:13,M1,16.05,67.278
2876,2025-06-26,Available,Netherlands,Standard,Direct Sales,2025-11-10,23,2025-10-15 11:54:15,2025-10-29 16:23:00,M1,11.861,
2877,2025-06-26,Available,France,Standard,Direct Sales,2025-12-01,23,2025-10-27 11:34:05,2025-10-29 10:48:29,M1,32.997,55.124
2878,2025-08-05,Available,Denmark,Standard,Agency,2026-02-23,18,2025-11-17 13:16:17,2025-11-18 16:14:11,M1,96.778,64.32
2879,2025-08-05,Available,Denmark,Standard,Agency,2026-01-15,18,2025-11-17 13:16:11,2025-11-18 16:14:07,M1,57.838,64.32
2880,2025-08-05,Available,Britain,Standard,Agency,2025-12-31,16,2025-11-17 13:13:22,2025-11-26 20:45:04,M1,33.736,72.508
2881,2025-08-05,Available,Britain,Standard,Agency,2025-12-26,19,2025-11-17 13:17:04,2025-11-26 20:45:05,M1,29.507,72.508
2882,2025-08-05,Available,Britain,Standard,Agency,2025-12-24,19,2025-11-17 13:11:18,2025-11-26 20:35:13,M1,27.85,72.501
2883,2025-08-05,Available,Britain,Standard,Agency,2025-12-16,9,2025-11-17 13:16:11,2025-11-26 20:45:05,M1,19.695,65.354
2884,2025-08-05,Available,Britain,Standard,Agency,2025-12-09,5,2025-11-17 13:12:09,2025-11-26 21:03:59,M1,12.835,65.367
2885,2025-08-05,Available,Britain,Standard,Agency,2025-12-29,19,2025-11-17 13:09:01,2025-11-26 20:45:05,M1,32.652,65.354
2886,2025-08-05,Available,Britain,Standard,Agency,2025-12-24,19,2025-11-17 13:10:01,2025-11-26 20:44:59,M1,27.845,65.354
2887,2025-08-05,Available,Switzerland,Standard,Agency,2025-12-20,11,2025-11-17 13:10:11,2025-11-25 14:59:57,M1,25.254,64.114
2888,2025-08-05,Available,Netherlands,Standard,Direct Sales,2025-12-26,23,2025-11-17 13:16:10,2025-11-28 16:39:55,M1,28.044,67.184
2889,2025-08-05,Available,Netherlands,Standard,Direct Sales,2025-12-08,23,2025-11-17 13:15:24,2025-11-17 14:14:32,M1,21.071,56.083
2890,2025-08-05,Available,Britain,Standard,Agency,2026-01-19,15,2025-11-25 15:32:25,2025-11-29 10:22:34,M1,50.955,67.922
2891,2025-08-05,Available,Britain,Standard,Agency,2026-02-17,15,2025-11-25 15:33:16,2025-11-29 10:22:33,M1,79.236,67.922
2892,2025-08-05,Available,Britain,Standard,Agency,2025-12-09,4,2025-11-25 15:31:02,2025-11-29 10:22:32,M1,9.238,67.922
2893,2025-08-05,Available,Britain,Standard,Agency,2026-03-10,19,2025-12-23 10:35:15,2026-01-12 13:58:45,M1,57.068,84.178
2894,2025-08-05,Available,Britain,Standard,Agency,2026-03-10,19,2025-12-23 10:36:17,2025-12-31 10:14:07,M1,68.976,72.022
2895,2025-08-05,Available,Britain,Standard,Agency,2026-03-10,19,2025-12-23 10:35:03,2025-12-31 10:14:05,M1,68.983,72.022
2896,2025-08-05,Available,Britain,Standard,Agency,2026-01-22,19,2025-12-23 10:35:03,2025-12-31 10:14:04,M1,22.21,72.022
2897,2025-08-05,Available,Britain,Standard,Agency,2026-03-03,19,2025-12-23 10:36:23,2025-12-31 10:14:10,M1,61.976,72.022
2898,2025-08-05,Available,Britain,Standard,Agency,2026-01-28,16,2025-12-23 10:33:24,2026-01-05 20:37:22,M1,22.538,76.322
2899,2025-08-05,Available,Britain,Standard,Agency,2026-01-23,16,2025-12-23 10:33:01,2026-01-05 20:37:23,M1,17.575,75.484
2900,2025-08-05,Available,Britain,Standard,Agency,2026-02-18,16,2025-12-23 10:32:04,2026-01-05 20:37:23,M1,43.512,75.484
2901,2025-08-05,Available,Netherlands,Standard,Direct Sales,2026-02-05,23,2026-01-06 17:21:15,2026-01-07 12:01:36,M1,28.984,76.123
2902,2025-08-05,Available,Britain,Standard,Agency,2026-01-12,9,2025-12-23 10:32:18,2026-01-08 13:38:34,M1,3.907,77.191
2903,2025-08-05,Available,Britain,Standard,Agency,2026-02-05,19,2025-12-23 10:35:23,2025-12-31 10:14:03,M1,35.987,68.857
2904,2025-08-05,Available,Britain,Standard,Agency,2026-02-13,19,2025-12-23 10:33:20,2025-12-31 13:27:05,M1,43.887,68.991
2905,2025-08-05,Available,Britain,Standard,Agency,2026-03-09,19,2025-12-23 10:32:18,2025-12-31 10:14:09,M1,68.251,68.722
2906,2025-08-05,Available,Britain,Standard,Agency,2026-02-03,19,2025-12-23 10:35:24,2025-12-31 10:14:04,M1,34.122,68.722
2907,2025-06-26,Available,Britain,Standard,Agency,2026-03-31,9,2025-12-23 10:30:05,2026-01-09 09:37:37,M1,81.127,77.021
2908,2025-06-26,Available,Britain,Standard,Agency,2026-02-07,9,2025-12-23 10:30:06,2026-01-09 08:34:26,M1,29.058,76.977
2909,2025-06-26,Available,Britain,Standard,Agency,2026-02-16,9,2025-12-23 10:30:02,2026-01-09 09:37:34,M1,38.269,77.021
2910,2025-06-26,Available,Britain,Standard,Agency,2026-03-10,9,2025-12-23 10:30:09,2026-01-09 08:34:27,M1,60.247,76.977
2911,2025-06-26,Available,Britain,Standard,Agency,2026-02-13,9,2025-12-23 10:29:01,2026-01-08 13:38:32,M1,35.861,76.188
2912,2025-06-26,Available,Britain,Standard,Agency,2026-01-19,19,2025-12-23 10:29:02,2025-12-31 10:14:03,M1,19.133,67.995
2913,2025-06-26,Available,Britain,Standard,Agency,2026-01-23,19,2025-12-23 10:27:07,2025-12-31 10:14:09,M1,23.007,65.11
2914,2025-06-26,Available,Britain,Standard,Agency,2026-01-08,16,2025-12-23 10:28:01,2026-01-05 20:37:21,M1,1.505,70.542
2915,2025-06-26,Available,Britain,Standard,Agency,2026-01-15,16,2025-12-23 10:27:01,2026-01-05 20:37:19,M1,8.596,70.542
2916,2025-06-26,Available,Britain,Standard,Agency,2026-01-19,19,2025-12-23 10:28:07,2025-12-31 10:14:06,M1,19.185,65.11
2917,2025-06-26,Available,Britain,Standard,Agency,2026-02-04,19,2025-12-23 10:27:24,2025-12-31 10:14:12,M1,35.039,65.11
2918,2025-06-26,Available,Britain,Standard,Agency,2026-01-23,16,2025-12-23 10:27:13,2026-01-05 20:37:25,M1,17.553,70.542
2919,2025-06-26,Available,Britain,Business,Agency,2026-01-09,16,2025-12-23 10:28:07,2026-01-05 20:37:25,M1,2.589,70.542
2920,2025-06-26,Available,Britain,Standard,Agency,2026-03-10,9,2025-12-23 10:27:26,2026-01-06 16:46:40,M1,62.902,71.382
2921,2025-06-26,Available,Britain,Standard,Agency,2026-01-10,9,2025-12-23 10:30:03,2026-01-08 13:38:33,M1,1.855,73.011
2922,2025-06-26,Available,Netherlands,Standard,Direct Sales,2026-03-10,23,2026-01-06 17:21:11,2026-02-16 14:46:26,M1,21.941,110.237
2923,2025-08-05,Available,Netherlands,Standard,Direct Sales,2026-03-10,23,2026-01-16 08:38:03,2026-03-05 13:39:15,M2,5.168,120.976
2924,2025-08-05,Available,France,Standard,Direct Sales,2026-03-06,23,2026-01-16 08:38:16,2026-02-04 08:16:03,M2,30.249,90.964
2925,2025-09-05,Available,Denmark,Standard,Agency,2026-03-03,22,2026-01-13 08:32:11,2026-01-16 09:58:38,M1,46.102,71.802
2926,2025-09-05,Available,Slovenia,Standard,Agency,2026-03-06,21,2026-01-28 11:05:07,2026-02-05 09:25:53,M2,29.297,91.524
2927,2025-09-05,Available,Netherlands,Standard,Direct Sales,2026-02-23,23,2026-01-13 08:32:07,2026-01-26 14:01:56,M1,27.807,81.192
2928,2025-09-05,Available,Netherlands,Standard,Direct Sales,2026-02-03,23,2026-01-13 08:32:46,2026-01-14 10:57:07,M1,19.946,68.761
2929,2025-09-05,Available,Denmark,Standard,Agency,2026-02-20,22,2026-01-13 08:32:50,2026-01-16 09:58:38,M1,35.178,70.042
2930,2025-09-05,Available,Denmark,Standard,Agency,2026-01-29,22,2026-01-13 08:32:09,2026-01-16 09:58:35,M1,13.164,70.042
2931,2025-09-05,Available,Denmark,Standard,Agency,2026-02-25,22,2026-01-13 08:32:55,2026-01-16 09:58:44,M1,40.22,70.042
2932,2025-09-05,Available,Denmark,Standard,Agency,2026-02-20,22,2026-01-13 08:32:03,2026-01-16 09:58:39,M1,35.061,70.042
2933,2025-09-05,Available,Denmark,Standard,Agency,2026-02-16,22,2026-01-13 08:32:07,2026-01-16 09:58:45,M1,31.018,70.042
2934,2025-09-05,Available,Denmark,Standard,Agency,2026-02-27,22,2026-01-13 08:32:26,2026-01-16 09:58:36,M1,42.133,70.042
2935,2025-09-05,Available,Denmark,Standard,Agency,2026-02-05,18,2026-01-13 08:32:24,2026-01-14 12:00:26,M1,21.896,66.053
2936,2025-10-13,Available,Denmark,Standard,Agency,2026-04-17,18,2026-01-13 08:32:01,2026-01-16 09:58:35,M1,91.144,67.111
2937,2025-10-13,Available,Denmark,Standard,Agency,2026-02-05,22,2026-01-13 08:32:09,2026-01-14 10:56:56,M1,22.169,65.152
2938,2025-10-13,Available,Denmark,Standard,Agency,2026-01-27,22,2026-01-13 08:32:32,2026-01-14 10:57:08,M1,13.124,65.152
2939,2025-09-05,Available,Denmark,Standard,Agency,2026-04-14,18,2026-01-13 08:32:41,2026-01-16 09:58:37,M1,87.943,63.983
2940,2025-09-05,Available,Denmark,Standard,Agency,2026-03-10,22,2026-01-13 08:33:08,2026-01-14 10:57:07,M1,54.974,62.024
2941,2025-10-13,Available,Denmark,Standard,Agency,2026-01-28,22,2026-01-13 08:32:35,2026-01-14 10:56:39,M1,13.96,62.024
2942,2025-10-13,Available,Denmark,Standard,Agency,2026-01-30,22,2026-01-13 08:32:38,2026-01-14 10:56:51,M1,16.246,62.024
2943,2025-10-13,Available,Denmark,Standard,Agency,2026-01-30,22,2026-01-13 08:32:59,2026-01-14 10:56:58,M1,16.087,62.024
2944,2025-10-13,Available,Denmark,Standard,Agency,2026-02-27,18,2026-01-13 08:32:33,2026-01-16 09:58:33,M1,42.104,63.983
2945,2025-10-13,Available,Denmark,Standard,Agency,2026-03-10,18,2026-01-13 08:32:59,2026-01-16 09:58:38,M1,53.029,63.983
2946,2025-10-13,Available,Denmark,Standard,Agency,2026-01-29,18,2026-01-13 08:32:57,2026-01-16 09:58:35,M1,13.071,63.983
2947,2025-10-13,Available,Denmark,Standard,Agency,2026-03-10,17,2026-01-13 08:32:08,2026-01-16 15:18:13,M1,52.984,64.205
2948,2025-09-05,Available,Netherlands,Standard,Direct Sales,2026-02-04,23,2026-01-13 08:32:02,2026-01-16 09:57:38,M1,19.086,63.983
2949,2025-10-13,Available,Britain,Standard,Agency,2026-02-25,16,2026-01-13 08:32:16,2026-01-28 17:12:06,M1,27.677,76.284
2950,2025-09-05,Available,Britain,Business,Agency,2026-03-04,16,2026-01-13 08:32:04,2026-01-28 17:11:36,M1,34.633,76.284
2951,2025-09-05,Available,Denmark,Standard,Agency,2026-02-06,17,2026-01-13 08:32:30,2026-01-16 15:18:10,M1,20.824,64.205
2952,2025-10-13,Available,Belgium,Standard,Agency,2026-03-09,20,2026-01-28 11:05:02,2026-02-02 10:31:58,M2,34.441,81.006
2953,2025-10-13,Available,Britain,Standard,Agency,2026-02-05,16,2026-01-13 08:32:45,2026-01-28 17:12:04,M1,6.766,76.284
2954,2025-10-13,Available,Britain,Standard,Agency,2026-02-11,19,2026-01-13 08:32:53,2026-01-28 17:11:41,M1,13.791,76.284
2955,2025-10-13,Available,France,Standard,Direct Sales,2026-02-04,23,2026-01-13 08:32:48,2026-01-14 10:56:37,M1,20.921,62.024
2956,2025-09-05,Available,Britain,Standard,Agency,2026-03-06,19,2026-01-13 08:33:02,2026-01-28 17:12:00,M1,36.85,76.284
2957,2025-09-05,Available,France,Standard,Direct Sales,2026-02-27,23,2026-01-13 08:32:13,2026-01-14 10:57:02,M1,44.119,62.024
2958,2025-09-05,Available,France,Standard,Direct Sales,2026-02-06,23,2026-01-13 08:32:50,2026-01-14 10:56:41,M1,23.193,62.024
2959,2025-09-05,Available,Britain,Standard,Agency,2026-03-09,19,2026-01-13 08:32:55,2026-01-27 17:25:36,M1,40.947,75.294
2960,2025-09-05,Available,France,Standard,Direct Sales,2026-02-06,23,2026-01-13 08:32:14,2026-01-14 10:57:02,M1,23.203,62.024
2961,2025-09-05,Available,France,Standard,Direct Sales,2026-03-31,23,,2026-02-11 08:59:49,M2,48.096,75.945
2962,2025-09-05,Available,France,Standard,Direct Sales,2026-03-10,23,,2026-02-10 15:04:13,M2,28.019,75.198
2963,2025-09-05,Available,France,Standard,Direct Sales,2026-03-10,23,,2026-02-11 08:59:44,M2,27.236,75.945
2964,2025-10-13,Available,France,Standard,Direct Sales,2026-03-10,23,,2026-02-11 08:59:51,M2,27.264,75.945
2965,2025-10-13,Available,France,Standard,Direct Sales,2026-04-01,23,,2026-02-10 15:04:14,M2,49.93,75.198
2966,2025-10-13,Available,France,Standard,Direct Sales,2026-03-10,23,,2026-02-11 08:59:46,M2,27.086,74.677
2967,2025-10-13,Available,Belgium,Display,Agency,2026-04-17,1,2026-03-04 12:07:19,2026-03-18 11:24:04,M2,,109.777
2968,2025-10-13,Available,France,Standard,Direct Sales,2026-03-06,23,,2026-02-10 15:04:15,M2,23.987,71.313
2969,2025-10-13,Available,France,Standard,Direct Sales,2026-03-10,23,,2026-02-10 15:04:15,M2,27.834,71.313
2970,2025-10-13,Available,Switzerland,Standard,Agency,2026-04-01,11,2026-03-04 12:08:28,2026-03-26 12:48:55,M2,6.114,115.219
2971,2025-10-13,Reserved,Britain,Standard,Agency,2026-04-09,6,2026-02-13 10:53:17,2026-02-18 15:41:35,M2,,79.339
2972,2025-10-13,Available,France,Standard,Direct Sales,2026-04-09,23,,2026-02-10 15:04:19,M2,58.064,71.313
2973,2025-10-13,Available,France,Standard,Direct Sales,2026-03-09,23,,2026-02-10 15:04:06,M2,26.775,71.313
2974,2025-10-13,Available,Britain,Standard,Agency,2026-04-08,4,2026-02-13 10:52:11,2026-02-18 15:41:35,M2,48.801,79.339
2975,2025-10-13,Available,France,Standard,Direct Sales,2026-03-10,23,,2026-02-10 15:04:17,M2,27.989,71.313
2976,2025-10-13,Available,France,Standard,Direct Sales,2026-03-10,23,,2026-02-10 15:04:08,M2,27.992,71.313
2977,2025-10-13,Available,France,Standard,Direct Sales,2026-04-15,23,,2026-02-11 08:59:53,M2,63.047,72.06
2978,2025-10-13,Available,Britain,Standard,Agency,2026-04-09,4,2026-02-13 10:52:06,2026-02-18 15:41:16,M2,49.643,71.263
2979,2025-10-30,Available,France,Standard,Direct Sales,2026-04-07,23,2026-02-27 13:22:27,2026-03-12 13:12:42,M2,25.886,85.162
2980,2025-10-30,Available,France,Standard,Direct Sales,2026-04-09,23,2026-02-27 13:22:19,2026-03-12 13:12:45,M2,28.072,85.162
2981,2025-10-30,Available,Britain,Standard,Agency,2026-04-09,16,2026-02-27 13:22:07,2026-03-19 16:10:35,M2,20.728,92.285
2982,2025-10-30,Available,Britain,Standard,Agency,2026-04-09,16,2026-02-27 13:22:18,2026-03-19 16:10:29,M2,20.69,92.285
2983,2025-10-30,Available,Britain,Standard,Agency,2026-04-08,5,2026-02-27 13:25:15,2026-03-19 16:10:34,M2,18.958,90.163
2984,2025-10-30,Available,Belgium,Standard,Agency,2026-04-13,12,,2026-02-27 13:16:40,M2,44.947,70.042
2985,2025-10-30,Available,France,Standard,Direct Sales,2026-03-04,23,2026-02-27 13:24:36,2026-03-03 15:08:10,M2,0.823,74.119
2986,2025-10-30,Available,Netherlands,Standard,Direct Sales,2026-03-11,23,2026-02-27 13:22:15,2026-03-03 15:08:16,M2,7.846,71.264
2987,2025-10-30,Available,Netherlands,Standard,Direct Sales,2026-04-09,23,2026-02-27 13:22:00,2026-03-04 13:47:52,M2,35.945,72.208
2988,2025-11-28,Available,Denmark,Standard,Agency,2026-04-17,17,2026-03-02 09:17:38,2026-03-12 13:12:42,M2,35.943,80.183
2989,2025-11-28,Available,France,Standard,Direct Sales,2026-04-07,23,2026-03-02 09:21:51,2026-03-18 09:03:45,M2,19.947,84.937
2990,2025-11-28,Available,France,Standard,Direct Sales,2026-04-09,23,2026-03-02 09:17:13,2026-03-19 13:11:24,M2,21.045,85.864
2991,2025-11-28,Available,France,Standard,Direct Sales,2026-04-08,23,2026-03-02 09:17:33,2026-03-11 10:21:25,M2,27.988,77.746
2992,2025-11-28,Available,Germany,Standard,Direct Sales,2026-04-09,23,2026-03-02 09:17:04,2026-03-25 10:55:30,M2,15.13,90.978
2993,2025-11-28,Available,Belgium,Business,Agency,2026-03-06,12,2026-03-02 09:17:07,2026-03-02 14:48:06,M2,3.977,66.228
2994,2025-11-28,Available,Belgium,Standard,Agency,2026-03-10,20,2026-03-02 09:17:02,2026-03-02 14:47:59,M2,7.785,63.234
2995,2025-11-28,Available,Belgium,Standard,Agency,2026-03-06,20,2026-03-02 09:17:26,2026-03-02 14:48:07,M2,3.965,63.234
2996,2025-11-28,Available,Belgium,Standard,Agency,2026-03-10,20,2026-03-02 09:17:16,2026-03-02 14:48:06,M2,7.799,63.234
2997,2025-11-28,Available,Belgium,Standard,Agency,2026-03-19,20,2026-03-02 09:17:19,2026-03-02 14:48:11,M2,16.095,63.234
2998,2025-12-30,Available,France,Standard,Direct Sales,2026-04-03,23,,2026-03-19 13:11:25,M2,15.018,66.095
2999,2025-12-30,Available,France,Standard,Direct Sales,2026-04-03,23,,2026-03-19 13:11:34,M2,15.022,66.095
3000,2025-12-30,Available,France,Standard,Direct Sales,2026-03-31,23,,2026-03-19 13:11:35,M2,12.098,66.095
3001,2025-12-30,Available,France,Standard,Direct Sales,2026-04-03,23,,2026-03-19 13:11:25,M2,15.052,66.095
3002,2025-12-30,Available,France,Standard,Direct Sales,2026-03-31,23,,2026-03-19 13:11:27,M2,12.1,73.012
3003,2025-12-30,Available,Switzerland,Standard,Agency,2026-04-06,11,2026-03-23 08:35:09,2026-04-02 19:42:46,M2,4.038,87.183
3004,2025-12-30,Available,Switzerland,Standard,Agency,2026-04-08,11,2026-03-23 08:35:01,2026-04-02 19:42:39,M2,6.05,86.448
3005,2025-12-30,Available,France,Standard,Direct Sales,2026-03-31,23,,2026-03-19 13:11:26,M2,12.1,72.176
3006,2025-12-30,Available,France,Standard,Direct Sales,2026-04-09,23,,2026-03-19 13:11:24,M2,21.059,72.176
3007,,Available,Denmark,Standard,Agency,2025-09-23,17,2025-05-23 14:32:16,2025-07-07 11:48:04,M0,77.893,
3008,,Available,France,Business,Direct Sales,2025-10-10,23,2025-04-02 11:52:29,,M0,,
3009,,Reserved,Britain,Standard,Agency,2025-05-22,19,2025-04-08 14:52:01,,M0,,
3010,,Reserved,Britain,Standard,Agency,2025-05-29,19,2025-04-08 14:57:00,,M0,,
3011,,Reserved,Britain,Standard,Agency,2025-06-05,19,2025-04-08 14:51:19,,M0,,
3012,,Reserved,Britain,Standard,Agency,2025-05-09,9,2025-04-08 14:50:02,,M0,,
3013,,Available,France,Standard,Direct Sales,2025-05-07,23,2025-04-08 14:51:23,,M0,,
3014,,Available,France,Standard,Direct Sales,2025-05-09,23,2025-04-08 14:55:19,,M0,,
3015,,Reserved,Britain,Standard,Agency,2025-05-16,19,2025-04-08 14:54:08,,M0,,
3016,,Available,France,Standard,Direct Sales,2025-05-09,23,2025-04-08 14:56:11,,M0,,
3017,,Reserved,Britain,Standard,Agency,2025-05-21,9,2025-04-08 14:57:16,,M0,,
3018,,Available,France,Standard,Direct Sales,2025-05-02,23,2025-04-08 14:51:20,,M0,,
3019,,Reserved,Britain,Standard,Agency,2025-05-05,19,2025-04-08 14:50:18,,M0,,
3020,,Reserved,Britain,Standard,Agency,2025-05-09,19,2025-04-08 14:50:01,,M0,,
3021,,Available,France,Standard,Direct Sales,2025-05-09,23,2025-04-08 14:53:24,,M0,,
3022,,Available,France,Standard,Direct Sales,2025-05-02,23,2025-04-08 14:55:24,,M0,,
3023,,Reserved,Britain,Standard,Agency,2025-05-14,9,2025-04-08 14:56:10,,M0,,
3024,,Available,France,Standard,Direct Sales,2025-05-06,23,2025-04-08 14:53:21,,M0,,
3025,,Available,France,Standard,Direct Sales,2025-05-06,23,2025-04-08 14:51:02,,M0,,
3026,,Reserved,Britain,Standard,Agency,2025-06-12,16,2025-04-08 14:53:20,,M0,,
3027,,Reserved,Denmark,Business,Agency,2025-05-21,17,2025-04-21 10:02:01,,M0,,
3028,,Reserved,Britain,Standard,Agency,2025-06-20,9,2025-04-21 10:03:07,,M0,,
3029,,Available,France,Standard,Direct Sales,2025-05-23,23,2025-05-05 08:37:14,,M0,,
3030,,Available,France,Standard,Direct Sales,2025-06-09,23,2025-05-05 08:34:08,,M0,,
3031,,Available,France,Standard,Direct Sales,2025-06-09,23,2025-05-05 08:37:19,,M0,,
3032,,Available,France,Standard,Direct Sales,2025-06-09,23,2025-05-05 08:35:03,,M0,,
3033,,Available,France,Standard,Direct Sales,2025-06-09,23,2025-05-05 08:33:04,,M0,,
3034,,Available,France,Standard,Direct Sales,2025-07-10,23,2025-05-05 08:35:15,,M0,,
3035,,Available,France,Standard,Direct Sales,2025-06-09,23,2025-05-05 08:34:24,,M0,,
3036,,Available,France,Standard,Direct Sales,2025-06-09,23,2025-05-05 08:34:23,,M0,,
3037,,Available,France,Standard,Direct Sales,2025-06-09,23,2025-05-05 08:36:19,,M0,,
3038,,Available,France,Standard,Direct Sales,2025-06-04,23,2025-05-05 08:33:13,,M0,,
3039,,Available,France,Standard,Direct Sales,2025-06-04,23,2025-05-05 08:38:03,,M0,,
3040,,Available,France,Standard,Direct Sales,2025-06-06,23,2025-05-05 08:32:20,,M0,,
3041,,Available,France,Standard,Direct Sales,2025-06-04,23,2025-05-05 08:33:20,,M0,,
3042,,Available,France,Standard,Direct Sales,2025-06-09,23,2025-05-05 08:36:03,,M0,,
3043,,Available,France,Standard,Direct Sales,2025-06-06,23,2025-05-05 08:36:20,,M0,,
3044,,Available,France,Standard,Direct Sales,2025-06-04,23,2025-05-05 08:34:11,,M0,,
3045,,Available,France,Standard,Direct Sales,2025-06-04,23,2025-05-05 08:38:04,,M0,,
3046,,Available,France,Standard,Direct Sales,2025-06-09,23,2025-05-05 08:34:02,,M0,,
3047,,Available,France,Standard,Direct Sales,2025-06-04,23,2025-05-05 08:35:02,,M0,,
3048,,Available,France,Standard,Direct Sales,2025-08-08,23,2025-05-05 08:38:20,2025-06-27 08:32:22,M0,42.228,
3049,,Available,France,Standard,Direct Sales,2025-05-27,23,2025-05-05 08:36:13,,M0,,
3050,,Available,France,Standard,Direct Sales,2025-06-04,23,2025-05-05 08:36:18,,M0,,
3051,,Available,France,Standard,Direct Sales,2025-06-09,23,2025-05-05 08:32:21,,M0,,
3052,,Available,France,Standard,Direct Sales,2025-06-16,23,2025-05-05 08:37:04,,M0,,
3053,2025-02-28,Available,France,Standard,Direct Sales,2025-07-09,23,2025-06-17 11:24:04,,M0,,
3054,2025-02-28,Available,France,Standard,Direct Sales,2025-07-24,23,2025-06-17 11:24:15,,M0,,
3055,2025-02-28,Available,France,Standard,Direct Sales,2025-07-10,23,2025-06-17 11:23:09,,M0,,
3056,2025-02-28,Available,France,Standard,Direct Sales,2025-07-31,23,2025-06-17 11:26:11,,M0,,
3057,2025-02-28,Available,France,Standard,Direct Sales,2025-08-08,23,2025-06-17 11:23:07,,M0,,
3058,2025-02-28,Available,France,Standard,Direct Sales,2025-08-06,23,2025-06-17 11:25:21,,M0,,
3059,2025-02-28,Available,France,Standard,Direct Sales,2025-07-25,23,2025-06-17 11:25:12,,M0,,
3060,2025-02-28,Available,France,Standard,Direct Sales,2025-07-11,23,2025-06-17 11:25:10,,M0,,
3061,2025-02-28,Available,France,Standard,Direct Sales,2025-08-08,23,2025-06-17 11:26:13,,M0,,
3062,2025-02-28,Available,France,Standard,Direct Sales,2025-07-31,23,2025-06-17 11:28:18,,M0,,
3063,2025-02-28,Available,Britain,Standard,Agency,2025-09-08,19,2025-06-17 11:25:12,2025-08-14 09:47:40,M0,24.979,22.018
3064,2025-02-28,Available,Britain,Standard,Agency,2025-09-10,19,2025-06-17 11:26:12,2025-07-03 08:36:17,M0,69.019,
3065,2025-02-28,Available,Britain,Standard,Agency,2025-10-07,19,2025-06-17 11:27:03,2025-08-14 09:47:23,M0,54.232,22.017
3066,2025-02-28,Reserved,Greece,Standard,Agency,2026-01-19,10,2025-06-17 11:29:05,2025-06-27 13:26:17,M0,220.887,
3067,2025-02-28,Available,Britain,Standard,Agency,2025-08-19,19,2025-06-17 11:27:05,2025-07-03 08:36:18,M0,46.956,
3068,2025-02-28,Available,France,Standard,Direct Sales,2025-08-11,23,2025-06-17 11:32:09,2025-07-24 11:04:29,M0,18.124,1.05
3069,2025-02-28,Reserved,Denmark,Standard,Agency,2025-07-18,17,2025-06-17 11:30:05,2025-07-11 09:04:53,M0,7.289,
3070,2025-02-28,Available,Britain,Business,Agency,2025-07-25,5,2025-06-17 11:32:01,2025-07-24 10:41:35,M0,1.136,
3071,2025-02-28,Available,Britain,Standard,Agency,2025-11-21,19,2025-06-17 11:28:13,2025-08-14 09:47:33,M0,99.131,22.017
3072,2025-02-28,Available,Britain,Standard,Agency,2025-09-08,19,2025-06-17 11:31:12,2025-08-14 09:47:40,M0,25.091,22.018
3073,2025-02-28,Available,Britain,Standard,Agency,2025-09-01,16,2025-06-17 11:30:11,2025-08-14 09:47:38,M0,17.99,22.018
3074,2025-03-28,Available,Netherlands,Standard,Direct Sales,2025-06-27,23,2025-06-17 11:28:23,,M0,,
3075,2025-03-28,Available,Britain,Standard,Agency,2025-08-15,9,2025-07-07 11:37:07,2025-07-28 11:07:45,M0,17.937,
3076,2025-03-28,Available,Britain,Standard,Agency,2025-11-24,9,2025-07-07 11:37:15,2025-07-28 11:07:41,M0,126.041,
3077,2025-03-28,Available,Britain,Standard,Agency,2025-11-06,9,2025-07-07 11:39:03,2025-07-28 11:07:43,M0,101.32,
3078,2025-03-28,Available,Britain,Standard,Agency,2025-10-29,9,2025-07-07 11:37:23,2025-07-28 11:07:40,M0,93.175,
3079,2025-03-28,Available,Britain,Standard,Agency,2025-11-06,9,2025-07-07 11:37:01,2025-07-28 11:07:31,M0,101.032,
3080,2025-03-28,Available,Britain,Standard,Agency,2025-10-01,9,2025-07-07 11:38:13,2025-07-28 11:07:29,M0,65.034,
3081,2025-03-28,Available,Britain,Standard,Agency,2025-09-15,9,2025-07-07 11:37:03,2025-07-28 11:07:33,M0,49.044,
3082,2025-03-28,Available,Britain,Standard,Agency,2025-09-19,9,2025-07-07 11:38:12,2025-07-28 11:07:27,M0,52.937,
3083,2025-03-28,Available,Britain,Standard,Agency,2025-12-19,15,2025-07-07 11:38:08,2025-07-28 11:07:43,M0,142.932,
3084,2025-03-28,Available,Britain,Business,Agency,2025-10-23,19,2025-07-07 11:39:21,2025-07-28 11:07:41,M0,87.231,
3085,2025-03-28,Available,Britain,Business,Agency,2025-09-11,19,2025-07-14 12:42:08,2025-07-28 11:02:41,M0,45.081,
3086,2025-03-28,Available,Britain,Standard,Agency,2025-10-20,5,2025-07-07 11:39:08,2025-07-24 10:41:37,M0,88.206,
3087,2025-03-28,Available,Britain,Standard,Agency,2025-07-29,19,2025-07-07 11:38:15,2025-07-24 10:41:38,M0,4.908,
3088,2025-03-28,Available,Britain,Standard,Agency,2025-08-07,19,2025-07-07 11:39:13,2025-07-24 10:41:39,M0,14.153,
3089,2025-03-28,Available,Britain,Standard,Agency,2025-08-01,19,2025-07-07 11:37:03,2025-07-24 10:41:39,M0,7.937,
3090,2025-03-28,Available,Britain,Standard,Agency,2025-08-25,19,2025-07-07 11:39:18,2025-08-05 15:32:29,M0,19.88,
3091,2025-03-28,Available,Britain,Standard,Agency,2025-08-01,19,2025-07-07 11:39:15,2025-07-24 10:41:40,M0,8.015,
3092,2025-03-28,Available,Britain,Standard,Agency,2025-08-14,15,2025-07-07 11:38:01,2025-07-28 11:07:48,M0,16.945,
3093,2025-03-28,Available,Britain,Standard,Agency,2025-08-19,15,2025-07-07 11:39:09,2025-07-28 11:07:30,M0,21.894,
3094,2025-03-28,Available,Britain,Standard,Agency,2025-11-19,5,2025-07-07 11:38:10,2025-07-24 10:41:41,M0,125.028,
3095,2025-03-28,Available,Britain,Business,Agency,2025-10-08,5,2025-07-14 12:41:20,2025-07-28 11:02:43,M0,71.982,
3096,2025-03-28,Available,Britain,Standard,Agency,2025-08-08,16,2025-07-14 12:41:17,2025-07-28 11:02:51,M0,9.97,
3097,2025-03-28,Available,Britain,Standard,Agency,2025-08-07,16,2025-07-14 12:41:11,2025-07-28 11:02:54,M0,8.84,
3098,2025-03-28,Available,Britain,Standard,Agency,2025-08-11,16,2025-07-14 12:42:12,2025-07-28 11:02:55,M0,13.911,
3099,2025-03-28,Available,Britain,Standard,Agency,2025-08-08,16,2025-07-14 12:41:21,2025-07-28 11:02:45,M0,10.091,
3100,2025-03-28,Available,Britain,Standard,Agency,2025-08-21,16,2025-07-14 12:41:20,2025-07-28 11:02:43,M0,24.085,
3101,2025-03-28,Available,Britain,Standard,Agency,2025-08-15,5,2025-07-14 12:42:19,2025-07-28 11:02:53,M0,15.85,
3102,2025-03-28,Reserved,Denmark,Standard,Agency,2025-08-18,17,2025-07-14 12:41:16,2025-07-22 10:59:12,M0,27.098,
3103,2025-03-28,Reserved,Denmark,Standard,Agency,2025-09-10,17,2025-07-14 12:41:20,2025-07-18 14:25:23,M0,54.035,
3104,2025-03-28,Reserved,Denmark,Standard,Agency,2025-08-15,17,2025-07-14 12:41:10,2025-07-18 14:25:26,M0,28.0,
3105,2025-03-28,Reserved,Denmark,Standard,Agency,2025-10-09,17,2025-07-14 12:42:22,2025-07-18 14:25:24,M0,83.12,
3106,2025-03-28,Available,Britain,Standard,Agency,2025-08-08,19,2025-07-14 12:42:01,2025-08-04 13:31:27,M0,3.972,
3107,2025-03-28,Available,Britain,Standard,Agency,2025-08-05,19,2025-07-14 12:41:10,2025-07-28 11:02:50,M0,8.108,
3108,2025-05-02,Available,France,Standard,Direct Sales,2025-09-05,23,2025-08-04 07:36:06,2025-08-04 14:29:33,M1,32.027,
3109,2025-05-02,Available,Britain,Standard,Agency,2025-08-25,16,2025-08-04 07:34:00,2025-08-14 09:47:21,M1,10.95,22.017
3110,2025-05-02,Available,Denmark,Standard,Agency,2025-08-28,22,2025-08-04 07:37:21,2025-08-07 10:18:25,M1,20.946,15.064
3111,2025-05-02,Available,Denmark,Standard,Agency,2025-10-03,18,2025-08-04 07:35:15,2025-09-05 10:45:15,M1,27.879,44.065
3112,2025-05-02,Available,France,Standard,Direct Sales,2025-10-14,23,2025-08-04 07:32:09,2025-09-16 12:53:36,M1,28.093,55.154
3113,2025-05-02,Available,Netherlands,Standard,Direct Sales,2025-11-25,23,2025-08-04 07:30:01,2025-10-03 11:23:57,M1,53.084,72.092
3114,2025-05-02,Available,Netherlands,Standard,Direct Sales,2025-11-07,23,2025-08-04 07:36:09,2025-10-08 13:23:07,M1,29.884,77.145
3115,2025-05-02,Available,Netherlands,Standard,Direct Sales,2025-09-02,23,2025-08-04 07:32:22,2025-08-26 13:28:03,M1,7.156,34.184
3116,2025-05-02,Reserved,Denmark,Standard,Agency,2025-09-15,18,2025-08-04 07:32:23,2025-08-18 15:52:08,M1,27.738,26.306
3117,2025-05-02,Reserved,Denmark,Standard,Agency,2025-09-22,18,2025-08-04 07:33:03,2025-08-18 15:52:12,M1,34.798,26.306
3118,2025-05-02,Available,Britain,Standard,Agency,2025-09-02,9,2025-08-04 07:30:10,2025-08-14 09:47:35,M1,19.18,22.017
3119,2025-05-02,Reserved,Britain,Standard,Agency,2025-10-10,19,2025-08-04 07:33:19,2025-08-25 12:56:09,M1,46.037,33.184
3120,2025-05-02,Available,Netherlands,Business,Direct Sales,2026-03-10,23,2025-08-04 07:33:15,2025-08-07 10:32:50,M1,214.957,15.084
3121,2025-05-02,Reserved,Britain,Standard,Agency,2025-10-22,19,2025-08-04 07:30:18,2025-08-25 12:56:07,M1,57.838,33.184
3122,2025-05-02,Available,Denmark,Standard,Agency,2025-09-04,22,2025-08-04 07:35:12,2025-08-25 10:50:13,M1,9.99,33.086
3123,2025-05-02,Available,Denmark,Standard,Agency,2025-09-10,18,2025-08-04 07:37:07,2025-08-07 10:18:20,M1,34.188,15.064
3124,2025-05-02,Available,Netherlands,Standard,Direct Sales,2025-08-29,23,2025-08-04 07:35:06,2025-08-04 14:28:46,M1,25.094,12.19
3125,2025-05-02,Available,Britain,Standard,Agency,2025-10-03,19,2025-08-04 07:37:22,2025-08-14 09:47:42,M1,50.212,22.017
3126,2025-05-02,Available,Netherlands,Standard,Direct Sales,2025-09-02,23,2025-08-04 07:37:16,2025-08-26 13:28:06,M1,7.142,34.148
3127,2025-05-02,Available,Switzerland,Standard,Agency,2025-10-28,11,2025-08-27 10:41:15,2025-09-16 20:00:54,M1,41.69,55.419
3128,2025-05-02,Reserved,Britain,Standard,Agency,2025-11-18,19,2025-08-04 07:32:07,2025-09-01 15:13:59,M1,78.934,40.28
3129,2025-05-02,Reserved,Denmark,Standard,Agency,2025-09-12,18,2025-08-04 07:32:15,2025-08-19 13:03:40,M1,23.772,27.189
3130,2025-05-02,Reserved,Denmark,Standard,Agency,2025-09-11,18,2025-08-04 07:32:01,2025-08-19 13:03:37,M1,22.815,27.189
3131,2025-05-02,Reserved,Denmark,Standard,Agency,2025-09-10,18,2025-08-04 07:33:10,2025-08-19 13:03:43,M1,21.803,27.189
3132,2025-05-02,Available,Denmark,Standard,Agency,2025-09-12,18,2025-08-04 07:35:13,2025-08-07 10:18:12,M1,36.214,15.064
3133,2025-05-02,Available,France,Standard,Direct Sales,2025-10-31,23,2025-08-04 07:36:02,2025-09-11 11:12:19,M1,49.993,50.084
3134,2025-05-02,Reserved,Denmark,Standard,Agency,2025-09-19,18,2025-08-04 07:31:23,2025-08-18 15:52:11,M1,31.729,26.306
3135,2025-05-02,Available,Denmark,Standard,Agency,2025-09-30,18,,2025-08-26 16:06:01,M1,34.69,34.256
3136,2025-05-02,Available,Netherlands,Standard,Direct Sales,2025-09-11,23,,2025-08-26 16:11:01,M1,16.012,34.26
3137,2025-05-02,Available,Britain,Standard,Agency,2025-11-17,9,2025-08-27 10:40:25,2025-09-08 08:14:11,M1,70.176,46.929
3138,2025-05-02,Available,France,Standard,Direct Sales,2025-10-09,23,,2025-08-26 16:18:33,M1,43.736,34.265
3139,2025-05-02,Available,France,Standard,Direct Sales,2025-09-23,23,,2025-08-26 16:17:50,M1,27.743,34.264
3140,2025-05-02,Available,France,Standard,Direct Sales,2025-11-13,23,,2025-08-26 16:17:48,M1,79.021,34.264
3141,2025-05-02,Available,Denmark,Standard,Agency,2025-10-03,18,,2025-08-26 16:05:04,M1,37.652,34.256
3142,2025-05-02,Available,France,Standard,Direct Sales,2025-10-02,23,,2025-08-26 16:17:51,M1,36.96,34.264
3143,2025-05-02,Available,France,Standard,Direct Sales,2025-09-30,23,,2025-08-26 16:18:34,M1,34.856,34.265
3144,2025-05-02,Available,France,Standard,Direct Sales,2025-11-19,23,2025-08-27 10:40:09,2025-10-03 11:28:19,M1,47.009,72.063
3145,2025-05-02,Available,France,Standard,Direct Sales,2025-09-29,23,,2025-08-26 16:18:29,M1,33.82,34.265
3146,2025-05-02,Available,France,Standard,Direct Sales,2025-10-01,23,2025-08-27 10:38:06,2025-09-02 15:00:24,M1,29.032,41.211
3147,2025-06-05,Available,Britain,Standard,Agency,2025-10-16,9,2025-09-12 11:05:09,2025-09-30 08:55:12,M1,16.292,68.957
3148,2025-06-05,Available,France,Standard,Direct Sales,2025-11-13,23,2025-09-12 10:58:12,2025-09-15 14:56:16,M1,58.961,54.208
3149,2025-06-05,Available,Britain,Standard,Agency,2025-10-28,9,2025-09-12 11:05:08,2025-09-30 08:55:16,M1,28.36,68.957
3150,2025-06-05,Available,Switzerland,Standard,Agency,2025-10-27,11,2025-09-12 10:59:16,2025-09-24 13:45:03,M1,33.319,63.158
3151,2025-06-05,Available,Britain,Standard,Agency,2025-10-11,9,2025-09-12 11:03:23,2025-09-30 08:54:54,M1,11.188,68.957
3152,2025-06-05,Available,Denmark,Standard,Agency,2025-10-03,18,,2025-09-05 10:45:21,M1,27.973,44.034
3153,2025-06-05,Available,Britain,Standard,Agency,2025-10-22,19,2025-09-12 11:05:06,2025-09-30 08:55:01,M1,22.194,68.957
3154,2025-06-05,Available,Denmark,Standard,Agency,2025-11-10,18,,2025-09-05 10:45:07,M1,65.965,44.033
3155,2025-06-05,Available,Britain,Standard,Agency,2025-10-16,19,2025-09-12 11:05:14,2025-09-30 08:54:54,M1,16.146,68.957
3156,2025-06-05,Available,Denmark,Standard,Agency,2025-09-25,18,,2025-09-05 10:45:20,M1,19.939,44.034
3157,2025-06-05,Reserved,Britain,Standard,Agency,2025-10-16,19,2025-09-12 11:02:10,2025-09-30 08:55:16,M1,16.215,68.957
3158,2025-06-05,Available,Britain,Standard,Agency,2025-10-29,16,2025-09-12 11:02:19,2025-09-30 08:54:53,M1,28.247,68.957
3159,2025-06-05,Available,Britain,Standard,Agency,2025-10-10,16,2025-09-12 11:02:26,2025-09-30 08:55:07,M1,9.087,68.957
3160,2025-06-05,Available,Britain,Standard,Agency,2025-10-09,16,2025-09-12 11:02:24,2025-09-30 08:55:04,M1,8.12,68.957
3161,2025-06-05,Available,Britain,Standard,Agency,2025-10-22,5,2025-09-12 10:59:09,2025-09-30 08:54:48,M1,22.297,68.957
3162,2025-06-05,Available,Denmark,Standard,Agency,2025-10-03,18,,2025-09-05 10:46:11,M1,27.923,44.034
3163,2025-06-05,Available,Britain,Standard,Agency,2025-10-24,9,2025-09-12 11:05:01,2025-09-30 08:50:35,M1,24.266,68.954
3164,2025-06-05,Available,Britain,Standard,Agency,2025-10-17,5,2025-09-12 11:03:24,2025-09-30 08:54:55,M1,17.183,68.957
3165,2025-06-05,Available,Britain,Standard,Agency,2025-11-06,19,2025-09-12 11:02:33,2025-09-30 08:55:12,M1,36.993,68.957
3166,2025-06-05,Available,Britain,Standard,Agency,2025-11-20,19,2025-09-12 11:03:18,2025-09-30 08:54:57,M1,51.122,68.957
3167,2025-06-05,Available,Britain,Standard,Agency,2025-11-27,19,2025-09-12 11:03:00,2025-09-30 08:55:12,M1,57.364,68.957
3168,2025-06-05,Available,Britain,Standard,Agency,2025-10-27,19,2025-09-12 11:02:17,2025-09-30 08:54:51,M1,27.233,68.957
3169,2025-06-05,Available,France,Standard,Direct Sales,2025-10-17,23,2025-09-11 11:08:01,2025-09-11 11:12:22,M1,36.029,50.052
3170,2025-06-05,Available,France,Standard,Direct Sales,2025-10-22,23,2025-09-11 11:08:00,2025-09-11 11:12:23,M1,41.161,50.052
3171,2025-06-05,Available,France,Standard,Direct Sales,2025-11-07,23,2025-09-11 11:08:03,2025-09-11 11:12:23,M1,56.946,50.052
3172,2025-06-05,Available,France,Standard,Direct Sales,2025-10-16,23,2025-09-12 10:58:16,2025-09-15 14:56:20,M1,30.959,54.208
3173,2025-06-05,Available,Britain,Standard,Agency,2025-10-27,16,2025-09-12 11:03:21,2025-09-30 08:55:02,M1,26.965,68.957
3174,2025-06-05,Available,Britain,Standard,Agency,2025-10-06,16,2025-09-12 11:02:19,2025-09-30 08:54:52,M1,3.221,68.957
3175,2025-06-05,Available,Britain,Standard,Agency,2025-10-15,16,2025-09-12 11:02:29,2025-09-30 08:55:10,M1,13.164,68.957
3176,2025-06-05,Available,Britain,Standard,Agency,2025-10-14,16,2025-09-12 11:02:20,2025-09-30 08:54:56,M1,14.101,68.957
3177,2025-06-05,Available,Netherlands,Standard,Direct Sales,2025-09-17,23,,2025-09-05 10:45:22,M1,12.231,44.033
3178,2025-06-26,Available,France,Standard,Direct Sales,2026-02-05,23,2025-10-15 11:56:05,2025-10-17 16:27:16,M1,110.814,50.124
3179,2025-06-26,Available,Britain,Standard,Agency,2025-11-19,16,2025-10-15 11:56:25,2025-10-30 10:12:40,M1,20.122,62.864
3180,2025-06-26,Available,France,Standard,Direct Sales,2025-11-24,23,2025-10-15 11:55:10,2025-10-17 15:01:53,M1,37.987,50.065
3181,2025-06-26,Available,Britain,Standard,Agency,2025-11-18,16,2025-10-15 11:54:17,2025-10-30 10:12:41,M1,18.984,62.864
3182,2025-06-26,Available,Netherlands,Standard,Direct Sales,2025-11-12,23,2025-10-27 11:33:12,2025-10-29 10:48:19,M1,14.169,55.124
3183,2025-06-26,Available,Denmark,Standard,Agency,2025-11-24,17,2025-10-27 11:33:12,2025-11-03 16:38:34,M1,20.775,60.367
3184,2025-06-26,Available,France,Standard,Direct Sales,2025-11-18,23,2025-10-15 11:54:22,2025-10-16 11:36:47,M1,33.099,48.923
3185,2025-06-26,Available,France,Standard,Direct Sales,2025-12-02,23,2025-10-27 11:33:23,2025-10-29 10:48:26,M1,34.026,55.124
3186,2025-06-26,Available,Switzerland,Standard,Agency,2025-11-07,11,2025-10-15 11:54:08,2025-10-23 13:45:56,M1,15.016,56.012
3187,2025-06-26,Available,France,Standard,Direct Sales,2025-11-28,23,2025-10-27 11:31:25,2025-10-29 10:48:28,M1,30.003,55.124
3188,2025-06-26,Available,Netherlands,Standard,Direct Sales,2025-11-07,23,2025-10-15 11:53:12,2025-10-16 11:37:07,M1,21.951,48.923
3189,2025-06-26,Available,Britain,Standard,Agency,2025-11-19,16,2025-10-15 11:52:07,2025-10-30 10:12:32,M1,20.002,62.864
3190,2025-06-26,Available,France,Standard,Direct Sales,2025-11-27,23,2025-10-27 11:33:21,2025-10-29 10:48:24,M1,29.117,55.124
3191,2025-08-05,Available,Britain,Standard,Agency,2026-03-04,19,2025-11-17 13:13:07,2025-11-26 20:45:04,M1,97.677,72.508
3192,2025-08-05,Available,Switzerland,Standard,Agency,2025-12-01,11,2025-11-17 13:16:01,2025-11-25 14:59:55,M1,6.226,71.268
3193,2025-08-05,Available,Switzerland,Standard,Agency,2025-12-08,11,2025-11-17 13:09:23,2025-11-25 14:59:57,M1,12.67,71.268
3194,2025-08-05,Available,Switzerland,Standard,Agency,2025-11-27,11,2025-11-17 13:15:18,2025-11-25 14:39:53,M1,2.247,71.254
3195,2025-08-05,Available,Switzerland,Standard,Agency,2025-12-15,11,2025-11-17 13:11:05,2025-11-25 15:03:30,M1,20.095,71.271
3196,2025-08-05,Available,Switzerland,Standard,Agency,2025-11-27,11,2025-11-17 13:17:02,2025-11-25 14:39:52,M1,2.247,64.1
3197,2025-08-05,Available,Switzerland,Standard,Agency,2025-11-27,11,2025-11-17 13:13:14,2025-11-25 14:39:51,M1,2.247,64.1
3198,2025-08-05,Available,Switzerland,Standard,Agency,2025-12-08,11,2025-11-17 13:16:09,2025-11-25 15:03:31,M1,12.664,64.117
3199,2025-08-05,Available,Belgium,Standard,Agency,2026-01-08,26,2025-11-17 13:08:11,2025-11-17 14:19:33,M1,51.823,56.086
3200,2025-08-05,Available,Denmark,Standard,Agency,2025-12-25,18,2025-11-17 13:15:07,2025-11-18 16:13:58,M1,36.858,57.166
3201,2025-08-05,Available,Denmark,Standard,Agency,2025-12-22,18,2025-11-17 13:10:22,2025-11-18 16:14:00,M1,33.683,57.166
3202,2025-08-05,Available,Britain,Standard,Agency,2025-12-26,19,2025-11-17 13:13:06,2025-11-26 20:45:04,M1,29.643,65.354
3203,2025-08-05,Available,Belgium,Standard,Agency,2026-03-03,26,2025-11-17 13:13:15,2025-11-17 14:18:44,M1,106.036,56.086
3204,2025-08-05,Available,Belgium,Standard,Agency,2025-12-17,20,2025-11-17 13:16:00,2025-11-18 16:14:03,M1,28.866,57.166
3205,2025-08-05,Available,Belgium,Standard,Agency,2026-01-08,26,,2025-11-25 11:39:42,M1,43.922,63.975
3206,2025-08-05,Available,Belgium,Standard,Agency,2025-12-15,26,,2025-11-25 11:39:47,M1,20.153,63.975
3207,2025-08-05,Available,Britain,Standard,Agency,2026-03-10,19,2025-12-23 10:35:09,2025-12-31 10:14:11,M1,68.975,72.022
3208,2025-08-05,Available,Britain,Standard,Agency,2026-01-15,9,2025-12-23 10:36:09,2026-01-08 13:38:36,M1,6.893,80.164
3209,2025-08-05,Available,Britain,Standard,Agency,2026-03-10,19,2025-12-23 10:35:23,2025-12-31 10:14:02,M1,68.975,72.022
3210,2025-08-05,Available,Britain,Standard,Agency,2026-01-20,16,2025-12-23 10:36:08,2026-01-05 20:37:24,M1,14.578,76.323
3211,2025-08-05,Available,Britain,Standard,Agency,2026-01-26,19,2025-12-23 10:33:19,2025-12-31 10:14:08,M1,26.004,70.052
3212,2025-08-05,Available,Britain,Standard,Agency,2026-01-22,19,2025-12-23 10:32:13,2025-12-31 13:27:04,M1,21.818,70.185
3213,2025-08-05,Available,Britain,Standard,Agency,2026-01-20,19,2025-12-23 10:33:12,2025-12-31 10:14:02,M1,20.049,70.051
3214,2025-08-05,Available,Britain,Standard,Agency,2026-01-16,19,2025-12-23 10:33:05,2026-01-08 13:31:08,M1,7.014,77.186
3215,2025-08-05,Available,Britain,Standard,Agency,2026-03-10,19,2025-12-23 10:33:19,2025-12-31 13:27:04,M1,68.863,68.991
3216,2025-08-05,Available,Britain,Standard,Agency,2026-03-10,19,2025-12-23 10:30:16,2025-12-31 10:14:00,M1,68.977,68.722
3217,2025-08-05,Available,Britain,Standard,Agency,2026-03-06,9,2025-12-23 10:32:20,2026-01-08 13:38:35,M1,56.988,76.864
3218,2025-08-05,Available,Netherlands,Standard,Direct Sales,2026-02-03,23,2026-01-06 17:21:15,2026-01-07 12:01:36,M1,26.99,75.797
3219,2025-08-05,Available,Netherlands,Standard,Direct Sales,2026-02-04,23,2026-01-06 17:21:06,2026-01-22 10:30:49,M1,13.005,90.734
3220,2025-08-05,Available,Britain,Standard,Agency,2026-03-10,9,2025-12-23 10:35:18,2026-01-06 16:46:40,M1,62.98,74.319
3221,2025-08-05,Available,Britain,Standard,Agency,2026-03-10,9,2025-12-23 10:36:12,2026-01-06 16:46:41,M1,62.931,74.319
3222,2025-08-05,Available,Netherlands,Standard,Direct Sales,2026-01-28,23,2026-01-06 17:21:09,2026-01-07 12:01:25,M1,20.889,75.121
3223,2025-08-05,Available,Britain,Standard,Agency,2026-03-10,19,2025-12-23 10:29:25,2025-12-31 10:14:09,M1,68.976,68.046
3224,2025-06-26,Available,Britain,Standard,Agency,2026-01-19,19,2025-12-23 10:29:14,2025-12-31 10:14:02,M1,19.069,65.109
3225,2025-06-26,Available,Britain,Standard,Agency,2026-02-06,19,2025-12-23 10:30:24,2025-12-31 10:14:11,M1,37.049,68.046
3226,2025-06-26,Available,Britain,Standard,Agency,2026-01-26,19,2025-12-23 10:30:21,2025-12-31 10:14:09,M1,26.126,68.046
3227,2025-06-26,Available,Britain,Standard,Agency,2026-01-20,19,2025-12-23 10:30:03,2025-12-31 10:14:01,M1,19.99,68.046
3228,2025-06-26,Available,Britain,Standard,Agency,2026-02-18,19,2025-12-23 10:29:23,2025-12-31 10:14:08,M1,48.974,67.995
3229,2025-06-26,Available,Britain,Standard,Agency,2026-01-29,19,2025-12-23 10:29:02,2025-12-31 10:14:03,M1,29.011,67.995
3230,2025-06-26,Available,Britain,Standard,Agency,2026-02-13,19,2025-12-23 10:27:20,2025-12-31 10:14:08,M1,43.971,65.11
3231,2025-06-26,Available,Britain,Standard,Agency,2026-02-03,19,2025-12-23 10:27:02,2026-01-08 13:31:09,M1,25.815,73.246
3232,2025-06-26,Available,Britain,Standard,Agency,2026-02-03,19,2025-12-23 10:28:21,2025-12-31 10:14:07,M1,34.075,65.11
3233,2025-06-26,Available,Britain,Standard,Agency,2026-01-22,19,2025-12-23 10:28:01,2025-12-31 10:14:04,M1,22.093,65.11
3234,2025-08-05,Available,Britain,Standard,Agency,2026-03-10,9,2025-12-23 10:30:21,2026-01-06 16:46:39,M1,62.929,71.382
3235,2025-06-26,Available,Britain,Standard,Agency,2026-02-07,9,2025-12-23 10:27:19,2026-01-08 13:38:33,M1,29.969,73.252
3236,2025-06-26,Available,Britain,Standard,Agency,2026-01-29,19,2025-12-23 10:27:00,2025-12-31 10:14:04,M1,28.966,65.11
3237,2025-06-26,Available,Britain,Standard,Agency,2026-01-09,5,2025-12-23 10:28:08,2026-01-05 08:07:10,M1,4.054,70.021
3238,2025-06-26,Available,Britain,Standard,Agency,2026-02-11,19,2025-12-23 10:27:08,2025-12-31 10:14:10,M1,42.166,65.11
3239,2025-06-26,Available,Britain,Standard,Agency,2026-03-10,9,2025-12-23 10:27:14,2026-01-08 13:38:34,M1,61.053,73.252
3240,2025-06-26,Available,Britain,Standard,Agency,2026-02-18,9,2025-12-23 10:27:06,2026-01-06 16:46:39,M1,42.806,71.382
3241,2025-06-26,Available,Britain,Standard,Agency,2026-02-17,9,2025-12-23 10:28:19,2026-01-06 16:46:41,M1,41.899,71.382
3242,2025-06-26,Available,Britain,Standard,Agency,2026-02-20,9,2025-12-23 10:27:02,2026-01-06 16:46:40,M1,44.704,71.382
3243,2025-06-26,Available,Britain,Standard,Agency,2026-01-09,5,2025-12-23 10:29:13,2026-01-05 08:07:09,M1,4.044,70.021
3244,2025-06-26,Available,Britain,Standard,Agency,2026-04-15,9,2025-12-23 10:27:23,2026-01-08 13:38:36,M1,97.015,73.011
3245,2025-06-26,Available,Britain,Standard,Agency,2026-02-06,9,2025-12-23 10:29:09,2026-01-08 09:12:28,M1,29.016,72.826
3246,2025-06-26,Available,Britain,Standard,Agency,2026-03-10,9,2025-12-23 10:30:10,2026-01-09 09:37:37,M1,60.276,73.844
3247,2025-06-26,Available,Switzerland,Standard,Agency,2026-01-24,11,2026-01-06 17:21:19,2026-01-20 15:07:01,M1,4.193,83.955
3248,2025-06-26,Available,Switzerland,Standard,Agency,2026-01-24,11,2026-01-06 17:21:02,2026-01-20 15:06:59,M1,4.194,83.955
3249,2025-06-26,Available,Netherlands,Standard,Direct Sales,2026-01-26,23,2026-01-06 17:21:06,2026-01-07 12:01:38,M1,18.995,70.826
3250,2025-06-26,Available,Belgium,Standard,Agency,2026-02-10,26,2026-01-06 17:21:01,2026-01-07 12:01:28,M1,33.94,70.826
3251,2025-06-26,Available,Belgium,Standard,Agency,2026-02-27,26,2026-01-06 17:21:06,2026-01-07 12:01:40,M1,51.116,70.122
3252,2025-06-26,Available,Belgium,Standard,Agency,2026-02-05,20,2026-01-06 17:21:14,2026-01-07 12:01:34,M1,26.982,70.122
3253,2025-08-05,Available,Denmark,Standard,Agency,2026-02-19,22,2026-01-13 08:32:09,2026-01-14 10:56:55,M1,35.915,72.076
3254,2025-08-05,Available,Denmark,Standard,Agency,2026-01-28,18,2026-01-13 08:32:52,2026-01-16 09:58:41,M1,11.249,74.035
3255,2025-08-05,Available,Britain,Standard,Agency,2026-02-24,19,2026-01-13 08:32:28,2026-01-28 17:11:57,M1,26.669,86.336
3256,2025-08-05,Available,France,Standard,Direct Sales,2026-02-04,23,2026-01-16 08:38:14,2026-01-22 10:30:50,M2,13.273,78.968
3257,2025-08-05,Available,France,Standard,Direct Sales,2026-02-06,23,2026-01-16 08:38:11,2026-01-20 15:10:59,M2,16.965,77.163
3258,2025-08-05,Available,Denmark,Standard,Agency,2026-02-06,17,2026-01-13 08:33:04,2026-01-16 15:18:11,M1,20.953,73.045
3259,2025-08-05,Available,Belgium,Standard,Agency,2026-03-02,20,2026-01-16 08:38:21,2026-01-16 15:18:01,M2,44.324,72.257
3260,2025-09-05,Available,Switzerland,Standard,Agency,2026-02-08,11,2026-01-28 11:05:01,2026-02-02 13:45:50,M2,6.312,88.96
3261,2025-09-05,Available,France,Standard,Direct Sales,2026-02-06,23,2026-01-13 08:32:22,2026-01-14 10:56:47,M1,23.194,69.587
3262,2025-08-05,Available,Britain,Standard,Agency,2026-03-10,19,2026-01-16 08:38:19,2026-02-19 13:10:19,M2,18.06,104.933
3263,2025-09-05,Available,Denmark,Standard,Agency,2026-02-02,18,2026-01-13 08:32:53,2026-01-16 09:58:43,M1,17.157,70.8
3264,2025-08-05,Available,Britain,Standard,Agency,2026-02-11,5,2026-01-16 08:38:23,2026-02-13 10:55:56,M2,18.97,98.082
3265,2025-09-05,Available,Denmark,Standard,Agency,2026-02-06,17,2026-01-13 08:32:15,2026-01-16 15:18:11,M1,20.943,70.264
3266,2025-08-05,Available,Britain,Standard,Agency,2026-03-11,5,2026-01-16 08:38:23,2026-02-13 10:55:54,M2,25.958,98.082
3267,2025-09-05,Available,Denmark,Standard,Agency,2026-02-24,18,2026-01-13 08:32:18,2026-01-16 09:58:34,M1,39.005,70.042
3268,2025-09-05,Available,Denmark,Standard,Agency,2026-03-10,17,2026-01-13 08:32:40,2026-01-16 15:17:59,M1,52.797,70.264
3269,2025-09-05,Available,Denmark,Standard,Agency,2026-02-02,17,2026-01-13 08:32:22,2026-01-16 15:18:08,M1,16.814,70.264
3270,2025-09-05,Available,Belgium,Standard,Agency,2026-02-05,20,2026-01-13 08:32:38,2026-01-14 12:00:22,M1,21.86,66.053
3271,2025-09-05,Available,Belgium,Standard,Agency,2026-02-17,20,2026-01-13 08:32:34,2026-01-14 12:00:22,M1,28.236,66.053
3272,2025-10-13,Available,Netherlands,Standard,Direct Sales,2026-02-06,23,2026-01-13 08:32:45,2026-01-14 10:57:07,M1,23.26,66.009
3273,2025-10-13,Available,Denmark,Standard,Agency,2026-02-02,17,2026-01-13 08:32:43,2026-01-16 15:18:05,M1,16.786,67.333
3274,2025-10-13,Available,Denmark,Standard,Agency,2026-02-19,17,2026-01-13 08:32:42,2026-01-16 09:58:40,M1,34.038,67.111
3275,2025-10-13,Available,Belgium,Standard,Agency,2026-02-24,20,2026-01-13 08:32:19,2026-01-14 12:00:24,M1,40.927,65.196
3276,2025-10-13,Available,Belgium,Standard,Agency,2026-02-12,20,2026-01-13 08:32:36,2026-01-14 12:00:24,M1,28.142,65.196
3277,2025-10-13,Available,Denmark,Business,Agency,2026-03-10,17,2026-01-13 08:32:04,2026-01-16 09:58:40,M1,53.237,63.983
3278,2025-10-13,Available,Denmark,Standard,Agency,2026-03-04,17,2026-01-13 08:32:01,2026-01-16 09:58:36,M1,46.994,63.983
3279,2025-10-13,Available,Denmark,Standard,Agency,2026-02-04,17,2026-01-13 08:32:09,2026-01-16 09:58:34,M1,19.06,63.983
3280,2025-10-13,Available,Denmark,Standard,Agency,2026-03-10,17,2026-01-13 08:32:05,2026-01-16 09:58:42,M1,53.253,63.983
3281,2025-10-13,Available,Denmark,Standard,Agency,2026-02-13,17,2026-01-13 08:32:55,2026-01-20 11:12:04,M1,23.953,68.034
3282,2025-10-13,Available,Denmark,Standard,Agency,2026-02-05,22,2026-01-13 08:32:08,2026-01-14 10:56:52,M1,22.034,62.024
3283,2025-10-13,Available,Denmark,Standard,Agency,2026-02-04,18,2026-01-13 08:32:13,2026-01-16 09:58:42,M1,19.253,63.983
3284,2025-09-05,Available,Britain,Standard,Agency,2026-02-26,9,2026-01-13 08:32:04,2026-01-28 17:11:36,M1,28.902,76.284
3285,2025-09-05,Available,Britain,Standard,Agency,2026-02-26,9,2026-01-13 08:32:29,2026-01-28 17:12:02,M1,28.892,76.284
3286,2025-10-13,Available,Britain,Standard,Agency,2026-02-13,9,2026-01-13 08:32:41,2026-01-28 17:11:52,M1,15.738,76.284
3287,2025-10-13,Available,Britain,Standard,Agency,2026-04-06,9,2026-01-13 08:32:45,2026-01-28 17:12:06,M1,68.742,76.284
3288,2025-09-05,Available,Britain,Standard,Agency,2026-03-10,9,2026-01-13 08:32:18,2026-01-28 17:11:30,M1,40.939,76.284
3289,2025-10-13,Available,France,Standard,Direct Sales,2026-02-25,23,2026-01-13 08:32:23,2026-01-14 10:56:52,M1,42.024,62.024
3290,2025-09-05,Available,Britain,Demo,Agency,2026-03-03,19,2026-01-13 08:32:59,2026-01-28 17:11:53,M1,33.815,76.284
3291,2025-10-13,Available,Britain,Standard,Agency,2026-03-03,15,2026-01-13 08:32:09,2026-01-28 17:11:48,M1,32.749,76.284
3292,2025-09-05,Available,Britain,Standard,Agency,2026-03-10,19,2026-01-13 08:32:14,2026-01-28 17:12:01,M1,40.643,76.284
3293,2025-09-05,Available,France,Standard,Direct Sales,2026-02-04,23,2026-01-13 08:32:26,2026-01-14 10:56:56,M1,21.238,62.024
3294,2025-10-13,Available,France,Standard,Direct Sales,2026-01-28,23,2026-01-13 08:32:12,2026-01-14 10:56:59,M1,14.001,62.024
3295,2025-10-13,Available,Greece,Standard,Agency,2026-04-02,10,2026-01-28 11:05:09,2026-02-05 09:25:58,M2,62.944,83.96
3296,2025-09-05,Available,Britain,Standard,Agency,2026-03-06,15,2026-01-13 08:32:03,2026-01-28 17:11:36,M1,35.947,76.284
3297,2025-09-05,Available,Greece,Standard,Agency,2026-04-01,10,2026-01-28 11:05:12,2026-02-05 09:25:56,M2,62.926,77.942
3298,2025-09-05,Available,Belgium,Standard,Agency,2026-02-25,20,2026-01-28 11:05:09,2026-02-02 10:32:04,M2,22.958,73.822
3299,2025-09-05,Available,Belgium,Standard,Agency,2026-03-03,20,2026-01-28 11:05:03,2026-02-02 10:32:01,M2,29.118,73.822
3300,2025-09-05,Available,France,Standard,Direct Sales,2026-03-10,23,,2026-02-11 08:59:54,M2,27.249,77.886
3301,2025-09-05,Available,France,Standard,Direct Sales,2026-03-10,23,,2026-02-11 08:59:48,M2,27.236,77.886
3302,2025-09-05,Available,France,Standard,Direct Sales,2026-03-02,23,,2026-02-11 08:59:54,M2,19.238,77.886
3303,2025-09-05,Available,France,Standard,Direct Sales,2026-03-10,23,,2026-02-10 15:04:09,M2,27.871,75.198
3304,2025-09-05,Available,France,Standard,Direct Sales,2026-03-09,23,,2026-02-11 08:59:47,M2,26.286,75.945
3305,2025-09-05,Available,France,Standard,Direct Sales,2026-03-10,23,,2026-02-10 15:04:12,M2,27.969,75.198
3306,2025-09-05,Available,France,Standard,Direct Sales,2026-03-10,23,,2026-02-10 15:04:06,M2,27.783,75.198
3307,2025-09-05,Reserved,Britain,Standard,Agency,2026-03-10,6,2026-02-13 10:54:22,2026-02-18 15:41:22,M2,19.947,83.224
3308,2025-09-05,Reserved,Britain,Business,Agency,2026-03-04,6,2026-02-13 10:54:13,2026-02-18 15:41:19,M2,14.076,83.224
3309,2025-10-13,Available,Belgium,Standard,Agency,2026-03-31,12,2026-03-04 12:09:37,2026-03-12 13:12:43,M2,19.092,105.121
3310,2025-10-13,Available,France,Standard,Direct Sales,2026-03-17,23,,2026-02-10 15:04:09,M2,34.924,75.198
3311,2025-10-13,Available,France,Standard,Direct Sales,2026-03-09,23,,2026-02-11 08:59:52,M2,26.286,75.945
3312,2025-10-13,Available,France,Standard,Direct Sales,2026-03-12,23,,2026-02-10 15:04:20,M2,29.962,75.198
3313,2025-10-13,Available,France,Standard,Direct Sales,2026-03-10,23,,2026-02-10 15:04:10,M2,28.012,73.93
3314,2025-10-13,Available,France,Standard,Direct Sales,2026-03-09,23,,2026-02-10 15:04:13,M2,27.002,73.93
3315,2025-10-13,Available,France,Standard,Direct Sales,2026-04-03,23,2026-03-04 12:07:22,2026-03-04 13:47:55,M2,30.01,93.26
3316,2025-10-13,Available,France,Standard,Direct Sales,2026-03-10,23,,2026-02-10 15:04:12,M2,27.984,71.313
3317,2025-10-13,Available,France,Standard,Direct Sales,2026-03-06,23,,2026-02-13 10:38:27,M2,21.148,74.129
3318,2025-10-13,Available,Britain,Standard,Agency,2026-03-26,19,2026-02-13 10:52:00,2026-02-18 15:40:58,M2,35.895,79.339
3319,2025-10-13,Available,Britain,Standard,Agency,2026-03-10,19,2026-02-13 10:52:07,2026-02-18 15:35:26,M2,19.71,79.335
3320,2025-10-13,Available,Britain,Standard,Agency,2026-03-10,19,2026-02-13 10:53:24,2026-02-18 15:41:15,M2,19.871,79.339
3321,2025-10-13,Reserved,Britain,Business,Agency,2026-03-05,6,2026-02-13 10:52:01,2026-02-18 15:40:58,M2,15.035,79.339
3322,2025-10-13,Available,France,Standard,Direct Sales,2026-03-10,23,,2026-02-11 08:59:51,M2,27.265,72.06
3323,2025-10-13,Reserved,Britain,Business,Agency,2026-03-29,6,2026-02-13 10:53:25,2026-02-18 15:41:34,M2,39.002,79.339
3324,2025-10-13,Available,France,Standard,Direct Sales,2026-03-06,23,,2026-02-11 08:59:53,M2,23.246,72.06
3325,2025-10-30,Available,Switzerland,Standard,Agency,2026-04-01,11,2026-03-04 12:09:10,2026-03-26 12:48:58,M2,6.119,108.207
3326,2025-10-13,Reserved,Britain,Standard,Agency,2026-03-10,6,2026-02-13 10:54:23,2026-02-18 15:41:22,M2,19.947,71.263
3327,2025-10-30,Available,Germany,Standard,Direct Sales,2026-04-09,23,2026-03-04 12:09:37,2026-03-20 12:37:36,M2,20.12,95.142
3328,2025-10-30,Available,Britain,Standard,Agency,2026-04-09,9,2026-02-27 13:22:11,2026-03-19 16:10:29,M2,20.694,92.285
3329,2025-10-30,Available,France,Standard,Direct Sales,2026-04-08,23,2026-02-27 13:23:21,2026-03-12 13:12:25,M2,27.041,83.039
3330,2025-10-30,Available,Netherlands,Standard,Direct Sales,2026-03-18,23,2026-02-27 13:25:37,2026-03-03 15:08:25,M2,15.048,74.12
3331,2025-10-30,Available,Netherlands,Standard,Direct Sales,2026-04-02,23,2026-02-27 13:25:24,2026-03-18 11:24:08,M2,14.926,88.964
3332,2025-11-28,Available,Denmark,Standard,Agency,2026-04-09,17,2026-03-02 09:17:32,2026-03-02 11:38:26,M2,38.122,70.118
3333,2025-11-28,Available,Denmark,Standard,Agency,2026-04-06,18,2026-03-02 09:17:09,2026-03-02 11:38:36,M2,32.088,70.118
3334,2025-11-28,Available,Denmark,Business,Agency,2026-03-23,22,2026-03-02 09:21:02,2026-03-02 11:38:28,M2,20.874,70.118
3335,2025-11-28,Available,Denmark,Standard,Agency,2026-04-16,22,2026-03-02 09:20:09,2026-03-02 11:38:36,M2,44.897,70.118
3336,2025-11-28,Available,Denmark,Standard,Agency,2026-03-23,18,2026-03-02 09:18:35,2026-03-02 11:38:26,M2,20.91,70.118
3337,2025-11-28,Available,Germany,Standard,Direct Sales,2026-04-09,23,2026-03-02 09:18:20,2026-03-25 10:55:26,M2,15.128,92.014
3338,2025-11-28,Available,Germany,Standard,Direct Sales,2026-04-09,23,2026-03-02 09:18:21,2026-03-25 10:55:30,M2,15.126,92.014
3339,2025-11-28,Available,Belgium,Standard,Agency,2026-03-27,20,2026-03-02 09:19:17,2026-03-04 16:16:57,M2,21.845,68.29
3340,2025-11-28,Available,Britain,Display,Agency,2026-04-09,19,2026-03-02 09:17:37,2026-03-24 12:50:28,M2,15.965,87.885
3341,2025-11-28,Available,Britain,Display,Agency,2026-04-09,19,2026-03-02 09:17:05,2026-03-24 12:50:35,M2,,85.152
3342,2025-12-30,Available,France,Standard,Direct Sales,2026-04-03,23,,2026-03-19 13:11:23,M2,15.005,74.098
3343,2025-12-30,Available,France,Standard,Direct Sales,2026-04-02,23,,2026-03-19 13:11:33,M2,13.904,74.098
3344,2025-12-30,Available,France,Standard,Direct Sales,2026-03-31,23,,2026-03-19 13:11:32,M2,12.095,74.098
3345,2025-12-30,Available,France,Standard,Direct Sales,2026-03-31,23,,2026-03-19 13:11:34,M2,12.095,74.098
3346,2025-12-30,Available,France,Standard,Direct Sales,2026-03-31,23,,2026-03-19 13:11:36,M2,12.095,74.098
3347,2025-12-30,Available,France,Standard,Direct Sales,2026-04-03,23,,2026-03-19 13:11:32,M2,15.032,66.095
3348,2025-12-30,Available,France,Standard,Direct Sales,2026-04-03,23,,2026-03-19 13:11:31,M2,15.033,66.095
3349,2025-12-30,Available,France,Standard,Direct Sales,2026-04-03,23,,2026-03-19 13:11:26,M2,14.98,70.178
3350,,Available,France,Standard,Direct Sales,2025-05-02,23,2025-04-08 14:52:18,,M0,,
3351,,Reserved,Britain,Standard,Agency,2025-05-12,9,2025-04-08 14:51:12,,M0,,
3352,,Reserved,Britain,Standard,Agency,2025-05-06,9,2025-04-08 14:51:19,,M0,,
3353,,Available,Britain,Standard,Agency,2025-08-04,16,2025-04-08 14:53:13,,M0,,
3354,,Reserved,Britain,Standard,Agency,2025-05-27,16,2025-04-08 14:53:16,,M0,,
3355,,Available,France,Standard,Direct Sales,2025-05-06,23,2025-04-08 14:57:04,,M0,,
3356,,Available,France,Standard,Direct Sales,2025-05-06,23,2025-04-08 14:50:21,,M0,,
3357,,Reserved,Britain,Standard,Agency,2025-05-07,19,2025-04-08 14:52:11,,M0,,
3358,,Available,France,Standard,Direct Sales,2025-05-05,23,2025-04-08 14:52:15,,M0,,
3359,,Reserved,Britain,Standard,Agency,2025-05-15,16,2025-04-08 14:51:12,,M0,,
3360,,Reserved,Britain,Standard,Agency,2025-07-03,16,2025-04-08 14:57:08,,M0,,
3361,,Reserved,Britain,Standard,Agency,2025-05-21,16,2025-04-08 14:50:12,,M0,,
3362,,Available,France,Standard,Direct Sales,2025-05-05,23,2025-04-08 14:52:05,,M0,,
3363,,Available,France,Standard,Direct Sales,2025-05-07,23,2025-04-08 14:50:13,,M0,,
3364,,Available,France,Standard,Direct Sales,2025-05-05,23,2025-04-08 14:55:21,,M0,,
3365,,Available,France,Standard,Direct Sales,2025-05-06,23,2025-04-08 14:56:13,,M0,,
3366,,Available,France,Standard,Direct Sales,2025-05-27,23,2025-05-05 08:34:21,,M0,,
3367,,Available,France,Standard,Direct Sales,2025-06-04,23,2025-05-05 08:33:00,,M0,,
3368,,Available,France,Standard,Direct Sales,2025-06-09,23,2025-05-05 08:35:10,,M0,,
3369,,Available,France,Standard,Direct Sales,2025-06-05,23,2025-05-05 08:36:06,,M0,,
3370,,Available,France,Standard,Direct Sales,2025-06-05,23,2025-05-05 08:33:19,,M0,,
3371,,Available,France,Standard,Direct Sales,2025-06-04,23,2025-05-05 08:38:21,,M0,,
3372,,Available,France,Standard,Direct Sales,2025-05-22,23,2025-05-05 08:32:05,,M0,,
3373,,Available,France,Standard,Direct Sales,2025-05-27,23,2025-05-05 08:38:06,,M0,,
3374,,Available,France,Standard,Direct Sales,2025-06-05,23,2025-05-05 08:37:04,,M0,,
3375,,Available,France,Standard,Direct Sales,2025-06-06,23,2025-05-05 08:38:15,,M0,,
3376,,Available,France,Standard,Direct Sales,2025-06-09,23,2025-05-05 08:37:17,,M0,,
3377,,Available,France,Standard,Direct Sales,2025-05-27,23,2025-05-05 08:34:05,,M0,,
3378,,Available,France,Standard,Direct Sales,2025-06-05,23,2025-05-05 08:32:03,,M0,,
3379,,Available,France,Standard,Direct Sales,2025-06-09,23,2025-05-05 08:34:17,,M0,,
3380,,Available,France,Standard,Direct Sales,2025-06-05,23,2025-05-05 08:32:21,,M0,,
3381,,Available,France,Standard,Direct Sales,2025-05-27,23,2025-05-05 08:36:04,,M0,,
3382,,Available,Netherlands,Standard,Direct Sales,2025-05-28,23,2025-05-05 08:33:12,,M0,,
3383,,Available,France,Standard,Direct Sales,2025-08-07,23,2025-05-05 08:35:03,,M0,,
3384,,Available,France,Standard,Direct Sales,2025-06-09,23,2025-05-05 08:36:21,,M0,,
3385,2025-02-28,Reserved,Denmark,Standard,Agency,2025-07-25,17,2025-06-17 11:32:11,,M0,,
3386,2025-02-28,Available,Britain,Standard,Agency,2025-09-23,5,2025-06-17 11:31:16,2025-07-23 09:25:39,M0,62.162,
3387,2025-02-28,Reserved,Denmark,Standard,Agency,2025-07-11,17,2025-06-17 11:26:12,,M0,,
3388,2025-02-28,Reserved,Denmark,Standard,Agency,2025-07-11,18,2025-06-17 11:24:23,,M0,,
3389,2025-02-28,Available,France,Standard,Direct Sales,2025-07-28,23,2025-06-17 11:27:14,,M0,,
3390,2025-02-28,Reserved,Denmark,Business,Agency,2025-07-25,18,2025-06-17 11:27:21,,M0,,
3391,2025-02-28,Available,Britain,Standard,Agency,2025-09-10,16,2025-06-17 11:27:16,2025-08-14 09:47:37,M0,26.912,22.017
3392,2025-02-28,Available,Switzerland,Standard,Agency,2025-09-19,11,2025-06-17 11:28:12,2025-08-20 17:51:56,M0,29.778,
3393,2025-02-28,Available,Britain,Standard,Agency,2025-09-03,16,2025-06-17 11:27:18,2025-08-14 09:47:39,M0,19.977,22.017
3394,2025-02-28,Available,Britain,Standard,Agency,2025-09-05,16,2025-06-17 11:27:15,2025-08-05 15:47:01,M0,30.766,
3395,2025-02-28,Reserved,Denmark,Standard,Agency,2025-07-04,18,2025-06-17 11:27:19,,M0,,
3396,2025-02-28,Reserved,Denmark,Standard,Agency,2025-08-08,18,2025-06-17 11:29:04,,M0,,
3397,2025-02-28,Available,France,Standard,Direct Sales,2025-08-11,23,2025-06-17 11:28:11,2025-07-24 11:04:30,M0,18.088,1.05
3398,2025-02-28,Available,Britain,Standard,Agency,2025-07-24,9,2025-06-17 11:30:14,2025-07-03 08:36:18,M0,21.138,
3399,2025-02-28,Reserved,Britain,Standard,Agency,2025-07-14,9,2025-06-17 11:28:16,2025-07-03 08:36:19,M0,11.27,
3400,2025-02-28,Available,Switzerland,Standard,Agency,2025-09-19,11,2025-06-17 11:29:13,,M0,,
3401,2025-02-28,Available,Switzerland,Standard,Agency,2025-09-19,11,2025-06-17 11:28:19,2025-08-20 17:51:56,M0,29.777,
3402,2025-02-28,Available,Switzerland,Standard,Agency,2025-09-18,11,2025-06-17 11:32:05,2025-08-20 18:06:01,M0,28.545,
3403,2025-03-28,Available,Britain,Standard,Agency,2025-08-22,19,2025-07-07 11:37:16,2025-07-24 10:41:40,M0,29.134,
3404,2025-03-28,Available,Britain,Standard,Agency,2025-08-08,19,2025-07-07 11:38:13,2025-07-28 11:02:39,M0,10.919,
3405,2025-03-28,Available,Britain,Standard,Agency,2025-08-26,16,2025-07-07 11:39:03,2025-08-14 09:47:41,M0,11.994,22.017
3406,2025-03-28,Available,France,Standard,Direct Sales,2025-08-07,23,2025-07-07 11:37:12,2025-07-18 09:16:11,M0,20.111,
3407,2025-03-28,Available,France,Standard,Direct Sales,2025-07-31,23,2025-07-07 11:37:21,2025-07-17 13:06:04,M0,14.139,
3408,2025-03-28,Available,Netherlands,Standard,Direct Sales,2025-09-09,23,2025-07-07 11:39:10,2025-08-15 14:59:44,M0,25.033,23.212
3409,2025-03-28,Available,France,Standard,Direct Sales,2025-09-09,23,2025-07-07 11:39:22,2025-07-24 10:57:28,M0,47.098,
3410,2025-03-28,Available,France,Standard,Direct Sales,2025-07-29,23,2025-07-07 11:37:08,2025-07-17 13:05:18,M0,12.065,
3411,2025-03-28,Available,France,Standard,Direct Sales,2025-08-08,23,2025-07-07 11:38:22,2025-07-23 10:37:19,M0,16.465,
3412,2025-03-28,Reserved,Denmark,Business,Agency,2025-07-18,22,2025-07-07 11:39:18,2025-07-10 10:59:29,M0,14.883,
3413,2025-03-28,Available,France,Standard,Direct Sales,2025-08-06,23,2025-07-07 11:38:16,2025-07-10 10:59:30,M0,26.996,
3414,2025-03-28,Available,Britain,Standard,Agency,2025-08-07,16,2025-07-07 11:39:15,2025-07-28 11:07:48,M0,9.135,
3415,2025-03-28,Available,Britain,Standard,Agency,2025-11-20,16,2025-07-07 11:37:02,2025-07-28 11:07:33,M0,113.921,
3416,2025-03-28,Available,Britain,Standard,Agency,2025-08-01,16,2025-07-07 11:37:12,2025-07-28 11:07:34,M0,3.028,
3417,2025-03-28,Available,Britain,Standard,Agency,2025-08-04,16,2025-07-07 11:39:00,2025-07-28 11:07:35,M0,6.943,
3418,2025-03-28,Available,Britain,Standard,Agency,2025-08-06,16,2025-07-07 11:38:01,2025-07-28 11:07:46,M0,6.996,
3419,2025-03-28,Available,Britain,Standard,Agency,2025-10-10,9,2025-07-07 11:38:23,2025-07-28 11:07:29,M0,74.082,
3420,2025-03-28,Available,Britain,Standard,Agency,2025-08-14,9,2025-07-07 11:39:14,2025-07-28 11:07:45,M0,17.088,
3421,2025-03-28,Available,Britain,Standard,Agency,2025-08-07,9,2025-07-07 11:38:19,2025-07-28 11:07:44,M0,9.912,
3422,2025-03-28,Available,Britain,Standard,Agency,2025-08-05,9,2025-07-07 11:38:01,2025-07-28 11:07:49,M0,8.144,
3423,2025-03-28,Available,Britain,Standard,Agency,2025-10-31,9,2025-07-14 12:41:08,2025-07-28 11:02:42,M0,95.009,
3424,2025-03-28,Available,Britain,Standard,Agency,2025-08-11,9,2025-07-14 12:42:16,2025-07-28 11:02:47,M0,14.144,
3425,2025-03-28,Available,Britain,Standard,Agency,2025-11-25,9,2025-07-14 12:42:25,2025-07-28 11:02:57,M0,119.949,
3426,2025-03-28,Available,Britain,Standard,Agency,2025-09-11,9,2025-07-14 12:41:13,2025-08-08 12:03:34,M0,34.047,
3427,2025-03-28,Available,Britain,Standard,Agency,2025-10-02,9,2025-07-14 12:42:10,2025-07-28 11:02:46,M0,65.961,
3428,2025-03-28,Available,Britain,Standard,Agency,2025-08-15,16,2025-07-14 12:42:00,2025-08-06 12:30:48,M0,7.98,
3429,2025-03-28,Available,Britain,Standard,Agency,2025-08-28,9,2025-07-14 12:42:17,2025-08-08 12:03:35,M0,19.893,
3430,2025-03-28,Available,Britain,Standard,Agency,2025-10-22,9,2025-07-14 12:41:08,2025-07-28 11:02:41,M0,86.168,
3431,2025-03-28,Available,France,Standard,Direct Sales,2025-08-29,23,2025-07-14 12:41:16,2025-07-25 20:56:33,M0,34.435,
3432,2025-03-28,Available,France,Standard,Direct Sales,2025-08-07,23,2025-07-14 12:42:09,2025-07-28 11:45:51,M0,10.006,
3433,2025-03-28,Available,Britain,Standard,Agency,2025-07-30,19,2025-07-14 12:42:23,2025-07-28 11:02:54,M0,2.125,
3434,2025-03-28,Available,Britain,Standard,Agency,2025-08-11,19,2025-07-14 12:41:07,2025-08-04 13:31:26,M0,6.831,
3435,2025-03-28,Available,Britain,Standard,Agency,2025-08-01,19,2025-07-14 12:42:09,2025-07-28 11:02:44,M0,3.927,
3436,2025-03-28,Available,Britain,Standard,Agency,2025-08-15,19,2025-07-14 12:42:18,2025-08-04 13:31:26,M0,10.871,
3437,2025-03-28,Available,Britain,Standard,Agency,2025-10-18,9,2025-07-14 12:42:24,2025-08-06 14:09:12,M0,72.886,
3438,2025-03-28,Available,Britain,Standard,Agency,2025-08-26,19,2025-07-14 12:41:14,2025-07-28 11:02:46,M0,28.889,
3439,2025-03-28,Available,France,Standard,Direct Sales,2025-08-06,23,2025-07-14 12:41:04,2025-07-28 11:45:52,M0,8.911,
3440,2025-03-28,Available,Britain,Standard,Agency,2025-07-31,19,2025-07-14 12:42:03,2025-07-28 11:02:39,M0,2.993,
3441,2025-03-28,Available,Britain,Standard,Agency,2025-08-01,19,2025-07-14 12:41:01,2025-07-28 11:02:45,M0,4.078,
3442,2025-03-28,Available,Britain,Standard,Agency,2025-07-31,19,2025-07-14 12:41:19,2025-07-28 11:02:40,M0,3.071,
3443,2025-05-02,Available,Denmark,Standard,Agency,2025-08-20,22,2025-08-04 07:37:08,2025-08-07 10:18:21,M1,13.036,15.064
3444,2025-05-02,Available,France,Standard,Direct Sales,2025-08-26,23,2025-08-04 07:35:21,2025-08-04 14:29:26,M1,21.834,
3445,2025-05-02,Available,Denmark,Standard,Agency,2025-08-28,17,2025-08-04 07:35:20,2025-08-07 10:18:21,M1,21.114,15.064
3446,2025-05-02,Available,Switzerland,Standard,Agency,2025-10-07,11,2025-08-04 07:32:23,2025-09-16 19:56:25,M1,20.446,55.448
3447,2025-05-02,Available,Denmark,Standard,Agency,2025-11-10,18,2025-08-04 07:34:16,2025-09-05 10:45:12,M1,65.968,44.065
3448,2025-05-02,Available,Netherlands,Standard,Direct Sales,2025-09-05,23,2025-08-04 07:31:07,2025-08-19 13:04:31,M1,17.167,27.168
3449,2025-05-02,Available,Britain,Standard,Agency,2025-08-26,9,2025-08-04 07:31:06,2025-08-14 09:47:28,M1,12.25,22.017
3450,2025-05-02,Available,Netherlands,Standard,Direct Sales,2025-08-27,23,2025-08-04 07:31:13,2025-08-20 10:53:59,M1,7.246,28.077
3451,2025-05-02,Available,Britain,Standard,Agency,2025-11-04,15,2025-08-04 07:34:11,2025-08-14 09:47:31,M1,81.96,22.017
3452,2025-05-02,Available,Belgium,Standard,Agency,2025-11-27,26,2025-08-04 07:32:06,2025-09-29 11:54:40,M1,58.964,68.113
3453,2025-05-02,Reserved,Britain,Standard,Agency,2025-10-23,19,2025-08-04 07:32:03,2025-09-01 15:14:00,M1,52.062,40.28
3454,2025-05-02,Reserved,Britain,Standard,Agency,2025-10-28,19,2025-08-04 07:32:01,2025-08-27 16:12:22,M1,61.849,35.32
3455,2025-05-02,Available,France,Standard,Direct Sales,2025-10-13,23,2025-08-04 07:33:09,2025-09-10 13:00:49,M1,33.074,49.165
3456,2025-05-02,Available,Britain,Standard,Agency,2025-09-17,16,2025-08-04 07:31:19,2025-09-01 08:01:05,M1,15.087,39.957
3457,2025-05-02,Available,Denmark,Standard,Agency,2025-08-27,22,2025-08-04 07:36:07,2025-08-07 10:18:20,M1,20.119,15.064
3458,2025-05-02,Available,Switzerland,Standard,Agency,2025-10-16,11,2025-08-04 07:36:14,2025-08-08 08:35:18,M1,69.177,15.998
3459,2025-05-02,Available,Netherlands,Standard,Direct Sales,2025-09-09,23,2025-08-04 07:34:25,2025-08-19 13:04:33,M1,21.071,27.132
3460,2025-05-02,Available,Denmark,Standard,Agency,2025-10-09,22,2025-08-27 10:39:23,,M1,,
3461,2025-05-02,Available,Britain,Standard,Agency,2025-09-05,19,2025-08-04 07:34:02,2025-08-14 09:47:23,M1,21.995,22.016
3462,2025-05-02,Available,Denmark,Standard,Agency,2025-08-22,22,2025-08-04 07:37:01,2025-08-07 10:18:12,M1,14.957,15.064
3463,2025-05-02,Reserved,Denmark,Standard,Agency,2025-10-31,18,2025-08-04 07:33:02,2025-08-19 13:03:41,M1,72.879,27.189
3464,2025-05-02,Available,Britain,Standard,Agency,2025-10-23,16,2025-08-04 07:33:12,2025-09-01 08:01:04,M1,51.124,39.957
3465,2025-05-02,Available,Britain,Standard,Agency,2025-09-25,16,2025-08-04 07:34:20,2025-08-14 09:47:41,M1,42.163,22.017
3466,2025-05-02,Reserved,Denmark,Standard,Agency,2025-10-02,18,2025-08-04 07:30:22,2025-08-18 15:52:09,M1,44.729,26.306
3467,2025-05-02,Reserved,Denmark,Standard,Agency,2025-11-28,18,2025-08-04 07:32:03,2025-08-18 15:52:11,M1,101.693,26.306
3468,2025-05-02,Available,Denmark,Standard,Agency,2025-10-07,22,2025-08-27 10:41:02,,M1,,
3469,2025-05-02,Reserved,Denmark,Standard,Agency,2025-09-12,18,2025-08-04 07:32:15,2025-08-18 15:52:07,M1,24.898,26.306
3470,2025-05-02,Reserved,Denmark,Standard,Agency,2025-09-18,18,2025-08-04 07:31:21,2025-08-19 13:03:41,M1,30.035,27.189
3471,2025-05-02,Available,France,Business,Direct Sales,2026-03-10,23,2025-08-27 10:38:20,2025-09-02 15:00:15,M1,188.989,41.21
3472,2025-05-02,Available,France,Standard,Direct Sales,2025-10-17,23,2025-08-27 10:42:17,2025-09-02 15:00:08,M1,44.788,41.21
3473,2025-05-02,Available,Britain,Business,Agency,2025-09-26,16,2025-08-27 10:40:05,2025-09-08 08:14:19,M1,17.248,46.929
3474,2025-05-02,Available,France,Standard,Direct Sales,2025-10-08,23,,2025-08-26 16:17:46,M1,42.906,34.264
3475,2025-05-02,Available,Denmark,Standard,Agency,2025-09-29,18,,2025-08-26 16:05:08,M1,33.775,34.255
3476,2025-05-02,Available,Denmark,Standard,Agency,2025-09-22,18,,2025-08-26 16:05:11,M1,26.742,34.255
3477,2025-05-02,Available,Denmark,Demo,Agency,2025-09-30,18,,2025-08-26 16:05:07,M1,34.926,34.255
3478,2025-05-02,Available,France,Standard,Direct Sales,2025-10-07,23,,2025-08-26 16:18:30,M1,41.894,34.265
3479,2025-05-02,Available,France,Standard,Direct Sales,2025-10-07,23,,2025-08-26 16:18:28,M1,41.864,34.265
3480,2025-05-02,Available,France,Standard,Direct Sales,2025-10-08,23,,2025-08-26 16:18:32,M1,42.907,34.265
3481,2025-05-02,Available,France,Standard,Direct Sales,2025-10-08,23,,2025-08-26 16:17:53,M1,42.858,34.264
3482,2025-06-05,Available,Britain,Standard,Agency,2025-10-31,19,2025-09-12 11:05:10,2025-09-30 08:54:55,M1,31.233,68.957
3483,2025-06-05,Available,Britain,Standard,Agency,2025-11-10,5,2025-09-12 11:02:20,2025-09-30 08:54:53,M1,41.142,68.957
3484,2025-06-05,Available,Britain,Standard,Agency,2025-11-04,19,2025-09-12 11:05:08,2025-09-30 08:54:54,M1,35.14,68.957
3485,2025-06-05,Available,Britain,Business,Agency,2025-10-11,4,2025-09-12 11:05:07,2025-09-30 08:50:27,M1,15.299,68.954
3486,2025-06-05,Available,Britain,Standard,Agency,2025-10-17,5,2025-09-12 11:02:28,2025-09-30 08:55:10,M1,15.13,68.957
3487,2025-06-05,Available,Britain,Standard,Agency,2025-11-14,19,2025-09-12 11:02:31,2025-09-30 08:55:11,M1,45.151,68.957
3488,2025-06-05,Available,Britain,Standard,Agency,2025-11-07,19,2025-09-12 11:02:15,2025-09-30 08:54:49,M1,37.984,68.957
3489,2025-06-05,Available,Britain,Standard,Agency,2025-11-10,19,2025-09-12 11:03:22,2025-09-30 08:55:04,M1,41.124,68.957
3490,2025-06-05,Available,Netherlands,Standard,Direct Sales,2025-09-18,23,,2025-09-08 13:38:08,M1,10.141,47.153
3491,2025-06-05,Reserved,Britain,Standard,Agency,2025-10-24,19,2025-09-12 11:00:02,2025-09-30 08:55:09,M1,24.271,68.957
3492,2025-06-05,Available,Britain,Standard,Agency,2025-11-27,4,2025-09-12 11:03:20,2025-09-30 08:50:33,M1,58.252,68.954
3493,2025-06-05,Available,Britain,Standard,Agency,2025-11-14,4,2025-09-12 11:03:13,2025-09-30 08:50:26,M1,44.986,68.954
3494,2025-06-05,Available,Britain,Standard,Agency,2025-11-26,19,2025-09-12 11:03:10,2025-09-30 08:54:50,M1,57.268,68.957
3495,2025-06-05,Available,Britain,Standard,Agency,2025-11-07,19,2025-09-12 11:03:09,2025-09-30 08:55:09,M1,38.24,68.957
3496,2025-06-05,Available,Britain,Standard,Agency,2025-11-13,19,2025-09-12 11:00:09,2025-09-30 08:54:50,M1,44.191,68.957
3497,2025-06-05,Available,Britain,Standard,Agency,2025-12-01,4,2025-09-12 11:03:24,2025-09-30 08:50:29,M1,62.201,68.954
3498,2025-06-05,Available,Britain,Standard,Agency,2025-11-10,5,2025-09-12 11:05:01,2025-09-30 08:50:35,M1,41.149,68.954
3499,2025-06-05,Available,Britain,Standard,Agency,2025-11-05,5,2025-09-12 11:02:32,2025-09-30 08:50:27,M1,36.278,68.954
3500,2025-06-05,Available,Britain,Standard,Agency,2025-11-13,5,2025-09-12 11:03:22,2025-09-30 08:50:34,M1,44.233,68.954
3501,2025-06-05,Available,Britain,Standard,Agency,2025-11-25,4,2025-09-12 11:02:31,2025-09-30 08:50:26,M1,56.24,68.954
3502,2025-06-05,Available,Britain,Standard,Agency,2025-11-06,16,2025-09-12 11:03:05,2025-09-30 08:50:34,M1,36.232,68.954
3503,2025-06-05,Available,Britain,Standard,Agency,2025-11-05,16,2025-09-12 11:02:30,2025-09-30 08:50:26,M1,35.007,68.953
3504,2025-06-05,Available,Britain,Standard,Agency,2025-10-08,16,2025-09-12 11:03:03,2025-09-30 08:55:15,M1,7.99,68.957
3505,2025-06-05,Available,Britain,Standard,Agency,2025-10-10,19,2025-09-12 11:03:21,2025-09-30 08:54:51,M1,10.195,68.956
3506,2025-06-05,Available,Britain,Standard,Agency,2025-10-09,19,2025-09-12 11:03:12,2025-09-30 08:55:03,M1,9.233,68.957
3507,2025-06-05,Available,Britain,Standard,Agency,2025-10-15,19,2025-09-12 11:03:14,2025-09-30 08:54:52,M1,15.186,68.956
3508,2025-06-05,Available,Britain,Standard,Agency,2025-10-23,19,2025-09-12 11:03:04,2025-09-30 08:55:17,M1,23.155,68.957
3509,2025-06-05,Available,France,Standard,Direct Sales,2025-11-06,23,,2025-09-19 09:31:57,M1,48.249,49.756
3510,2025-06-05,Available,Netherlands,Standard,Direct Sales,2025-09-24,23,,2025-09-05 10:46:11,M1,19.215,44.034
3511,2025-06-05,Available,Britain,Standard,Agency,2025-10-27,19,2025-09-12 11:03:06,2025-09-30 08:55:17,M1,27.228,68.957
3512,2025-06-26,Available,France,Standard,Direct Sales,2025-11-06,23,2025-10-15 11:55:24,2025-10-16 11:37:09,M1,21.08,48.922
3513,2025-06-26,Available,Denmark,Standard,Agency,2025-11-06,22,2025-10-15 11:56:19,2025-10-16 11:37:23,M1,21.211,48.923
3514,2025-06-26,Available,Britain,Standard,Agency,2025-11-24,9,2025-10-15 11:55:20,2025-10-30 10:12:41,M1,25.126,62.864
3515,2025-06-26,Available,Britain,Standard,Agency,2025-11-28,9,2025-10-15 11:55:24,2025-10-30 10:12:30,M1,29.202,62.798
3516,2025-06-26,Available,Britain,Standard,Agency,2025-11-15,9,2025-10-15 11:52:20,2025-10-30 10:12:38,M1,16.121,62.798
3517,2025-06-26,Available,Britain,Standard,Agency,2025-11-28,9,2025-10-15 11:52:01,2025-10-30 10:12:29,M1,28.383,62.864
3518,2025-06-26,Available,France,Standard,Direct Sales,2025-12-08,23,2025-10-15 11:55:12,2025-10-16 11:36:57,M1,53.005,48.922
3519,2025-06-26,Available,Netherlands,Standard,Direct Sales,2025-11-07,23,2025-10-15 11:56:06,2025-10-16 11:37:16,M1,22.06,48.922
3520,2025-06-26,Available,France,Standard,Direct Sales,2025-11-24,23,2025-10-15 11:56:16,2025-10-16 11:37:22,M1,38.97,48.923
3521,2025-06-26,Available,France,Standard,Direct Sales,2025-11-28,23,2025-10-27 11:33:14,2025-10-29 10:48:21,M1,30.095,55.124
3522,2025-06-26,Available,France,Standard,Direct Sales,2025-12-08,23,2025-10-27 11:33:18,2025-10-29 10:48:23,M1,40.033,55.124
3523,2025-06-26,Available,France,Standard,Direct Sales,2025-11-17,23,2025-10-15 11:54:22,2025-10-16 11:36:47,M1,32.254,48.922
3524,2025-06-26,Available,France,Standard,Direct Sales,2025-11-28,23,2025-10-15 11:56:18,2025-10-16 11:37:22,M1,43.084,48.857
3525,2025-06-26,Available,France,Standard,Direct Sales,2025-11-18,23,2025-10-15 11:54:02,2025-10-16 11:37:21,M1,33.009,45.162
3526,2025-06-26,Available,Denmark,Standard,Agency,2025-11-19,17,2025-10-27 11:31:11,2025-11-03 16:38:32,M1,15.907,60.367
3527,2025-06-26,Available,France,Standard,Direct Sales,2026-02-06,23,2025-10-15 11:55:13,2025-10-17 16:27:14,M1,111.97,50.124
3528,2025-08-05,Available,Denmark,Standard,Agency,2025-12-15,18,2025-11-17 13:10:02,2025-11-18 16:13:52,M1,30.718,64.32
3529,2025-08-05,Available,Denmark,Standard,Agency,2025-11-27,18,2025-11-17 13:17:17,2025-11-18 16:14:22,M1,9.871,64.32
3530,2025-08-05,Available,Denmark,Standard,Agency,2025-12-02,18,2025-11-17 13:10:08,2025-11-18 16:13:56,M1,13.949,64.32
3531,2025-08-05,Available,Denmark,Standard,Agency,2025-12-18,18,2025-11-17 13:08:09,2025-11-18 16:13:36,M1,30.715,64.32
3532,2025-08-05,Available,Denmark,Standard,Agency,2026-01-06,18,2025-11-17 13:12:11,2025-11-18 16:14:19,M1,48.825,64.32
3533,2025-08-05,Available,Denmark,Standard,Agency,2025-12-02,18,2025-11-17 13:09:01,2025-11-18 16:13:43,M1,19.78,64.32
3534,2025-08-05,Available,Denmark,Standard,Agency,2025-12-17,18,2025-11-17 13:13:14,2025-11-18 16:13:39,M1,29.754,64.32
3535,2025-08-05,Available,Britain,Standard,Agency,2025-12-09,5,2025-11-17 13:08:10,2025-11-26 21:03:57,M1,6.657,65.367
3536,2025-08-05,Available,Denmark,Standard,Agency,2026-01-10,18,2025-11-17 13:17:17,2025-11-18 16:14:22,M1,51.879,57.166
3537,2025-08-05,Available,Britain,Standard,Agency,2025-12-23,19,2025-11-17 13:13:12,2025-11-26 20:35:11,M1,26.736,65.347
3538,2025-08-05,Available,Switzerland,Standard,Agency,2025-12-20,11,2025-11-17 13:08:09,2025-11-25 15:03:29,M1,25.255,64.117
3539,2025-08-05,Available,Britain,Standard,Agency,2025-12-08,4,2025-11-25 15:33:24,2025-11-29 10:22:35,M1,9.048,67.922
3540,2025-08-05,Available,Belgium,Business,Agency,2026-01-13,12,2025-11-25 15:30:09,2025-11-28 13:16:10,M1,54.149,67.042
3541,2025-08-05,Available,Switzerland,Display,Agency,2025-12-08,11,2025-11-25 15:33:09,2025-11-27 11:09:54,M1,10.828,65.955
3542,2025-08-05,Available,Britain,Standard,Agency,2026-01-30,9,2025-12-23 10:29:08,2026-01-09 08:34:28,M1,21.098,80.953
3543,2025-08-05,Available,Britain,Standard,Agency,2026-02-17,9,2025-12-23 10:36:10,2026-01-08 09:12:27,M1,40.291,79.979
3544,2025-08-05,Available,Britain,Standard,Agency,2026-03-02,9,2025-12-23 10:35:10,2026-01-08 09:13:58,M1,53.23,79.98
3545,2025-08-05,Available,Britain,Business,Agency,2026-03-10,9,2025-12-23 10:32:05,2026-01-06 16:46:42,M1,62.93,78.294
3546,2025-08-05,Available,Britain,Standard,Agency,2026-01-09,5,2025-12-23 10:35:06,2026-01-05 08:07:09,M1,4.162,74.963
3547,2025-08-05,Available,Switzerland,Standard,Agency,2026-01-24,11,2026-01-06 17:21:12,2026-01-20 15:07:00,M1,4.193,89.252
3548,2025-08-05,Available,Britain,Standard,Agency,2026-01-26,9,2025-12-23 10:33:12,2026-01-08 09:12:28,M1,18.201,76.679
3549,2025-08-05,Available,Britain,Standard,Agency,2026-03-10,9,2025-12-23 10:32:09,2026-01-08 09:12:29,M1,61.215,76.679
3550,2025-08-05,Available,Belgium,Standard,Agency,2026-01-30,20,2026-01-06 17:21:05,2026-01-07 12:01:36,M1,20.985,75.797
3551,2025-08-05,Available,Britain,Business,Agency,2026-03-10,9,2025-12-23 10:36:03,2026-01-08 13:38:35,M1,61.063,76.864
3552,2025-08-05,Available,Britain,Standard,Agency,2026-01-23,9,2025-12-23 10:33:13,2026-01-09 08:34:28,M1,14.078,76.977
3553,2025-08-05,Available,Britain,Standard,Agency,2026-02-06,15,2025-12-23 10:29:09,2026-01-08 19:08:59,M1,27.922,76.418
3554,2025-08-05,Available,Belgium,Standard,Agency,2026-02-04,20,2026-01-06 17:21:03,2026-01-07 12:01:30,M1,26.926,75.121
3555,2025-08-05,Available,Belgium,Standard,Agency,2026-01-23,20,2026-01-06 17:21:17,2026-01-07 12:01:39,M1,14.913,75.121
3556,2025-06-26,Available,Britain,Standard,Agency,2026-04-11,9,2025-12-23 10:29:24,2026-01-09 08:34:28,M1,92.042,76.977
3557,2025-06-26,Available,Britain,Standard,Agency,2026-03-10,9,2025-12-23 10:28:16,2026-01-08 09:12:29,M1,61.219,75.952
3558,2025-06-26,Available,Britain,Standard,Agency,2026-01-30,15,2025-12-23 10:30:23,2026-01-06 12:17:57,M1,22.084,74.081
3559,2025-06-26,Available,Britain,Standard,Agency,2026-02-05,15,2025-12-23 10:28:17,2026-01-06 12:17:57,M1,27.917,71.196
3560,2025-06-26,Available,Britain,Standard,Agency,2026-01-29,15,2025-12-23 10:30:22,2026-01-06 12:17:56,M1,22.967,71.196
3561,2025-06-26,Available,Britain,Standard,Agency,2026-01-16,9,2025-12-23 10:27:14,2026-01-08 09:12:28,M1,8.142,73.067
3562,2025-06-26,Available,Britain,Standard,Agency,2026-02-04,9,2025-12-23 10:27:19,2026-01-06 16:46:38,M1,28.829,71.382
3563,2025-06-26,Available,Britain,Standard,Agency,2026-01-17,9,2025-12-23 10:28:15,2026-01-09 09:37:36,M1,8.022,74.084
3564,2025-06-26,Available,Britain,Standard,Agency,2026-01-30,15,2025-12-23 10:29:15,2026-01-06 12:17:55,M1,20.022,71.195
3565,2025-06-26,Available,Britain,Standard,Agency,2026-01-08,5,2025-12-23 10:27:04,2026-01-05 08:07:07,M1,3.169,70.021
3566,2025-06-26,Available,Britain,Standard,Agency,2026-01-27,15,2025-12-23 10:27:21,2026-01-06 12:17:56,M1,20.906,71.195
3567,2025-06-26,Available,Britain,Standard,Agency,2026-02-18,15,2025-12-23 10:28:16,2026-01-08 19:10:49,M1,38.771,73.482
3568,2025-06-26,Available,Britain,Standard,Agency,2026-01-27,4,2025-12-23 10:28:03,2026-01-02 10:30:41,M1,24.108,67.121
3569,2025-06-26,Available,Britain,Standard,Agency,2026-03-05,4,2025-12-23 10:28:23,2026-01-01 14:56:13,M1,60.871,66.305
3570,2025-06-26,Available,Britain,Standard,Agency,2026-02-09,4,2025-12-23 10:27:06,2026-01-02 10:30:39,M1,58.975,67.121
3571,2025-06-26,Available,Britain,Standard,Agency,2026-01-15,4,2025-12-23 10:27:25,2026-01-06 13:57:01,M1,8.825,71.264
3572,2025-06-26,Available,Belgium,Standard,Agency,2026-03-03,20,2026-01-06 17:21:10,2026-01-16 15:17:59,M1,45.89,81.08
3573,2025-06-26,Available,Britain,Standard,Agency,2026-01-09,5,2025-12-23 10:28:03,2026-01-05 08:07:10,M1,3.438,69.781
3574,2025-06-26,Available,Belgium,Standard,Agency,2026-01-27,20,2026-01-06 17:21:02,2026-01-07 12:01:27,M1,19.142,71.623
3575,2025-06-26,Available,Belgium,Standard,Agency,2026-02-27,20,2026-01-06 17:21:01,2026-01-07 12:01:28,M1,51.126,70.826
3576,2025-06-26,Available,Belgium,Standard,Agency,2026-01-22,20,2026-01-06 17:21:08,2026-01-07 12:01:44,M1,14.876,70.122
3577,2025-06-26,Available,Belgium,Standard,Agency,2026-02-13,20,2026-01-06 17:21:02,2026-01-07 12:01:29,M1,35.227,70.122
3578,2025-08-05,Available,Belgium,Standard,Agency,2026-01-21,20,2026-01-13 08:32:02,2026-01-14 12:00:20,M1,6.181,72.12
3579,2025-08-05,Available,Belgium,Standard,Agency,2026-02-20,20,2026-01-13 08:32:18,2026-01-14 12:00:19,M1,36.144,72.12
3580,2025-08-05,Available,Belgium,Standard,Agency,2026-01-29,20,2026-01-13 08:32:47,2026-01-14 12:00:20,M1,13.93,71.031
3581,2025-08-05,Available,Belgium,Standard,Agency,2026-02-07,20,2026-01-16 08:38:17,2026-01-16 15:18:09,M2,19.949,73.168
3582,2025-08-05,Available,Germany,Standard,Direct Sales,2026-03-20,23,2026-01-16 08:38:14,2026-01-26 14:01:54,M2,52.869,82.992
3583,2025-08-05,Available,Belgium,Standard,Agency,2026-01-31,20,2026-01-13 08:32:58,2026-01-14 12:00:20,M1,15.091,70.811
3584,2025-08-05,Available,Netherlands,Standard,Direct Sales,2026-03-10,23,2026-01-16 08:38:21,2026-03-05 13:39:12,M2,5.169,120.188
3585,2025-08-05,Available,Belgium,Standard,Agency,2026-02-20,20,2026-01-13 08:33:03,2026-01-14 12:00:19,M1,34.939,70.119
3586,2025-09-05,Available,Belgium,Standard,Agency,2026-03-04,20,2026-01-28 11:05:13,2026-02-02 10:32:04,M2,29.253,88.825
3587,2025-09-05,Available,Britain,Standard,Agency,2026-03-04,16,2026-01-13 08:32:37,2026-01-28 17:11:39,M1,33.755,84.037
3588,2025-09-05,Available,France,Standard,Direct Sales,2026-03-09,23,2026-01-28 11:05:09,2026-03-03 10:09:11,M2,6.217,117.554
3589,2025-09-05,Available,Belgium,Standard,Agency,2026-03-04,20,2026-01-28 11:05:10,2026-02-02 10:32:05,M2,29.948,88.57
3590,2025-08-05,Available,Britain,Standard,Agency,2026-03-11,5,2026-01-16 08:38:09,2026-02-13 10:55:54,M2,38.308,98.839
3591,2025-09-05,Available,Britain,Standard,Agency,2026-03-06,19,2026-01-13 08:32:10,2026-01-28 09:24:08,M1,37.094,82.776
3592,2025-09-05,Available,Britain,Standard,Agency,2026-02-13,19,2026-01-13 08:32:33,2026-01-28 17:11:28,M1,15.732,82.343
3593,2025-09-05,Available,Britain,Standard,Agency,2026-02-26,15,2026-01-13 08:32:26,2026-01-28 17:11:51,M1,28.829,82.343
3594,2025-08-05,Available,Britain,Standard,Agency,2026-02-18,5,2026-01-16 08:38:08,2026-02-13 10:55:56,M2,18.967,98.082
3595,2025-09-05,Available,Britain,Standard,Agency,2026-02-20,16,2026-01-13 08:32:56,2026-01-28 17:11:44,M1,21.706,82.343
3596,2025-09-05,Available,Britain,Standard,Agency,2026-02-16,19,2026-01-13 08:32:49,2026-01-28 17:11:32,M1,18.811,80.269
3597,2025-09-05,Available,Britain,Standard,Agency,2026-03-03,19,2026-01-13 08:32:57,2026-01-28 17:11:48,M1,33.69,80.269
3598,2025-10-13,Available,Netherlands,Standard,Direct Sales,2026-01-30,23,2026-01-13 08:33:04,2026-01-14 10:57:05,M1,16.018,66.009
3599,2025-09-05,Available,Britain,Standard,Agency,2026-04-06,16,2026-01-13 08:32:51,2026-01-28 17:11:38,M1,67.633,80.269
3600,2025-09-05,Available,Britain,Business,Agency,2026-02-27,16,2026-01-13 08:33:00,2026-01-28 17:11:54,M1,28.693,80.269
3601,2025-10-13,Available,Britain,Standard,Agency,2026-03-10,9,2026-01-13 08:32:56,2026-01-28 17:11:45,M1,40.891,79.412
3602,2025-10-13,Available,Britain,Standard,Agency,2026-03-06,9,2026-01-13 08:32:46,2026-01-28 17:12:09,M1,36.821,79.412
3603,2025-10-13,Available,Britain,Standard,Agency,2026-03-10,9,2026-01-13 08:33:03,2026-01-28 17:12:02,M1,40.855,79.412
3604,2025-10-13,Available,Britain,Standard,Agency,2026-03-10,9,2026-01-13 08:32:46,2026-01-28 17:12:09,M1,40.906,79.412
3605,2025-10-13,Available,Britain,Business,Agency,2026-03-03,19,2026-01-13 08:32:00,2026-01-28 17:11:27,M1,33.813,76.284
3606,2025-10-13,Available,Britain,Standard,Agency,2026-03-10,19,2026-01-13 08:32:31,2026-01-28 09:24:08,M1,40.969,75.959
3607,2025-10-13,Available,Britain,Standard,Agency,2026-02-11,19,2026-01-13 08:32:13,2026-01-28 17:11:57,M1,13.77,76.284
3608,2025-10-13,Available,Britain,Standard,Agency,2026-03-10,19,2026-01-13 08:32:21,2026-01-27 17:25:34,M1,40.894,75.294
3609,2025-10-13,Available,Britain,Standard,Agency,2026-03-10,19,2026-01-13 08:32:39,2026-01-28 09:24:09,M1,41.265,75.959
3610,2025-10-13,Available,Netherlands,Standard,Direct Sales,2026-02-13,23,2026-01-13 08:32:44,2026-01-26 14:01:53,M1,18.066,74.152
3611,2025-09-05,Available,Britain,Standard,Agency,2026-03-03,4,2026-01-13 08:32:27,2026-01-28 17:11:52,M1,33.807,76.284
3612,2025-09-05,Available,Britain,Standard,Agency,2026-02-19,5,2026-01-13 08:32:29,2026-01-28 17:11:57,M1,21.903,76.284
3613,2025-09-05,Available,Britain,Standard,Agency,2026-03-03,5,2026-01-13 08:32:43,2026-01-28 17:11:56,M1,34.705,76.284
3614,2025-09-05,Available,Britain,Standard,Agency,2026-02-04,5,2026-01-13 08:32:37,2026-01-28 17:11:37,M1,6.732,76.284
3615,2025-10-13,Available,Britain,Standard,Agency,2026-02-27,16,2026-01-13 08:32:24,2026-01-28 17:11:46,M1,28.655,76.284
3616,2025-10-13,Available,Belgium,Standard,Agency,2026-02-17,20,2026-01-28 11:05:11,2026-02-02 10:32:00,M2,14.936,81.006
3617,2025-09-05,Available,Netherlands,Standard,Direct Sales,2026-02-06,23,2026-01-13 08:32:54,2026-01-26 14:01:54,M1,10.888,74.152
3618,2025-10-13,Available,France,Standard,Direct Sales,2026-02-24,23,2026-01-13 08:32:07,2026-01-14 10:56:51,M1,41.106,62.024
3619,2025-10-13,Available,Belgium,Standard,Agency,2026-03-07,20,2026-01-28 11:05:10,2026-02-02 10:31:56,M2,32.011,81.006
3620,2025-10-13,Available,France,Standard,Direct Sales,2026-02-24,23,2026-01-13 08:32:17,2026-01-14 10:56:33,M1,41.109,62.023
3621,2025-10-13,Available,Britain,Standard,Agency,2026-02-09,16,2026-01-13 08:32:25,2026-01-28 17:11:47,M1,11.674,76.284
3622,2025-09-05,Available,Belgium,Standard,Agency,2026-04-02,20,2026-01-28 11:05:04,2026-02-02 10:32:04,M2,58.214,80.807
3623,2025-09-05,Available,Belgium,Standard,Agency,2026-04-07,2,2026-01-28 11:05:06,2026-02-03 13:32:34,M2,62.868,76.114
3624,2025-09-05,Available,Belgium,Service,Agency,2026-03-10,2,2026-01-28 11:05:03,2026-02-03 13:32:35,M2,35.013,76.114
3625,2025-09-05,Available,Belgium,Standard,Agency,2026-03-06,26,2026-01-28 11:05:08,2026-02-02 10:32:02,M2,32.127,73.822
3626,2025-09-05,Available,Netherlands,Standard,Direct Sales,2026-03-10,23,2026-01-28 11:05:03,2026-02-27 16:59:23,M2,11.01,99.091
3627,2025-09-05,Available,France,Standard,Direct Sales,2026-03-10,23,,2026-02-10 15:04:21,M2,27.983,77.139
3628,2025-09-05,Available,France,Standard,Direct Sales,2026-03-10,23,,2026-02-10 15:04:19,M2,27.985,77.139
3629,2025-09-05,Available,France,Standard,Direct Sales,2026-03-25,23,,2026-02-10 15:04:19,M2,42.878,75.198
3630,2025-09-05,Available,Britain,Standard,Agency,2026-03-10,19,2026-02-13 10:54:18,2026-02-18 15:41:36,M2,19.992,83.224
3631,2025-09-05,Available,Britain,Standard,Agency,2026-03-10,19,2026-02-13 10:53:15,2026-02-18 15:41:17,M2,19.947,83.224
3632,2025-09-05,Available,France,Standard,Direct Sales,2026-03-11,23,,2026-02-11 08:59:50,M2,28.091,75.945
3633,2025-09-05,Available,France,Standard,Direct Sales,2026-03-10,23,,2026-02-10 15:04:21,M2,27.984,75.198
3634,2025-09-05,Available,France,Standard,Direct Sales,2026-03-10,23,,2026-02-10 15:04:14,M2,28.03,75.198
3635,2025-09-05,Available,France,Standard,Direct Sales,2026-03-02,23,,2026-02-11 08:59:48,M2,19.272,75.945
3636,2025-09-05,Available,Britain,Standard,Agency,2026-03-04,19,2026-02-13 10:54:14,2026-02-18 15:41:10,M2,19.801,83.224
3637,2025-09-05,Available,France,Standard,Direct Sales,2026-04-03,23,,2026-02-11 08:59:50,M2,51.152,75.945
3638,2025-10-13,Available,Britain,Display,Agency,2026-04-09,19,2026-03-04 12:09:06,2026-03-24 12:50:23,M2,15.972,117.105
3639,2025-10-13,Available,Britain,Display,Agency,2026-04-09,19,2026-03-04 12:09:48,2026-03-24 12:50:31,M2,15.957,117.105
3640,2025-10-13,Available,France,Standard,Direct Sales,2026-03-02,23,,2026-02-13 10:38:33,M2,17.007,78.014
3641,2025-10-13,Available,France,Standard,Direct Sales,2026-03-10,23,,2026-02-11 08:59:52,M2,27.245,75.945
3642,2025-10-13,Available,France,Standard,Direct Sales,2026-03-09,23,,2026-02-11 08:59:54,M2,26.293,74.677
3643,2025-10-13,Available,Britain,Standard,Agency,2026-03-03,4,2026-02-13 10:52:01,2026-02-18 15:41:00,M2,18.794,79.339
3644,2025-10-13,Available,Britain,Standard,Agency,2026-03-03,4,2026-02-13 10:52:09,2026-02-18 15:41:23,M2,18.796,79.339
3645,2025-10-13,Available,France,Standard,Direct Sales,2026-03-03,23,,2026-02-13 10:38:34,M2,18.027,74.129
3646,2025-10-13,Available,Britain,Standard,Agency,2026-03-03,4,2026-02-13 10:52:11,2026-02-18 15:41:33,M2,18.798,79.339
3647,2025-10-13,Reserved,Britain,Standard,Agency,2026-03-26,6,2026-02-13 10:52:03,2026-02-18 15:41:05,M2,35.802,79.339
3648,2025-10-13,Available,Britain,Standard,Agency,2026-03-11,4,2026-02-13 10:53:27,2026-02-18 15:41:38,M2,29.673,79.339
3649,2025-10-13,Available,Britain,Standard,Agency,2026-03-11,4,2026-02-13 10:52:10,2026-02-18 15:41:31,M2,29.68,79.339
3650,2025-10-13,Reserved,Britain,Standard,Agency,2026-03-10,6,2026-02-13 10:54:01,2026-02-18 15:41:00,M2,19.972,79.339
3651,2025-10-13,Available,Britain,Standard,Agency,2026-04-09,19,2026-02-13 10:52:05,2026-02-18 15:41:11,M2,49.782,79.339
3652,2025-10-13,Available,Britain,Display,Agency,2026-04-09,19,2026-02-13 10:52:07,2026-02-18 15:41:17,M2,49.872,71.263
3653,2025-10-13,Available,Belgium,Business,Agency,2026-04-17,20,2026-03-04 12:07:25,2026-03-12 13:12:44,M2,,87.167
3654,2025-10-13,Available,Belgium,Standard,Agency,2026-03-31,20,2026-03-04 12:07:23,2026-03-12 13:12:34,M2,17.981,87.166
3655,2025-10-30,Available,Britain,Standard,Agency,2026-04-09,6,2026-02-27 13:23:01,2026-03-19 16:10:21,M2,20.753,92.285
3656,2025-10-30,Available,Netherlands,Standard,Direct Sales,2026-03-31,23,2026-02-27 13:23:30,2026-03-12 13:12:42,M2,18.99,83.039
3657,2025-10-30,Available,France,Standard,Direct Sales,2026-03-09,23,2026-02-27 13:23:17,2026-03-03 15:08:19,M2,5.758,74.119
3658,2025-10-30,Available,Netherlands,Standard,Direct Sales,2026-03-18,23,2026-02-27 13:24:34,2026-03-05 13:01:19,M2,13.134,76.031
3659,2025-10-30,Available,Netherlands,Standard,Direct Sales,2026-03-27,23,2026-02-27 13:23:28,2026-03-05 13:01:12,M2,22.146,76.031
3660,2025-10-30,Available,France,Standard,Direct Sales,2026-03-04,23,2026-02-27 13:23:31,2026-03-03 15:08:28,M2,0.824,74.12
3661,2025-10-30,Available,Netherlands,Standard,Direct Sales,2026-04-09,24,2026-02-27 13:25:18,2026-03-27 08:27:26,M2,13.28,97.841
3662,2025-10-30,Available,Netherlands,Standard,Direct Sales,2026-03-27,23,2026-02-27 13:25:40,2026-03-05 13:01:21,M2,22.145,76.031
3663,2025-10-30,Available,Netherlands,Standard,Direct Sales,2026-03-31,23,2026-02-27 13:22:24,2026-03-05 13:01:18,M2,26.078,73.175
3664,2025-11-28,Available,Denmark,Standard,Agency,2026-04-07,17,2026-03-02 09:20:28,2026-03-12 13:12:30,M2,25.943,80.183
3665,2025-11-28,Available,France,Standard,Direct Sales,2026-04-09,23,2026-03-02 09:17:23,2026-03-19 13:11:29,M2,20.959,87.182
3666,2025-10-30,Available,Netherlands,Standard,Direct Sales,2026-04-09,24,2026-02-27 13:25:02,2026-03-05 13:01:13,M2,35.095,73.175
3667,2025-11-28,Available,Denmark,Standard,Agency,2026-04-01,17,2026-03-02 09:17:06,2026-03-12 13:12:36,M2,20.12,80.183
3668,2025-11-28,Available,Denmark,Standard,Agency,2026-04-17,17,2026-03-02 09:17:05,2026-03-12 13:12:35,M2,36.039,80.183
3669,2025-11-28,Available,Germany,Standard,Direct Sales,2026-04-09,23,2026-03-02 09:21:09,2026-03-25 10:55:35,M2,15.141,93.088
3670,2025-11-28,Available,Britain,Display,Agency,2026-04-09,19,2026-03-02 09:21:12,2026-03-24 12:50:21,M2,15.976,91.094
3671,2025-11-28,Available,Britain,Standard,Agency,2026-04-16,19,2026-03-02 09:21:11,2026-03-24 12:50:33,M2,22.989,91.094
3672,2025-11-28,Available,Britain,Display,Agency,2026-04-09,19,2026-03-02 09:17:18,2026-03-24 12:50:27,M2,15.975,90.971
3673,2025-11-28,Available,Britain,Standard,Agency,2026-04-16,19,2026-03-02 09:17:28,2026-03-24 12:50:33,M2,22.967,90.849
3674,2025-11-28,Available,Britain,Display,Agency,2026-04-09,19,2026-03-02 09:18:28,2026-03-24 12:50:33,M2,15.981,90.058
3675,2025-11-28,Available,Britain,Display,Agency,2026-04-09,19,2026-03-02 09:17:25,2026-03-24 12:50:33,M2,,90.058
3676,2025-11-28,Available,Britain,Display,Agency,2026-04-09,19,2026-03-02 09:17:03,2026-03-24 12:50:29,M2,15.981,90.058
3677,2025-11-28,Available,Belgium,Standard,Agency,2026-03-10,20,2026-03-02 09:17:03,2026-03-02 14:48:00,M2,7.773,66.228
3678,2025-11-28,Available,Belgium,Standard,Agency,2026-03-27,20,2026-03-02 09:17:23,2026-03-02 14:48:01,M2,23.817,63.234
3679,2025-11-28,Available,Belgium,Standard,Agency,2026-04-03,26,2026-03-02 09:20:29,2026-03-02 14:48:04,M2,30.932,63.234
3680,2025-11-28,Available,Britain,Display,Agency,2026-04-09,19,2026-03-02 09:17:03,2026-03-24 12:50:27,M2,,84.995
3681,2025-12-30,Available,France,Standard,Direct Sales,2026-04-03,23,,2026-03-19 13:11:25,M2,15.048,74.098
3682,2025-12-30,Available,France,Standard,Direct Sales,2026-04-03,23,,2026-03-19 13:11:27,M2,15.051,74.098
3683,2025-12-30,Available,France,Standard,Direct Sales,2026-03-31,23,,2026-03-19 13:11:28,M2,12.1,74.098
3684,2025-12-30,Available,France,Standard,Direct Sales,2026-04-09,23,,2026-03-19 13:11:27,M2,21.064,74.098
3685,2025-12-30,Available,France,Standard,Direct Sales,2026-04-03,23,,2026-03-19 13:11:22,M2,15.01,66.095
3686,2025-12-30,Available,France,Standard,Direct Sales,2026-03-31,23,,2026-03-19 13:11:32,M2,12.123,72.912
3687,2025-12-30,Available,France,Standard,Direct Sales,2026-04-02,23,,2026-03-19 13:11:33,M2,13.903,72.176
3688,2025-12-30,Available,France,Standard,Direct Sales,2026-04-03,23,,2026-03-19 13:11:24,M2,15.014,72.176
3689,2025-12-30,Available,France,Standard,Direct Sales,2026-04-03,23,,2026-03-19 13:11:23,M2,15.014,70.994
3690,2025-12-30,Available,France,Standard,Direct Sales,2026-03-31,23,,2026-03-19 13:11:29,M2,12.097,70.179
3691,2025-12-30,Available,France,Standard,Direct Sales,2026-03-31,23,,2026-03-20 09:18:28,M2,11.259,71.017
3692,2025-12-30,Available,France,Standard,Direct Sales,2026-04-03,23,,2026-03-20 09:18:37,M2,14.182,71.017
3693,,Available,France,Standard,Direct Sales,2025-05-06,23,2025-04-08 14:52:14,,M0,,
3694,,Reserved,Britain,Standard,Agency,2025-05-01,16,2025-04-08 14:53:17,,M0,,
3695,,Available,France,Standard,Direct Sales,2025-05-09,23,2025-04-08 14:51:05,,M0,,
3696,,Reserved,Britain,Standard,Agency,2025-05-22,16,2025-04-08 14:50:23,,M0,,
3697,,Reserved,Britain,Standard,Agency,2025-05-16,16,2025-04-08 14:51:19,,M0,,
3698,,Available,France,Standard,Direct Sales,2025-04-29,23,2025-04-08 14:55:22,,M0,,
3699,,Reserved,Britain,Standard,Agency,2025-05-07,19,2025-04-08 14:53:03,,M0,,
3700,,Available,France,Standard,Direct Sales,2025-05-09,23,2025-04-08 14:52:04,,M0,,
3701,,Reserved,Britain,Standard,Agency,2025-06-19,16,2025-04-08 14:54:05,,M0,,
3702,,Reserved,Britain,Standard,Agency,2025-05-06,16,2025-04-08 14:56:02,,M0,,
3703,,Available,France,Standard,Direct Sales,2025-04-29,23,2025-04-08 14:53:14,,M0,,
3704,,Reserved,Britain,Standard,Agency,2025-05-29,19,2025-04-21 10:03:12,,M0,,
3705,,Available,Britain,Standard,Agency,2025-09-10,16,2025-04-21 10:05:07,,M0,,
3706,,Reserved,Britain,Standard,Agency,2025-05-09,16,2025-04-21 10:04:16,,M0,,
3707,,Available,France,Standard,Direct Sales,2025-05-07,23,2025-04-08 14:54:20,,M0,,
3708,,Available,Netherlands,Standard,Direct Sales,2025-04-29,23,2025-04-08 14:57:13,,M0,,
3709,,Available,France,Standard,Direct Sales,2025-05-02,23,2025-04-08 14:56:03,,M0,,
3710,,Available,France,Standard,Direct Sales,2025-06-09,23,2025-05-05 08:34:04,,M0,,
3711,,Available,France,Standard,Direct Sales,2025-05-23,23,2025-05-05 08:37:24,,M0,,
3712,,Available,France,Standard,Direct Sales,2025-06-05,23,2025-05-05 08:34:12,,M0,,
3713,,Available,France,Standard,Direct Sales,2025-05-27,23,2025-05-05 08:38:05,,M0,,
3714,,Available,France,Standard,Direct Sales,2025-06-05,23,2025-05-05 08:33:07,,M0,,
3715,,Available,France,Standard,Direct Sales,2025-05-27,23,2025-05-05 08:38:17,,M0,,
3716,,Available,France,Standard,Direct Sales,2025-06-04,23,2025-05-05 08:33:21,,M0,,
3717,,Available,France,Standard,Direct Sales,2025-06-09,23,2025-05-05 08:35:19,,M0,,
3718,,Available,France,Standard,Direct Sales,2025-06-04,23,2025-05-05 08:38:12,,M0,,
3719,,Available,France,Standard,Direct Sales,2025-07-02,23,2025-05-05 08:35:04,,M0,,
3720,,Available,France,Standard,Direct Sales,2025-06-05,23,2025-05-05 08:36:22,,M0,,
3721,,Available,France,Standard,Direct Sales,2025-05-21,23,2025-05-05 08:34:16,,M0,,
3722,,Available,France,Standard,Direct Sales,2025-06-09,23,2025-05-05 08:37:14,,M0,,
3723,,Available,France,Standard,Direct Sales,2025-06-05,23,2025-05-05 08:35:07,,M0,,
3724,,Available,France,Standard,Direct Sales,2025-05-23,23,2025-05-05 08:36:10,,M0,,
3725,,Available,France,Standard,Direct Sales,2025-06-09,23,2025-05-05 08:32:18,,M0,,
3726,,Available,France,Standard,Direct Sales,2025-06-09,23,2025-05-05 08:33:22,,M0,,
3727,,Available,France,Standard,Direct Sales,2025-06-02,23,2025-05-05 08:37:18,,M0,,
3728,,Available,France,Standard,Direct Sales,2025-06-06,23,2025-05-05 08:38:09,,M0,,
3729,2025-02-28,Available,France,Standard,Direct Sales,2025-08-08,23,2025-06-17 11:28:01,2025-07-18 15:07:36,M0,21.07,
3730,2025-02-28,Available,France,Standard,Direct Sales,2025-07-08,23,2025-06-17 11:29:21,,M0,,
3731,2025-02-28,Available,France,Standard,Direct Sales,2025-07-10,23,2025-06-17 11:26:01,,M0,,
3732,2025-02-28,Available,France,Standard,Direct Sales,2025-07-04,23,2025-06-17 11:26:16,,M0,,
3733,2025-02-28,Available,France,Standard,Direct Sales,2025-07-22,23,2025-06-17 11:28:09,,M0,,
3734,2025-02-28,Available,France,Standard,Direct Sales,2025-07-10,23,2025-06-17 11:25:10,,M0,,
3735,2025-02-28,Available,France,Standard,Direct Sales,2025-08-26,23,2025-06-17 11:26:15,2025-07-22 14:52:16,M0,34.787,
3736,2025-02-28,Available,France,Standard,Direct Sales,2025-07-24,23,2025-06-17 11:24:19,,M0,,
3737,2025-02-28,Available,France,Standard,Direct Sales,2025-07-29,23,2025-06-17 11:26:04,2025-07-11 09:04:53,M0,18.017,
3738,2025-02-28,Available,France,Standard,Direct Sales,2025-07-14,23,2025-06-17 11:26:18,,M0,,
3739,2025-02-28,Available,Switzerland,Standard,Agency,2025-09-17,11,2025-06-17 11:24:04,2025-08-20 17:51:54,M0,27.796,
3740,2025-02-28,Available,France,Standard,Direct Sales,2025-07-08,23,2025-06-17 11:31:07,,M0,,
3741,2025-02-28,Available,France,Standard,Direct Sales,2025-08-14,23,2025-06-17 11:25:05,2025-07-22 14:52:13,M0,22.69,
3742,2025-02-28,Available,France,Standard,Direct Sales,2025-07-09,23,2025-06-17 11:24:11,,M0,,
3743,2025-02-28,Available,Switzerland,Standard,Agency,2025-09-07,11,2025-06-17 11:23:20,2025-08-20 17:51:55,M0,18.057,
3744,2025-02-28,Available,France,Business,Direct Sales,2026-02-02,23,2025-06-17 11:23:17,,M0,,
3745,2025-02-28,Available,Britain,Standard,Agency,2025-09-17,19,2025-06-17 11:24:22,2025-08-14 09:47:28,M0,33.904,22.017
3746,2025-02-28,Available,Britain,Business,Agency,2025-08-11,5,2025-06-17 11:32:02,2025-07-23 09:25:40,M0,19.218,
3747,2025-02-28,Available,France,Standard,Direct Sales,2025-07-09,23,2025-06-17 11:32:08,,M0,,
3748,2025-02-28,Available,Britain,Standard,Agency,2025-07-23,5,2025-06-17 11:24:03,2025-07-23 09:25:39,M0,0.029,
3749,2025-02-28,Available,Britain,Standard,Agency,2025-10-28,19,2025-06-17 11:30:04,2025-08-14 09:47:32,M0,75.231,22.017
3750,2025-02-28,Available,France,Standard,Direct Sales,2025-07-03,23,2025-06-17 11:30:14,,M0,,
3751,2025-02-28,Available,France,Standard,Direct Sales,2025-07-10,23,2025-06-17 11:28:10,,M0,,
3752,2025-02-28,Available,France,Standard,Direct Sales,2025-08-01,23,2025-06-17 11:29:01,2025-07-09 10:20:45,M0,23.188,
3753,2025-02-28,Available,France,Standard,Direct Sales,2025-07-11,23,2025-06-17 11:29:20,,M0,,
3754,2025-02-28,Available,France,Standard,Direct Sales,2025-07-10,23,2025-06-17 11:30:19,,M0,,
3755,2025-03-28,Available,Britain,Standard,Agency,2025-09-08,16,2025-07-07 11:38:16,2025-08-14 09:47:25,M0,25.022,22.016
3756,2025-03-28,Available,France,Standard,Direct Sales,2025-08-08,23,2025-07-07 11:39:15,2025-07-28 11:47:20,M0,11.142,
3757,2025-03-28,Available,France,Standard,Direct Sales,2025-08-05,23,2025-07-07 11:38:16,2025-07-18 09:16:13,M0,18.217,
3758,2025-03-28,Available,France,Standard,Direct Sales,2025-08-08,23,2025-07-07 11:39:06,2025-07-23 10:37:18,M0,16.27,
3759,2025-03-28,Available,France,Standard,Direct Sales,2025-08-07,23,2025-07-07 11:39:07,2025-07-21 10:53:23,M0,17.168,
3760,2025-03-28,Available,France,Standard,Direct Sales,2025-08-08,23,2025-07-07 11:37:22,2025-07-21 10:53:25,M0,18.186,
3761,2025-03-28,Available,France,Standard,Direct Sales,2025-08-21,23,2025-07-07 11:38:18,2025-08-20 10:18:50,M0,1.176,
3762,2025-03-28,Available,France,Standard,Direct Sales,2025-08-12,23,2025-07-07 11:38:10,2025-07-18 09:16:10,M0,25.038,
3763,2025-03-28,Available,France,Standard,Direct Sales,2025-09-08,23,2025-07-07 11:37:10,2025-07-23 10:37:16,M0,46.993,
3764,2025-03-28,Available,Britain,Standard,Agency,2025-08-29,9,2025-07-07 11:38:00,2025-07-28 11:07:47,M0,31.923,
3765,2025-03-28,Available,Britain,Standard,Agency,2025-08-08,9,2025-07-07 11:38:06,2025-07-28 11:07:38,M0,11.139,
3766,2025-03-28,Available,Britain,Standard,Agency,2025-07-31,9,2025-07-07 11:37:18,2025-07-28 11:07:50,M0,3.11,
3767,2025-03-28,Available,Britain,Standard,Agency,2025-08-05,9,2025-07-07 11:37:17,2025-07-28 11:07:49,M0,8.074,
3768,2025-03-28,Available,France,Standard,Direct Sales,2025-08-08,23,2025-07-14 12:41:18,2025-07-28 11:46:40,M0,11.198,
3769,2025-03-28,Available,Britain,Standard,Agency,2025-08-07,9,2025-07-07 11:37:13,2025-07-28 11:07:36,M0,10.105,
3770,2025-03-28,Available,Britain,Standard,Agency,2025-08-21,9,2025-07-07 11:39:19,2025-07-28 11:07:38,M0,24.158,
3771,2025-03-28,Available,Britain,Standard,Agency,2025-11-08,9,2025-07-14 12:42:16,2025-07-28 11:02:47,M0,102.961,
3772,2025-03-28,Available,Britain,Standard,Agency,2025-08-15,9,2025-07-14 12:41:19,2025-08-06 09:33:59,M0,9.169,
3773,2025-03-28,Available,Britain,Standard,Agency,2025-09-05,9,2025-07-14 12:42:12,2025-07-28 11:02:56,M0,39.164,
3774,2025-03-28,Available,Britain,Standard,Agency,2025-09-26,9,2025-07-14 12:42:05,2025-07-28 11:02:52,M0,59.918,
3775,2025-03-28,Available,Britain,Standard,Agency,2025-08-25,9,2025-07-14 12:42:13,2025-07-28 11:02:36,M0,27.917,
3776,2025-03-28,Available,France,Standard,Direct Sales,2025-09-05,23,2025-07-14 12:42:11,2025-07-25 20:56:34,M0,41.76,
3777,2025-03-28,Available,Britain,Standard,Agency,2025-09-23,15,2025-07-14 12:41:15,2025-08-06 13:56:39,M0,47.749,
3778,2025-03-28,Available,Britain,Standard,Agency,2025-10-01,15,2025-07-14 12:42:12,2025-08-06 13:56:39,M0,55.939,
3779,2025-03-28,Available,Britain,Standard,Agency,2025-09-29,5,2025-07-14 12:41:11,2025-07-28 11:02:56,M0,63.056,
3780,2025-03-28,Available,Britain,Standard,Agency,2025-11-19,5,2025-07-14 12:41:13,2025-08-04 16:05:09,M0,107.0,
3781,2025-03-28,Available,Britain,Standard,Agency,2025-08-15,16,2025-07-14 12:42:06,2025-08-06 12:30:49,M0,8.767,
3782,2025-03-28,Available,Britain,Standard,Agency,2025-09-06,16,2025-07-14 12:42:22,2025-07-28 11:02:49,M0,38.997,
3783,2025-03-28,Available,Britain,Standard,Agency,2025-08-11,16,2025-07-14 12:41:01,2025-07-28 11:02:42,M0,13.875,
3784,2025-03-28,Available,Britain,Standard,Agency,2025-09-08,9,2025-07-14 12:41:18,2025-07-28 11:02:57,M0,42.096,
3785,2025-05-02,Available,Britain,Standard,Agency,2025-09-03,16,2025-08-04 07:37:16,2025-08-14 09:47:36,M1,20.003,22.017
3786,2025-05-02,Available,Denmark,Standard,Agency,2025-10-01,17,2025-08-04 07:35:22,2025-09-05 10:45:21,M1,25.97,44.065
3787,2025-05-02,Available,Britain,Standard,Agency,2025-10-28,9,2025-08-04 07:36:05,2025-08-14 09:47:27,M1,75.266,22.016
3788,2025-05-02,Available,Britain,Standard,Agency,2025-09-12,9,2025-08-04 07:34:23,2025-08-14 09:47:43,M1,29.167,22.017
3789,2025-05-02,Available,France,Standard,Direct Sales,2025-10-30,23,2025-08-04 07:33:07,2025-09-11 11:12:19,M1,49.198,50.084
3790,2025-05-02,Available,France,Standard,Direct Sales,2025-10-16,23,2025-08-04 07:32:11,2025-09-11 11:12:24,M1,35.011,50.084
3791,2025-05-02,Available,France,Standard,Direct Sales,2025-09-08,23,2025-08-04 07:37:06,2025-08-11 12:27:23,M1,27.981,19.108
3792,2025-05-02,Available,Denmark,Standard,Agency,2025-10-03,17,2025-08-04 07:33:04,2025-09-05 10:45:06,M1,28.0,44.065
3793,2025-05-02,Reserved,Denmark,Standard,Agency,2025-12-01,18,2025-08-04 07:33:16,2025-08-18 15:52:08,M1,104.717,26.306
3794,2025-05-02,Available,France,Standard,Direct Sales,2025-11-28,23,2025-08-04 07:31:01,2025-09-15 14:56:22,M1,74.102,54.263
3795,2025-05-02,Available,France,Standard,Direct Sales,2025-10-15,23,2025-08-04 07:30:10,2025-09-16 12:53:33,M1,28.955,55.177
3796,2025-05-02,Available,France,Standard,Direct Sales,2025-10-03,23,,2025-08-26 16:25:28,M1,37.885,34.269
3797,2025-05-02,Available,Denmark,Standard,Agency,2025-08-29,22,2025-08-04 07:35:04,2025-08-07 10:18:19,M1,22.184,15.064
3798,2025-05-02,Available,Britain,Standard,Agency,2025-11-19,9,2025-08-04 07:32:22,2025-09-01 08:01:03,M1,79.104,39.957
3799,2025-05-02,Available,Denmark,Standard,Agency,2025-08-25,22,2025-08-04 07:37:23,2025-08-07 10:18:28,M1,18.17,15.064
3800,2025-05-02,Available,Britain,Standard,Agency,2025-09-12,19,2025-08-04 07:36:08,2025-08-14 09:47:29,M1,29.045,22.017
3801,2025-05-02,Available,Netherlands,Standard,Direct Sales,2025-09-09,23,2025-08-04 07:35:04,2025-08-19 13:04:33,M1,21.093,27.132
3802,2025-05-02,Available,Netherlands,Standard,Direct Sales,2025-09-11,23,2025-08-27 10:40:03,,M1,,
3803,2025-05-02,Available,Netherlands,Standard,Direct Sales,2025-09-09,23,2025-08-04 07:35:10,2025-08-19 13:04:32,M1,21.121,27.132
3804,2025-05-02,Reserved,Denmark,Standard,Agency,2025-10-29,17,2025-08-04 07:32:04,2025-08-18 15:52:12,M1,71.835,26.306
3805,2025-05-02,Available,Denmark,Standard,Agency,2025-09-17,17,2025-08-04 07:34:14,2025-08-25 10:50:18,M1,23.13,33.086
3806,2025-05-02,Reserved,Denmark,Standard,Agency,2025-09-11,17,2025-08-04 07:32:13,2025-08-18 15:52:13,M1,23.728,26.306
3807,2025-05-02,Available,Denmark,Standard,Agency,2026-01-16,18,,2025-08-26 16:05:16,M1,142.694,34.255
3808,2025-05-02,Reserved,Denmark,Standard,Agency,2025-10-10,18,2025-08-04 07:31:12,2025-08-19 13:03:46,M1,51.859,27.189
3809,2025-05-02,Available,France,Standard,Direct Sales,2025-10-23,23,2025-08-27 10:39:04,2025-09-26 08:25:35,M1,27.141,64.936
3810,2025-05-02,Available,Netherlands,Standard,Direct Sales,2025-09-26,23,2025-08-27 10:37:00,2025-09-16 12:53:31,M1,10.149,55.122
3811,2025-05-02,Available,Netherlands,Standard,Direct Sales,2025-10-31,23,2025-08-27 10:37:24,2025-09-12 12:46:56,M1,49.193,51.118
3812,2025-05-02,Available,Denmark,Business,Agency,2025-11-10,18,,2025-08-26 16:06:47,M1,87.047,34.256
3813,2025-05-02,Available,Denmark,Standard,Agency,2025-10-06,17,2025-08-27 10:43:02,2025-09-12 12:46:57,M1,24.068,51.118
3814,2025-05-02,Available,France,Standard,Direct Sales,2025-11-07,23,2025-08-27 10:42:02,2025-09-19 09:28:52,M1,49.248,57.98
3815,2025-05-02,Available,Netherlands,Standard,Direct Sales,2025-10-22,23,2025-08-27 10:39:12,2025-09-15 14:56:13,M1,37.128,54.207
3816,2025-05-02,Available,France,Standard,Direct Sales,2025-10-07,23,2025-08-27 10:41:12,2025-09-03 14:15:29,M1,33.973,42.179
3817,2025-05-02,Available,France,Standard,Direct Sales,2025-09-29,23,,2025-08-26 16:17:47,M1,33.906,34.264
3818,2025-05-02,Available,France,Standard,Direct Sales,2025-10-03,23,2025-08-27 10:39:20,2025-09-02 15:00:20,M1,30.942,41.21
3819,2025-05-02,Available,Switzerland,Standard,Agency,2025-10-27,11,2025-08-27 10:38:19,2025-09-16 20:19:57,M1,41.036,55.432
3820,2025-06-05,Available,Britain,Standard,Agency,2025-11-19,4,2025-09-12 11:03:01,2025-09-30 08:50:31,M1,50.021,68.953
3821,2025-06-05,Available,Britain,Standard,Agency,2025-11-19,4,2025-09-12 11:03:08,2025-09-30 08:50:22,M1,50.005,68.953
3822,2025-06-05,Available,Britain,Standard,Agency,2025-11-17,16,2025-09-12 11:05:03,2025-09-30 08:50:22,M1,48.028,68.953
3823,2025-06-05,Available,Britain,Standard,Agency,2025-11-12,5,2025-09-12 11:05:03,2025-10-27 12:56:39,M1,16.022,96.124
3824,2025-06-05,Available,Britain,Standard,Agency,2025-11-06,9,2025-09-12 10:59:10,2025-09-30 08:50:23,M1,37.079,68.953
3825,2025-06-05,Available,Netherlands,Standard,Direct Sales,2025-09-16,23,,2025-09-05 10:45:19,M1,11.148,44.033
3826,2025-06-05,Available,Britain,Standard,Agency,2025-11-07,16,2025-09-12 11:05:14,2025-09-30 08:50:21,M1,37.099,68.953
3827,2025-06-05,Available,Britain,Standard,Agency,2025-11-10,16,2025-09-12 11:05:11,2025-09-30 08:50:24,M1,41.128,68.953
3828,2025-06-05,Available,Britain,Standard,Agency,2025-11-05,16,2025-09-12 11:03:02,2025-09-30 08:50:33,M1,35.02,68.953
3829,2025-06-05,Available,Britain,Standard,Agency,2025-10-23,9,2025-09-12 11:05:04,2025-09-30 08:50:23,M1,23.264,68.953
3830,2025-06-05,Available,Britain,Standard,Agency,2025-11-19,9,2025-09-12 11:03:07,2025-09-30 08:50:21,M1,50.286,68.953
3831,2025-06-05,Available,Britain,Standard,Agency,2026-03-04,9,2025-09-12 11:03:11,2025-09-30 08:50:33,M1,155.145,68.953
3832,2025-06-05,Available,Britain,Standard,Agency,2025-11-24,9,2025-09-12 11:03:09,2025-09-30 08:50:22,M1,55.052,68.953
3833,2025-06-05,Available,Britain,Standard,Agency,2025-10-29,16,2025-09-12 11:03:17,2025-09-30 08:50:20,M1,28.131,68.953
3834,2025-06-05,Available,Britain,Standard,Agency,2025-11-03,16,2025-09-12 11:02:27,2025-09-30 08:50:22,M1,31.163,68.953
3835,2025-06-05,Available,Britain,Standard,Agency,2025-10-30,16,2025-09-12 11:03:19,2025-09-30 08:50:33,M1,29.024,68.953
3836,2025-06-05,Available,Britain,Standard,Agency,2025-10-11,9,2025-09-12 11:03:18,2025-09-30 08:55:08,M1,11.12,68.957
3837,2025-06-05,Available,Britain,Standard,Agency,2025-11-25,19,2025-09-12 11:02:16,2025-09-30 08:54:49,M1,56.128,68.956
3838,2025-06-05,Available,Britain,Standard,Agency,2025-11-29,19,2025-09-12 11:02:26,2025-09-30 08:55:07,M1,59.321,68.957
3839,2025-06-05,Available,Britain,Standard,Agency,2025-10-30,19,2025-09-12 11:02:28,2025-09-30 08:55:10,M1,30.253,68.957
3840,2025-06-05,Available,Britain,Standard,Agency,2025-10-15,19,2025-09-12 11:03:13,2025-09-30 08:55:11,M1,15.123,68.957
3841,2025-06-05,Available,Britain,Standard,Agency,2025-10-10,19,2025-09-12 11:03:18,2025-09-30 08:55:13,M1,10.01,68.957
3842,2025-06-05,Available,Britain,Standard,Agency,2025-12-18,19,2025-09-12 11:03:15,2025-09-30 08:55:05,M1,79.208,68.957
3843,2025-06-05,Available,Denmark,Standard,Agency,2025-11-17,17,2025-09-23 09:59:21,2025-10-10 09:45:13,M1,38.017,70.765
3844,2025-06-05,Available,Denmark,Standard,Agency,2025-11-03,17,2025-09-23 09:58:07,2025-10-03 11:23:58,M1,31.035,63.834
3845,2025-06-05,Available,Denmark,Standard,Agency,2025-11-11,17,2025-09-23 09:57:20,2025-10-07 11:56:51,M1,35.106,67.857
3846,2025-06-05,Available,France,Standard,Direct Sales,2025-10-30,23,,2025-09-19 09:31:51,M1,41.267,49.756
3847,2025-06-05,Available,Britain,Standard,Agency,2025-11-14,19,2025-09-12 11:03:08,2025-09-30 08:55:13,M1,45.144,68.957
3848,2025-06-05,Available,France,Standard,Direct Sales,2025-11-20,23,2025-09-23 09:57:12,2025-09-26 08:25:32,M1,55.257,56.71
3849,2025-06-26,Available,Britain,Standard,Agency,2025-12-01,19,2025-10-15 11:54:19,2025-10-30 10:12:42,M1,31.995,62.798
3850,2025-06-26,Available,Britain,Standard,Agency,2025-11-27,19,2025-10-15 11:53:06,2025-10-30 10:12:43,M1,28.208,62.863
3851,2025-06-26,Available,France,Standard,Direct Sales,2025-11-19,23,2025-10-15 11:55:16,2025-10-16 11:37:03,M1,33.987,48.921
3852,2025-06-26,Available,Netherlands,Standard,Direct Sales,2025-11-03,23,2025-10-15 11:53:18,2025-10-16 11:37:14,M1,18.184,48.921
3853,2025-06-26,Available,Britain,Standard,Agency,2025-11-20,5,2025-10-15 11:56:23,2025-10-30 10:12:40,M1,20.941,62.863
3854,2025-06-26,Available,Netherlands,Standard,Direct Sales,2025-10-24,23,2025-10-15 11:52:00,2025-10-16 11:36:45,M1,8.159,48.921
3855,2025-06-26,Available,Switzerland,Standard,Agency,2025-11-12,11,2025-10-15 11:53:01,2025-10-23 13:45:56,M1,20.212,56.011
3856,2025-06-26,Available,Switzerland,Standard,Agency,2025-11-08,11,2025-10-15 11:55:17,2025-10-23 13:45:57,M1,16.292,55.946
3857,2025-06-26,Available,Denmark,Standard,Agency,2025-11-17,18,2025-10-27 11:33:17,2025-11-03 16:38:37,M1,13.925,60.367
3858,2025-06-26,Available,Denmark,Standard,Agency,2025-12-19,17,2025-10-27 11:31:05,2025-11-03 16:38:30,M1,45.751,60.367
3859,2025-06-26,Available,France,Standard,Direct Sales,2025-11-28,23,2025-10-15 11:53:07,2025-10-16 11:37:06,M1,43.239,48.921
3860,2025-06-26,Available,France,Standard,Direct Sales,2025-11-18,23,2025-10-15 11:52:24,2025-10-16 11:37:02,M1,33.007,48.921
3861,2025-06-26,Available,Denmark,Standard,Agency,2025-11-27,17,2025-10-27 11:31:24,2025-11-03 16:38:40,M1,24.014,60.367
3862,2025-08-05,Available,Britain,Standard,Agency,2025-12-26,19,2025-11-17 13:09:08,2025-11-26 20:45:07,M1,29.549,72.508
3863,2025-08-05,Available,Britain,Standard,Agency,2025-12-25,19,2025-11-17 13:13:01,2025-11-26 20:45:00,M1,28.626,72.508
3864,2025-08-05,Available,Britain,Standard,Agency,2025-12-26,19,2025-11-17 13:12:24,2025-11-26 20:45:07,M1,29.603,72.508
3865,2025-08-05,Available,Britain,Standard,Agency,2025-12-08,5,2025-11-17 13:08:23,2025-11-26 20:35:13,M1,4.943,72.501
3866,2025-08-05,Available,Denmark,Standard,Agency,2025-12-29,18,2025-11-17 13:16:22,2025-11-18 16:14:14,M1,40.758,64.32
3867,2025-08-05,Available,Denmark,Standard,Agency,2025-12-30,18,2025-11-17 13:16:19,2025-11-18 16:14:12,M1,41.865,64.32
3868,2025-08-05,Available,Denmark,Standard,Agency,2025-12-24,17,2025-11-17 13:17:22,2025-11-18 16:14:25,M1,35.872,57.166
3869,2025-08-05,Available,Denmark,Standard,Agency,2025-12-26,17,2025-11-17 13:17:06,2025-11-18 16:14:17,M1,37.902,57.166
3870,2025-08-05,Available,Britain,Standard,Agency,2025-12-08,5,2025-11-17 13:08:03,2025-11-26 21:03:59,M1,6.653,65.367
3871,2025-08-05,Available,Netherlands,Standard,Direct Sales,2025-12-08,23,2025-11-17 13:08:15,2025-11-17 14:14:33,M1,20.799,56.083
3872,2025-08-05,Available,Netherlands,Standard,Direct Sales,2025-12-02,23,2025-11-17 13:11:25,2025-11-17 14:14:25,M1,14.977,56.083
3873,2025-08-05,Available,Netherlands,Standard,Direct Sales,2025-12-09,23,2025-11-17 13:11:14,2025-11-17 14:16:37,M1,22.142,56.084
3874,2025-08-05,Available,Switzerland,Standard,Agency,2025-12-18,11,2025-11-17 13:17:24,2025-11-27 11:01:04,M1,20.978,65.948
3875,2025-08-05,Available,Denmark,Standard,Agency,2025-12-09,17,2025-11-17 13:15:23,2025-11-18 16:14:01,M1,20.884,57.166
3876,2025-08-05,Available,Denmark,Standard,Agency,2026-03-02,17,2025-11-17 13:08:13,2025-11-18 16:13:37,M1,104.005,57.165
3877,2025-08-05,Available,Denmark,Standard,Agency,2025-11-28,17,2025-11-17 13:17:01,2025-11-18 16:14:15,M1,9.982,57.166
3878,2025-08-05,Available,Netherlands,Standard,Direct Sales,2025-12-02,23,2025-11-17 13:08:16,2025-11-18 16:13:38,M1,14.146,57.165
3879,2025-08-05,Available,Netherlands,Standard,Direct Sales,2025-12-01,23,2025-11-17 13:11:17,2025-11-17 14:16:38,M1,14.057,56.084
3880,2025-08-05,Available,Denmark,Standard,Agency,2025-12-16,17,,2025-11-25 13:02:00,M1,20.977,64.032
3881,2025-08-05,Available,Switzerland,Standard,Agency,2025-12-21,11,2025-11-25 15:33:02,2025-11-27 11:12:32,M1,24.134,65.956
3882,2025-08-05,Available,Switzerland,Standard,Agency,2025-12-08,11,2025-11-25 15:33:08,2025-11-27 10:57:00,M1,10.843,65.945
3883,2025-08-05,Available,Britain,Standard,Agency,2026-03-10,9,2025-12-23 10:36:25,2026-01-10 12:25:03,M1,59.16,82.113
3884,2025-08-05,Available,Britain,Standard,Agency,2026-01-12,5,2025-12-23 10:35:22,2026-01-05 08:07:09,M1,8.103,76.934
3885,2025-08-05,Available,Britain,Standard,Agency,2026-01-19,5,2025-12-23 10:36:17,2026-01-05 08:07:07,M1,14.28,76.934
3886,2025-08-05,Available,Britain,Standard,Agency,2026-01-30,16,2025-12-23 10:35:09,2026-01-05 20:37:24,M1,24.47,77.455
3887,2025-08-05,Available,Britain,Standard,Agency,2026-03-10,15,2025-12-23 10:33:21,2026-01-06 12:17:56,M1,58.004,76.137
3888,2025-08-05,Available,Britain,Standard,Agency,2026-01-15,16,2025-12-23 10:36:18,2026-01-05 20:37:18,M1,8.783,74.482
3889,2025-08-05,Available,Britain,Standard,Agency,2026-03-27,16,2025-12-23 10:36:03,2026-01-05 20:37:20,M1,79.679,74.482
3890,2025-08-05,Available,Britain,Standard,Agency,2026-02-06,16,2025-12-23 10:35:18,2026-01-05 20:37:19,M1,31.508,74.482
3891,2025-08-05,Available,Switzerland,Standard,Agency,2025-12-31,11,2025-12-23 10:32:01,2025-12-26 15:42:55,M1,5.196,63.95
3892,2025-08-05,Available,Belgium,Standard,Agency,2026-01-23,20,2026-01-06 17:21:09,2026-01-07 12:01:27,M1,14.938,75.121
3893,2025-06-26,Available,Britain,Standard,Agency,2026-01-20,5,2025-12-23 10:30:18,2026-01-09 11:35:09,M1,9.903,77.102
3894,2025-06-26,Available,Britain,Standard,Agency,2026-01-19,16,2025-12-23 10:30:12,2026-01-05 20:37:21,M1,13.55,73.428
3895,2025-06-26,Available,Britain,Standard,Agency,2026-01-09,16,2025-12-23 10:27:08,2026-01-05 20:37:20,M1,2.783,70.542
3896,2025-06-26,Available,Britain,Standard,Agency,2026-01-15,4,2025-12-23 10:28:15,2026-01-02 10:30:40,M1,12.296,67.121
3897,2025-06-26,Available,Britain,Standard,Agency,2026-01-27,4,2025-12-23 10:27:07,2026-01-02 10:30:40,M1,24.175,67.121
3898,2025-06-26,Available,Switzerland,Standard,Agency,2025-12-31,11,2025-12-23 10:30:08,2025-12-26 09:18:09,M1,5.098,60.07
3899,2025-06-26,Available,Switzerland,Standard,Agency,2025-12-31,11,2025-12-23 10:27:13,2025-12-26 15:42:53,M1,4.873,60.338
3900,2025-06-26,Available,Britain,Standard,Agency,2026-01-08,16,2025-12-23 10:27:21,2026-01-05 20:37:20,M1,1.491,70.542
3901,2025-06-26,Available,Switzerland,Standard,Agency,2025-12-31,11,2025-12-23 10:28:23,2025-12-26 09:18:10,M1,5.137,60.07
3902,2025-06-26,Available,Britain,Standard,Agency,2026-01-23,5,2025-12-23 10:28:02,2026-01-09 11:35:11,M1,13.885,74.166
3903,2025-06-26,Available,Switzerland,Standard,Agency,2025-12-31,11,2025-12-23 10:28:11,2025-12-26 15:42:55,M1,5.196,60.338
3904,2025-06-26,Available,Switzerland,Standard,Agency,2026-01-03,11,2025-12-23 10:28:19,2026-01-01 16:12:49,M1,2.181,66.358
3905,2025-06-26,Available,Britain,Standard,Agency,2026-01-15,16,2025-12-23 10:29:06,2026-01-05 20:37:22,M1,9.696,70.302
3906,2025-06-26,Available,Switzerland,Standard,Agency,2026-01-06,11,2025-12-23 10:29:26,2026-01-01 17:35:14,M1,4.585,66.176
3907,2025-06-26,Available,Belgium,Standard,Agency,2026-02-11,20,2026-01-06 17:21:13,2026-01-07 12:01:31,M1,34.093,70.826
3908,2025-06-26,Available,Belgium,Standard,Agency,2026-01-22,20,2026-01-06 17:21:04,2026-01-07 12:01:33,M1,14.1,70.122
3909,2025-06-26,Available,Denmark,Standard,Agency,2026-01-29,17,2026-01-06 17:21:19,2026-01-07 12:01:45,M1,22.1,70.122
3910,2025-06-26,Available,Denmark,Standard,Agency,2026-01-23,22,2026-01-06 17:21:18,2026-01-07 12:01:42,M1,16.156,70.122
3911,2025-06-26,Available,Denmark,Standard,Agency,2026-01-23,17,2026-01-06 17:21:10,2026-01-16 11:57:54,M1,7.002,79.12
3912,2025-08-05,Available,Britain,Standard,Agency,2026-03-09,15,2026-01-13 08:33:15,2026-01-28 17:12:08,M1,35.949,85.247
3913,2025-08-05,Available,Britain,Standard,Agency,2026-03-09,15,2026-01-13 08:32:04,2026-01-28 17:11:37,M1,35.738,85.247
3914,2025-08-05,Available,Netherlands,Standard,Direct Sales,2026-03-11,23,2026-01-16 08:38:06,2026-01-26 14:01:57,M2,44.1,82.992
3915,2025-09-05,Available,Britain,Standard,Agency,2026-03-05,15,2026-01-13 08:33:04,2026-01-28 17:12:03,M1,35.689,84.103
3916,2025-09-05,Available,France,Standard,Direct Sales,2026-02-06,23,2026-01-13 08:32:05,2026-01-14 10:56:47,M1,23.176,69.587
3917,2025-08-05,Available,Britain,Business,Agency,2026-03-10,15,2026-01-16 08:38:10,2026-02-10 17:10:25,M2,28.017,95.342
3918,2025-08-05,Available,Britain,Standard,Agency,2026-03-18,15,2026-01-16 08:38:22,2026-02-10 17:10:25,M2,35.83,95.342
3919,2025-08-05,Available,Britain,Standard,Agency,2026-03-10,15,2026-01-16 08:38:16,2026-02-10 17:10:26,M2,26.75,95.342
3920,2025-08-05,Available,Britain,Standard,Agency,2026-03-10,15,2026-01-16 08:38:24,2026-02-10 17:10:25,M2,27.955,95.342
3921,2025-09-05,Available,Britain,Standard,Agency,2026-02-08,5,2026-01-13 08:32:05,2026-01-28 17:11:41,M1,32.7,82.343
3922,2025-09-05,Available,Britain,Standard,Agency,2026-02-24,5,2026-01-13 08:33:00,2026-02-09 17:15:35,M1,14.946,92.271
3923,2025-09-05,Available,Netherlands,Standard,Direct Sales,2026-02-04,23,2026-01-13 08:32:22,2026-01-22 10:30:49,M1,13.006,73.99
3924,2025-09-05,Available,Britain,Standard,Agency,2026-03-10,19,2026-01-13 08:32:12,2026-01-28 17:11:55,M1,40.643,80.269
3925,2025-10-13,Available,Britain,Standard,Agency,2026-03-24,5,2026-01-13 08:33:01,2026-01-28 17:11:56,M1,55.909,79.412
3926,2025-10-13,Available,Britain,Standard,Agency,2026-02-05,16,2026-01-13 08:32:51,2026-01-28 17:11:37,M1,6.76,79.412
3927,2025-10-13,Available,Britain,Standard,Agency,2026-03-05,16,2026-01-13 08:32:10,2026-01-28 17:11:50,M1,34.847,79.412
3928,2025-10-13,Available,Britain,Standard,Agency,2026-03-03,16,2026-01-13 08:32:02,2026-01-28 17:11:31,M1,32.732,79.412
3929,2025-09-05,Available,Britain,Standard,Agency,2026-03-10,19,2026-01-13 08:32:14,2026-01-28 17:12:01,M1,40.645,79.412
3930,2025-09-05,Available,Britain,Standard,Agency,2026-02-13,19,2026-01-13 08:32:31,2026-01-28 17:12:03,M1,15.732,79.412
3931,2025-10-13,Available,Britain,Standard,Agency,2026-02-24,19,2026-01-13 08:32:21,2026-01-26 12:45:42,M1,28.862,74.099
3932,2025-10-13,Available,Britain,Standard,Agency,2026-03-10,9,2026-01-13 08:32:27,2026-01-28 17:11:52,M1,40.947,76.284
3933,2025-10-13,Available,Britain,Standard,Agency,2026-03-10,9,2026-01-13 08:32:37,2026-01-28 17:11:38,M1,40.961,76.284
3934,2025-10-13,Available,Britain,Standard,Agency,2026-03-10,9,2026-01-13 08:32:58,2026-01-28 17:11:51,M1,40.901,76.284
3935,2025-10-13,Available,Britain,Standard,Agency,2026-02-12,16,2026-01-13 08:32:46,2026-01-28 17:12:09,M1,14.613,76.284
3936,2025-10-13,Available,Britain,Standard,Agency,2026-04-15,16,2026-01-13 08:33:15,2026-01-28 17:12:08,M1,75.832,76.284
3937,2025-09-05,Available,Britain,Standard,Agency,2026-03-10,9,2026-01-13 08:32:02,2026-01-28 17:11:32,M1,40.881,76.284
3938,2025-09-05,Available,Britain,Standard,Agency,2026-03-20,9,2026-01-13 08:32:56,2026-01-28 17:11:45,M1,50.759,76.284
3939,2025-10-13,Available,Britain,Standard,Agency,2026-03-10,9,2026-01-13 08:32:30,2026-01-28 17:12:03,M1,40.894,76.284
3940,2025-10-13,Available,France,Standard,Direct Sales,2026-02-06,23,2026-01-13 08:32:22,2026-01-14 10:56:47,M1,23.203,62.023
3941,2025-09-05,Available,France,Standard,Direct Sales,2026-02-06,23,2026-01-13 08:32:47,2026-01-14 10:56:36,M1,23.198,62.023
3942,2025-09-05,Available,Netherlands,Standard,Direct Sales,2026-03-23,23,2026-01-28 11:05:01,2026-02-18 13:37:59,M2,33.018,89.951
3943,2025-09-05,Available,France,Standard,Direct Sales,2026-03-06,23,,2026-02-11 08:59:47,M2,23.106,77.886
3944,2025-09-05,Available,France,Standard,Direct Sales,2026-03-09,23,,2026-02-10 15:04:11,M2,26.778,77.139
3945,2025-09-05,Available,France,Standard,Direct Sales,2026-03-10,23,,2026-02-10 15:04:07,M2,27.958,77.139
3946,2025-09-05,Available,France,Standard,Direct Sales,2026-03-05,23,,2026-02-10 15:04:16,M2,22.822,77.139
3947,2025-09-05,Available,France,Standard,Direct Sales,2026-02-27,23,,2026-02-13 10:38:28,M2,14.039,78.014
3948,2025-09-05,Available,France,Standard,Direct Sales,2026-03-10,23,,2026-02-13 10:38:34,M2,25.018,78.014
3949,2025-09-05,Available,Britain,Standard,Agency,2026-03-11,4,2026-02-13 10:53:16,2026-02-18 15:41:32,M2,29.68,83.224
3950,2025-09-05,Available,Britain,Standard,Agency,2026-03-10,19,2026-02-13 10:54:21,2026-02-18 15:41:16,M2,18.905,83.224
3951,2025-10-13,Available,Britain,Standard,Agency,2026-02-17,19,2026-02-13 10:53:03,2026-02-18 15:41:05,M2,18.903,83.224
3952,2025-10-13,Available,Britain,Display,Agency,2026-04-09,19,2026-03-04 12:09:36,2026-03-24 12:50:35,M2,15.957,117.105
3953,2025-10-13,Available,Britain,Standard,Agency,2026-03-09,3,2026-02-13 10:53:22,2026-02-18 15:41:09,M2,18.952,83.224
3954,2025-10-13,Available,France,Standard,Direct Sales,2026-03-10,23,,2026-02-11 08:59:53,M2,27.074,75.945
3955,2025-10-13,Available,Denmark,Business,Agency,2026-04-14,22,2026-03-04 12:07:13,2026-03-20 09:18:36,M2,,112.958
3956,2025-10-13,Available,France,Standard,Direct Sales,2026-03-10,23,,2026-02-13 10:38:35,M2,25.255,78.014
3957,2025-10-13,Available,France,Standard,Direct Sales,2026-03-19,23,,2026-02-13 10:38:30,M2,34.109,78.013
3958,2025-10-13,Available,France,Standard,Direct Sales,2026-03-06,23,,2026-02-13 10:38:35,M2,21.261,78.014
3959,2025-10-13,Available,Denmark,Standard,Agency,2026-04-09,17,2026-03-04 12:08:28,2026-03-20 12:37:42,M2,19.87,111.828
3960,2025-10-13,Available,France,Standard,Direct Sales,2026-03-04,23,,2026-02-13 10:38:33,M2,18.932,76.745
3961,2025-10-13,Available,Denmark,Standard,Agency,2026-04-09,17,2026-03-04 12:07:23,2026-03-20 12:37:43,M2,19.855,111.828
3962,2025-10-13,Available,Denmark,Standard,Agency,2026-04-09,17,2026-03-04 12:07:08,2026-03-20 12:37:42,M2,19.89,111.828
3963,2025-10-13,Available,Britain,Standard,Agency,2026-03-09,3,2026-02-13 10:53:22,2026-02-18 15:41:06,M2,18.946,79.339
3964,2025-10-13,Available,Britain,Standard,Agency,2026-03-10,19,2026-02-13 10:52:03,2026-02-18 15:41:05,M2,20.01,79.339
3965,2025-10-30,Available,Denmark,Standard,Agency,2026-03-17,18,2026-03-04 12:09:34,2026-03-04 13:47:58,M2,12.777,86.248
3966,2025-10-13,Available,Britain,Standard,Agency,2026-03-10,15,2026-02-13 10:52:07,2026-02-18 15:41:19,M2,18.648,71.263
3967,2025-10-13,Available,Britain,Display,Agency,2026-04-09,19,2026-02-13 10:52:05,2026-02-18 15:41:13,M2,49.881,71.263
3968,2025-10-30,Available,France,Standard,Direct Sales,2026-03-10,23,2026-02-27 13:22:08,2026-03-03 15:08:11,M2,6.896,77.215
3969,2025-10-30,Available,France,Standard,Direct Sales,2026-03-10,23,2026-02-27 13:22:02,2026-03-03 15:08:16,M2,6.989,77.215
3970,2025-10-30,Available,France,Standard,Direct Sales,2026-03-09,23,2026-02-27 13:22:20,2026-03-03 15:08:25,M2,5.771,77.215
3971,2025-10-30,Available,France,Standard,Direct Sales,2026-03-10,23,2026-02-27 13:22:09,2026-03-03 15:08:15,M2,6.974,76.242
3972,2025-10-30,Available,France,Standard,Direct Sales,2026-03-10,23,2026-02-27 13:23:16,2026-03-03 15:08:19,M2,6.98,74.119
3973,2025-10-30,Available,Netherlands,Standard,Direct Sales,2026-04-15,24,2026-02-27 13:25:18,2026-03-27 08:27:29,M2,19.163,97.841
3974,2025-10-30,Available,Netherlands,Standard,Direct Sales,2026-04-03,23,2026-02-27 13:23:09,2026-03-05 13:01:21,M2,29.034,76.031
3975,2025-10-30,Available,Netherlands,Standard,Direct Sales,2026-04-17,23,2026-02-27 13:25:37,2026-03-27 08:27:25,M2,21.124,97.841
3976,2025-10-30,Available,Netherlands,Standard,Direct Sales,2026-04-07,23,2026-02-27 13:24:29,2026-03-27 08:27:28,M2,11.29,97.841
3977,2025-10-30,Available,Germany,Standard,Direct Sales,2026-04-08,23,,2026-02-27 13:16:33,M2,40.066,67.186
3978,2025-10-30,Available,Germany,Standard,Direct Sales,2026-04-09,23,,2026-02-27 13:16:43,M2,41.027,67.186
3979,2025-10-30,Available,France,Standard,Direct Sales,2026-04-09,23,2026-02-27 13:25:10,2026-03-12 13:12:34,M2,27.974,80.183
3980,2025-11-28,Available,France,Standard,Direct Sales,2026-03-23,23,2026-03-02 09:17:25,2026-03-11 10:21:27,M2,12.124,79.064
3981,2025-11-28,Available,France,Standard,Direct Sales,2026-03-23,23,2026-03-02 09:19:42,2026-03-11 10:21:28,M2,12.123,79.064
3982,2025-11-28,Available,Britain,Display,Agency,2026-04-09,19,2026-03-02 09:18:21,2026-03-24 12:50:31,M2,,91.094
3983,2025-11-28,Available,Britain,Standard,Agency,2026-04-16,19,2026-03-02 09:17:15,2026-03-24 12:50:30,M2,23.005,91.094
3984,2025-11-28,Available,Britain,Display,Agency,2026-04-09,19,2026-03-02 09:17:20,2026-03-24 12:50:34,M2,15.981,91.094
3985,2025-11-28,Available,Britain,Display,Agency,2026-04-09,19,2026-03-02 09:21:20,2026-03-24 12:50:25,M2,15.95,91.094
3986,2025-11-28,Available,Britain,Display,Agency,2026-04-09,19,2026-03-02 09:17:18,2026-03-24 12:50:29,M2,,90.849
3987,2025-11-28,Available,Britain,Display,Agency,2026-04-09,19,2026-03-02 09:18:29,2026-03-24 12:50:32,M2,15.975,90.849
3988,2025-11-28,Available,France,Standard,Direct Sales,2026-04-09,23,2026-03-02 09:17:22,2026-03-18 09:03:40,M2,22.248,84.692
3989,2025-11-28,Available,France,Standard,Direct Sales,2026-04-06,23,2026-03-02 09:18:29,2026-03-18 09:03:46,M2,19.02,83.9
3990,2025-11-28,Available,France,Standard,Direct Sales,2026-04-08,23,2026-03-02 09:21:45,2026-03-18 11:24:09,M2,21.111,83.998
3991,2025-11-28,Available,Belgium,Standard,Agency,2026-04-02,20,2026-03-02 09:17:03,2026-03-11 10:21:23,M2,21.885,72.049
3992,2025-11-28,Available,Belgium,Standard,Agency,2026-03-10,12,2026-03-02 09:17:20,2026-03-02 14:48:11,M2,7.771,63.234
3993,2025-12-30,Available,France,Standard,Direct Sales,2026-04-09,23,,2026-03-20 12:37:46,M2,20.082,75.074
3994,2025-12-30,Available,France,Standard,Direct Sales,2026-04-09,23,,2026-03-19 13:11:33,M2,21.061,74.098
3995,2025-12-30,Available,France,Standard,Direct Sales,2026-04-09,23,,2026-03-20 12:37:45,M2,20.084,75.074
3996,2025-12-30,Available,France,Standard,Direct Sales,2026-04-02,23,,2026-03-20 09:18:30,M2,13.073,73.75
3997,2025-12-30,Available,France,Standard,Direct Sales,2026-04-03,23,,2026-03-20 09:18:39,M2,14.188,73.014
3998,2025-12-30,Available,France,Standard,Direct Sales,2026-04-03,23,,2026-03-20 09:18:40,M2,14.204,72.003
3999,,Available,Denmark,Standard,Agency,2025-09-11,17,2025-05-23 14:32:22,2025-07-14 09:16:45,M0,58.975,
4000,,Available,Netherlands,Standard,Direct Sales,2025-12-19,23,2025-05-23 14:33:03,,M0,,
4001,,Available,France,Business,Direct Sales,2025-11-04,23,2025-04-02 11:52:29,,M0,,
4002,,Available,France,Standard,Direct Sales,2025-05-09,23,2025-04-08 14:51:21,,M0,,
4003,,Reserved,Britain,Standard,Agency,2025-05-09,16,2025-04-08 14:57:15,,M0,,
4004,,Reserved,Britain,Standard,Agency,2025-05-16,16,2025-04-08 14:57:17,,M0,,
4005,,Available,France,Standard,Direct Sales,2025-05-09,23,2025-04-08 14:52:03,,M0,,
4006,,Available,France,Standard,Direct Sales,2025-05-05,23,2025-04-08 14:50:16,,M0,,
4007,,Reserved,Britain,Standard,Agency,2025-05-06,16,2025-04-08 14:51:15,,M0,,
4008,,Reserved,Britain,Standard,Agency,2025-06-03,16,2025-04-08 14:57:09,,M0,,
4009,,Available,France,Standard,Direct Sales,2025-05-09,23,2025-04-08 14:55:23,,M0,,
4010,,Reserved,Britain,Standard,Agency,2025-05-07,19,2025-04-08 14:53:19,,M0,,
4011,,Available,Britain,Standard,Agency,2025-08-25,16,2025-04-08 14:54:18,,M0,,
4012,,Available,France,Standard,Direct Sales,2025-04-26,23,2025-04-08 14:57:22,,M0,,
4013,,Reserved,Britain,Standard,Agency,2025-05-09,16,2025-04-21 10:03:13,,M0,,
4014,,Reserved,Britain,Standard,Agency,2025-05-13,16,2025-04-08 14:52:22,,M0,,
4015,,Available,France,Standard,Direct Sales,2025-05-07,23,2025-04-08 14:52:10,,M0,,
4016,,Available,France,Standard,Direct Sales,2025-05-02,23,2025-04-08 14:57:20,,M0,,
4017,,Reserved,Britain,Standard,Agency,2025-05-20,19,2025-04-08 14:57:11,,M0,,
4018,,Available,France,Standard,Direct Sales,2025-05-09,23,2025-04-08 14:56:08,,M0,,
4019,,Reserved,Denmark,Business,Agency,2025-05-14,18,2025-04-21 10:04:01,,M0,,
4020,,Available,France,Standard,Direct Sales,2025-05-23,23,2025-05-05 08:36:06,,M0,,
4021,,Available,France,Standard,Direct Sales,2025-06-04,23,2025-05-05 08:32:10,,M0,,
4022,,Available,France,Standard,Direct Sales,2025-06-09,23,2025-05-05 08:33:10,,M0,,
4023,,Available,France,Standard,Direct Sales,2025-06-09,23,2025-05-05 08:36:21,,M0,,
4024,,Available,France,Standard,Direct Sales,2025-05-23,23,2025-05-05 08:38:18,,M0,,
4025,,Available,France,Standard,Direct Sales,2025-05-28,23,2025-05-05 08:35:01,,M0,,
4026,,Available,France,Standard,Direct Sales,2025-06-09,23,2025-05-05 08:36:19,,M0,,
4027,,Available,France,Standard,Direct Sales,2025-06-05,23,2025-05-05 08:34:14,,M0,,
4028,,Available,France,Standard,Direct Sales,2025-06-17,23,2025-05-05 08:36:08,,M0,,
4029,,Available,France,Standard,Direct Sales,2025-05-26,23,2025-05-05 08:37:10,,M0,,
4030,,Available,France,Standard,Direct Sales,2025-05-29,23,2025-05-05 08:32:09,,M0,,
4031,,Available,France,Standard,Direct Sales,2025-05-29,23,2025-05-05 08:37:21,,M0,,
4032,,Available,France,Standard,Direct Sales,2025-05-26,23,2025-05-05 08:32:23,,M0,,
4033,,Available,France,Standard,Direct Sales,2025-07-10,23,2025-05-05 08:36:17,,M0,,
4034,,Available,France,Standard,Direct Sales,2025-06-05,23,2025-05-05 08:34:20,,M0,,
4035,,Available,France,Standard,Direct Sales,2025-06-09,23,2025-05-05 08:33:03,,M0,,
4036,,Available,France,Standard,Direct Sales,2025-06-06,23,2025-05-05 08:37:11,,M0,,
4037,,Available,France,Standard,Direct Sales,2025-06-05,23,2025-05-05 08:32:11,,M0,,
4038,,Available,France,Standard,Direct Sales,2025-06-03,23,2025-05-05 08:37:23,,M0,,
4039,,Available,France,Standard,Direct Sales,2025-05-29,23,2025-05-05 08:32:12,,M0,,
4040,,Available,France,Standard,Direct Sales,2025-05-26,23,2025-05-05 08:35:22,,M0,,
4041,,Available,France,Standard,Direct Sales,2025-05-29,23,2025-05-05 08:38:15,,M0,,
4042,,Available,France,Standard,Direct Sales,2025-06-09,23,2025-05-05 08:33:02,,M0,,
4043,,Available,France,Standard,Direct Sales,2025-05-29,23,2025-05-05 08:37:15,,M0,,
4044,2025-02-28,Available,France,Standard,Direct Sales,2025-07-04,23,2025-06-17 11:29:12,,M0,,
4045,2025-02-28,Available,France,Standard,Direct Sales,2025-07-09,23,2025-06-17 11:30:13,,M0,,
4046,2025-02-28,Available,France,Standard,Direct Sales,2025-09-09,23,2025-06-17 11:25:01,2025-08-04 09:07:42,M0,36.184,
4047,2025-02-28,Available,France,Standard,Direct Sales,2025-07-08,23,2025-06-17 11:26:19,,M0,,
4048,2025-02-28,Available,France,Standard,Direct Sales,2025-08-07,23,2025-06-17 11:24:24,,M0,,
4049,2025-02-28,Available,France,Standard,Direct Sales,2025-07-31,23,2025-06-17 11:26:14,2025-07-03 12:16:22,M0,28.03,
4050,2025-02-28,Available,France,Standard,Direct Sales,2025-07-22,23,2025-06-17 11:31:18,,M0,,
4051,2025-02-28,Available,France,Standard,Direct Sales,2025-07-24,23,2025-06-17 11:24:17,,M0,,
4052,2025-02-28,Available,France,Standard,Direct Sales,2025-07-16,23,2025-06-17 11:32:07,,M0,,
4053,2025-02-28,Available,France,Standard,Direct Sales,2025-07-09,23,2025-06-17 11:23:11,,M0,,
4054,2025-02-28,Available,France,Standard,Direct Sales,2025-09-09,23,2025-06-17 11:31:20,2025-07-22 14:52:17,M0,48.759,
4055,2025-02-28,Available,France,Standard,Direct Sales,2025-08-08,23,2025-06-17 11:31:05,,M0,,
4056,2025-02-28,Available,France,Standard,Direct Sales,2025-08-01,23,2025-06-17 11:29:15,,M0,,
4057,2025-02-28,Available,France,Standard,Direct Sales,2025-07-09,23,2025-06-17 11:23:12,,M0,,
4058,2025-02-28,Available,Britain,Standard,Agency,2025-09-10,19,2025-06-17 11:32:09,2025-08-14 09:47:36,M0,27.06,22.017
4059,2025-02-28,Available,Britain,Standard,Agency,2025-09-01,16,2025-06-17 11:31:20,2025-08-14 09:47:24,M0,17.918,22.016
4060,2025-02-28,Reserved,Denmark,Business,Agency,2025-07-18,22,2025-06-17 11:23:20,2025-07-09 10:20:47,M0,15.908,
4061,2025-02-28,Available,Britain,Business,Agency,2025-09-11,16,2025-06-17 11:23:12,2025-08-14 09:47:31,M0,26.952,22.017
4062,2025-02-28,Available,France,Standard,Direct Sales,2025-09-15,23,2025-06-17 11:23:01,2025-08-04 09:07:42,M0,42.196,
4063,2025-02-28,Available,France,Standard,Direct Sales,2025-11-10,23,2025-06-17 11:29:19,2025-09-26 08:25:33,M0,45.132,
4064,2025-02-28,Available,France,Standard,Direct Sales,2025-08-08,23,2025-06-17 11:30:18,2025-07-11 09:04:55,M0,28.227,
4065,2025-02-28,Available,Britain,Standard,Agency,2025-08-26,16,2025-06-17 11:29:19,2025-08-14 09:47:30,M0,12.119,22.017
4066,2025-02-28,Available,France,Standard,Direct Sales,2025-08-22,23,2025-06-17 11:31:06,2025-07-30 08:00:01,M0,23.269,6.922
4067,2025-02-28,Available,France,Standard,Direct Sales,2025-07-28,23,2025-06-17 11:25:22,2025-07-11 09:04:55,M0,17.215,
4068,2025-02-28,Available,France,Standard,Direct Sales,2025-08-06,23,2025-06-17 11:29:06,,M0,,
4069,2025-02-28,Available,France,Standard,Direct Sales,2025-07-30,23,2025-06-17 11:28:11,2025-07-11 09:04:56,M0,19.298,
4070,2025-02-28,Available,France,Standard,Direct Sales,2025-09-23,23,2025-06-17 11:24:16,2025-07-09 10:20:47,M0,76.05,
4071,2025-02-28,Available,France,Standard,Direct Sales,2025-08-08,23,2025-06-17 11:27:12,,M0,,
4072,2025-02-28,Available,France,Standard,Direct Sales,2025-07-15,23,2025-06-17 11:29:03,,M0,,
4073,2025-03-28,Available,France,Standard,Direct Sales,2025-08-08,23,2025-07-07 11:37:13,2025-07-28 11:45:00,M0,11.15,
4074,2025-03-28,Available,France,Standard,Direct Sales,2025-07-31,23,2025-07-07 11:37:21,2025-07-18 18:52:32,M0,12.881,
4075,2025-03-28,Available,France,Standard,Direct Sales,2025-08-07,23,2025-07-07 11:37:09,2025-07-18 18:52:34,M0,19.577,
4076,2025-03-28,Available,France,Standard,Direct Sales,2025-08-15,23,2025-07-07 11:39:04,2025-07-18 18:52:34,M0,27.711,
4077,2025-03-28,Available,France,Standard,Direct Sales,2025-07-31,23,2025-07-07 11:38:06,2025-07-18 18:52:35,M0,12.855,
4078,2025-03-28,Available,France,Standard,Direct Sales,2025-08-09,23,2025-07-07 11:38:15,2025-07-21 10:53:20,M0,18.985,
4079,2025-03-28,Available,France,Standard,Direct Sales,2025-09-05,23,2025-07-14 12:42:19,2025-07-23 09:34:07,M0,44.113,
4080,2025-03-28,Available,France,Standard,Direct Sales,2025-08-21,23,2025-07-07 11:39:22,2025-07-18 09:16:12,M0,34.036,
4081,2025-03-28,Available,Britain,Standard,Agency,2025-09-04,9,2025-07-07 11:37:22,2025-07-28 11:07:37,M0,37.978,
4082,2025-03-28,Available,Britain,Standard,Agency,2025-08-07,9,2025-07-07 11:38:11,2025-07-28 11:07:50,M0,10.167,
4083,2025-03-28,Available,Britain,Standard,Agency,2025-08-21,15,2025-07-07 11:39:10,2025-07-28 11:07:35,M0,24.077,
4084,2025-03-28,Available,Britain,Standard,Agency,2025-10-27,19,2025-07-07 11:37:22,2025-07-28 11:07:39,M0,91.204,
4085,2025-03-28,Available,France,Standard,Direct Sales,2025-08-13,23,2025-07-14 12:42:16,2025-07-28 11:46:41,M0,15.966,
4086,2025-03-28,Available,Britain,Standard,Agency,2025-08-14,5,2025-07-07 11:39:24,2025-07-24 10:41:44,M0,21.04,
4087,2025-03-28,Available,Britain,Standard,Agency,2025-07-30,19,2025-07-07 11:38:11,2025-07-24 10:41:43,M0,6.088,
4088,2025-03-28,Available,Britain,Standard,Agency,2025-07-25,19,2025-07-07 11:37:17,2025-07-24 10:41:42,M0,0.938,
4089,2025-03-28,Reserved,Denmark,Standard,Agency,2025-08-07,22,2025-07-07 11:38:10,2025-07-18 15:12:27,M0,19.924,
4090,2025-03-28,Reserved,Denmark,Standard,Agency,2025-08-01,22,2025-07-14 12:41:04,2025-07-18 14:25:23,M0,13.972,
4091,2025-03-28,Reserved,Denmark,Standard,Agency,2025-08-25,22,2025-07-14 12:42:05,2025-07-18 14:25:22,M0,38.014,
4092,2025-03-28,Reserved,Denmark,Standard,Agency,2025-07-31,22,2025-07-14 12:41:15,2025-07-18 14:25:24,M0,13.039,
4093,2025-03-28,Reserved,Denmark,Standard,Agency,2025-08-06,17,2025-07-14 12:41:05,2025-07-24 13:21:49,M0,12.833,
4094,2025-03-28,Available,France,Standard,Direct Sales,2025-09-05,23,2025-07-14 12:42:06,2025-07-25 20:56:34,M0,41.759,
4095,2025-03-28,Available,France,Standard,Direct Sales,2025-08-06,23,2025-07-14 12:41:15,2025-07-28 11:45:01,M0,9.076,
4096,2025-03-28,Available,France,Standard,Direct Sales,2025-08-06,23,2025-07-14 12:42:24,2025-07-28 11:45:02,M0,9.0,
4097,2025-03-28,Available,France,Standard,Direct Sales,2025-10-16,23,2025-07-14 12:42:05,2025-09-03 14:15:36,M0,43.033,
4098,2025-03-28,Available,Britain,Standard,Agency,2025-12-18,9,2025-07-14 12:41:23,2025-08-06 14:09:10,M0,133.986,
4099,2025-03-28,Available,France,Standard,Direct Sales,2025-09-09,23,2025-07-14 12:42:16,2025-07-23 09:34:07,M0,48.156,
4100,2025-03-28,Available,Britain,Standard,Agency,2025-10-17,9,2025-07-14 12:42:08,2025-08-06 14:09:12,M0,71.927,
4101,2025-03-28,Available,Britain,Standard,Agency,2025-10-22,9,2025-07-14 12:41:21,2025-08-06 14:09:11,M0,76.834,
4102,2025-03-28,Available,Britain,Standard,Agency,2025-11-13,9,2025-07-14 12:42:18,2025-07-28 11:02:49,M0,107.961,
4103,2025-05-02,Available,Netherlands,Standard,Direct Sales,2025-08-26,23,2025-08-04 07:37:19,2025-08-07 10:32:52,M1,19.156,15.027
4104,2025-05-02,Available,Denmark,Standard,Agency,2025-08-25,18,2025-08-04 07:35:08,2025-08-07 10:18:26,M1,18.144,15.063
4105,2025-05-02,Available,Denmark,Standard,Agency,2025-08-22,22,2025-08-04 07:35:24,2025-08-07 10:18:29,M1,15.202,15.063
4106,2025-05-02,Available,Switzerland,Standard,Agency,2025-08-18,11,2025-08-04 07:30:18,2025-08-08 08:37:55,M1,9.946,15.999
4107,2025-05-02,Available,Netherlands,Standard,Direct Sales,2025-09-16,23,2025-08-04 07:35:16,2025-09-03 14:15:26,M1,12.996,42.211
4108,2025-05-02,Available,Netherlands,Standard,Direct Sales,2025-11-05,23,2025-08-04 07:37:13,2025-10-03 11:23:57,M1,33.26,72.062
4109,2025-05-02,Available,France,Standard,Direct Sales,2025-11-07,23,2025-08-04 07:36:23,2025-08-18 13:30:13,M1,81.006,26.151
4110,2025-05-02,Available,France,Standard,Direct Sales,2025-11-05,23,2025-08-04 07:37:17,2025-09-15 14:56:17,M1,50.999,54.239
4111,2025-05-02,Available,France,Standard,Direct Sales,2025-09-08,23,2025-08-04 07:32:05,2025-08-19 14:52:16,M1,19.789,27.208
4112,2025-05-02,Available,Netherlands,Standard,Direct Sales,2025-08-22,23,2025-08-04 07:35:06,2025-08-04 14:28:45,M1,18.098,12.19
4113,2025-05-02,Available,Britain,Standard,Agency,2025-09-15,9,2025-08-04 07:32:12,2025-09-01 08:01:14,M1,14.348,39.957
4114,2025-05-02,Available,Britain,Standard,Agency,2025-12-15,9,2025-08-04 07:37:04,2025-08-14 09:47:26,M1,123.182,22.016
4115,2025-05-02,Reserved,Denmark,Standard,Agency,2025-09-23,18,2025-08-04 07:32:14,2025-08-19 13:03:39,M1,34.935,27.189
4116,2025-05-02,Available,Britain,Standard,Agency,2025-11-19,9,2025-08-04 07:37:18,2025-08-14 09:47:38,M1,109.057,22.016
4117,2025-05-02,Available,Britain,Standard,Agency,2025-09-15,9,2025-08-04 07:33:15,2025-09-01 08:01:15,M1,14.266,39.957
4118,2025-05-02,Available,Britain,Standard,Agency,2025-10-02,16,2025-08-04 07:30:04,2025-09-01 08:01:13,M1,30.183,39.957
4119,2025-05-02,Reserved,Denmark,Standard,Agency,2025-09-10,17,2025-08-04 07:30:20,2025-08-19 13:03:39,M1,21.993,27.189
4120,2025-05-02,Reserved,Switzerland,Standard,Agency,2025-10-13,11,2025-08-04 07:37:19,2025-08-26 09:38:04,M1,48.487,33.99
4121,2025-05-02,Available,Denmark,Standard,Agency,2025-09-30,17,2025-08-04 07:37:24,2025-08-25 10:50:19,M1,36.103,33.085
4122,2025-05-02,Available,Denmark,Standard,Agency,2025-08-22,22,2025-08-04 07:36:23,2025-08-07 10:18:30,M1,15.098,15.063
4123,2025-05-02,Available,Belgium,Standard,Agency,2025-11-07,26,2025-08-27 10:41:11,2025-09-26 12:35:21,M1,42.123,65.109
4124,2025-05-02,Available,Netherlands,Standard,Direct Sales,2025-10-29,23,2025-08-27 10:42:13,2025-10-01 09:08:32,M1,28.314,69.966
4125,2025-05-02,Available,Britain,Standard,Agency,2025-10-29,19,2025-08-27 10:40:12,2025-09-08 08:14:15,M1,51.071,46.928
4126,2025-05-02,Available,Netherlands,Standard,Direct Sales,2025-09-17,23,,2025-08-26 16:10:10,M1,22.006,34.258
4127,2025-05-02,Available,Denmark,Standard,Agency,2025-10-16,17,2025-08-27 10:43:02,2025-09-29 11:54:39,M1,17.071,68.081
4128,2025-05-02,Available,Denmark,Standard,Agency,2025-11-19,22,2025-08-27 10:43:07,2025-09-09 14:20:31,M1,71.061,48.182
4129,2025-05-02,Available,Denmark,Standard,Agency,2025-10-23,22,2025-08-27 10:42:03,2025-09-09 14:20:31,M1,43.902,48.182
4130,2025-05-02,Available,Denmark,Standard,Agency,2025-10-11,18,2025-08-27 10:39:01,2025-09-05 10:45:57,M1,36.012,44.033
4131,2025-05-02,Available,Denmark,Standard,Agency,2025-11-10,18,2025-08-27 10:38:14,2025-09-05 10:46:13,M1,66.025,44.033
4132,2025-05-02,Available,Netherlands,Standard,Direct Sales,2025-09-04,23,,2025-08-26 16:10:56,M1,8.771,34.259
4133,2025-06-05,Available,Britain,Standard,Agency,2025-11-26,16,2025-09-12 11:03:02,2025-09-30 08:50:32,M1,56.282,68.953
4134,2025-06-05,Available,Britain,Standard,Agency,2025-10-03,9,2025-09-12 11:05:04,2025-09-30 08:55:00,M1,3.287,68.956
4135,2025-06-05,Available,Britain,Standard,Agency,2026-03-20,16,2025-09-12 11:02:27,2025-09-30 08:50:21,M1,171.242,68.953
4136,2025-06-05,Available,Britain,Standard,Agency,2025-10-31,16,,2025-09-30 08:50:30,M1,30.271,68.953
4137,2025-06-05,Available,Britain,Standard,Agency,2025-10-28,9,2025-09-12 11:05:02,2025-09-30 08:55:12,M1,28.097,68.956
4138,2025-06-05,Available,Britain,Standard,Agency,2025-12-22,15,2025-09-12 11:03:19,2025-09-30 08:54:50,M1,79.243,68.956
4139,2025-06-05,Reserved,Britain,Standard,Agency,2025-10-23,9,2025-09-12 11:02:06,2025-09-30 08:55:14,M1,23.047,68.956
4140,2025-06-05,Available,France,Standard,Direct Sales,2025-10-17,23,,2025-09-05 10:45:15,M1,42.054,44.033
4141,2025-06-05,Available,France,Standard,Direct Sales,2025-10-02,23,,2025-09-05 10:46:00,M1,27.095,44.033
4142,2025-06-05,Available,France,Standard,Direct Sales,2025-10-17,23,,2025-09-05 10:45:04,M1,41.986,44.033
4143,2025-06-05,Available,France,Standard,Direct Sales,2025-10-20,23,,2025-09-05 10:45:14,M1,45.154,44.033
4144,2025-06-05,Available,Netherlands,Standard,Direct Sales,2025-09-16,23,,2025-09-05 10:45:19,M1,11.126,
4145,2025-06-05,Available,Britain,Standard,Agency,2025-10-23,9,2025-09-12 11:05:16,2025-09-30 08:54:49,M1,23.139,68.956
4146,2025-06-05,Available,Britain,Standard,Agency,2025-10-29,9,2025-09-12 11:05:12,2025-09-30 08:55:03,M1,29.092,68.956
4147,2025-06-05,Available,Britain,Standard,Agency,2026-02-12,9,2025-09-12 11:05:17,2025-09-30 08:54:59,M1,135.005,68.956
4148,2025-06-05,Available,Britain,Standard,Agency,2025-10-10,9,2025-09-12 11:03:03,2025-09-30 08:55:16,M1,10.055,68.956
4149,2025-06-05,Available,Britain,Standard,Agency,2025-10-17,9,2025-09-12 11:05:05,2025-09-30 08:55:10,M1,17.271,68.956
4150,2025-06-05,Available,Britain,Standard,Agency,2025-10-03,9,2025-09-12 11:05:12,2025-09-30 08:55:15,M1,3.243,68.956
4151,2025-06-05,Available,Britain,Standard,Agency,2025-11-07,15,2025-09-12 11:02:22,2025-09-30 08:54:57,M1,38.178,68.956
4152,2025-06-05,Available,Britain,Standard,Agency,2025-11-25,15,2025-09-12 11:05:07,2025-09-30 08:55:15,M1,56.281,68.956
4153,2025-06-05,Available,Germany,Standard,Direct Sales,2026-02-10,23,2025-09-12 10:59:06,2025-12-29 09:19:20,M1,43.356,158.973
4154,2025-06-05,Available,Britain,Standard,Agency,2025-10-28,19,,2025-09-30 08:55:14,M1,28.187,68.956
4155,2025-06-05,Available,Britain,Standard,Agency,2025-10-15,19,2025-09-12 11:03:14,2025-09-30 08:55:04,M1,15.042,68.956
4156,2025-06-05,Available,Britain,Standard,Agency,2025-10-30,19,2025-09-12 11:03:11,2025-09-30 08:55:01,M1,30.25,68.956
4157,2025-06-05,Available,Britain,Standard,Agency,2025-10-24,19,2025-09-12 11:05:17,2025-09-30 08:55:14,M1,24.239,68.956
4158,2025-06-05,Available,Britain,Standard,Agency,2025-10-31,19,2025-09-12 10:58:25,2025-09-30 08:55:08,M1,31.0,68.956
4159,2025-06-05,Available,Denmark,Standard,Agency,2026-01-11,17,2025-09-23 09:58:19,2025-10-07 11:56:53,M1,96.365,67.857
4160,2025-06-05,Available,Britain,Standard,Agency,2025-10-24,19,2025-09-12 10:59:20,2025-09-30 08:55:06,M1,24.087,68.956
4161,2025-06-26,Available,Netherlands,Standard,Direct Sales,2025-11-07,23,2025-10-15 11:53:08,2025-10-29 16:23:01,M1,8.777,62.12
4162,2025-06-26,Available,Netherlands,Standard,Direct Sales,2025-11-03,23,2025-10-15 11:54:21,2025-10-16 11:37:36,M1,18.214,48.922
4163,2025-06-26,Available,Netherlands,Standard,Direct Sales,2025-11-25,23,2025-10-15 11:54:11,2025-10-29 16:23:03,M1,27.025,62.12
4164,2025-06-26,Available,Denmark,Standard,Agency,2025-11-07,22,2025-10-15 11:53:16,2025-10-16 11:37:11,M1,21.971,48.921
4165,2025-06-26,Available,Netherlands,Standard,Direct Sales,2025-11-10,23,2025-10-15 11:56:23,2025-10-29 16:23:02,M1,12.027,62.12
4166,2025-06-26,Available,Denmark,Standard,Agency,2025-11-07,18,2025-10-15 11:56:07,2025-10-16 11:37:16,M1,21.959,48.921
4167,2025-06-26,Available,Netherlands,Standard,Direct Sales,2025-11-18,23,2025-10-27 11:34:05,2025-10-30 11:53:37,M1,19.128,56.169
4168,2025-06-26,Available,Denmark,Standard,Agency,2025-11-14,17,2025-10-27 11:31:12,2025-11-03 16:38:33,M1,10.713,60.367
4169,2025-06-26,Available,Britain,Standard,Agency,2025-11-18,19,2025-10-15 11:56:14,2025-10-30 10:12:36,M1,18.976,62.863
4170,2025-06-26,Available,France,Standard,Direct Sales,2025-11-24,23,2025-10-15 11:53:24,2025-10-16 11:37:19,M1,38.985,48.922
4171,2025-06-26,Available,France,Standard,Direct Sales,2025-11-25,23,2025-10-15 11:52:19,2025-10-16 11:37:00,M1,40.168,48.921
4172,2025-06-26,Available,France,Standard,Direct Sales,2025-11-26,23,2025-10-27 11:31:13,2025-10-29 10:48:27,M1,28.21,
4173,2025-06-26,Available,France,Standard,Direct Sales,2025-11-25,23,2025-10-15 11:54:07,2025-10-16 11:37:24,M1,40.132,
4174,2025-06-26,Available,France,Standard,Direct Sales,2025-11-28,23,2025-10-15 11:53:15,2025-10-16 11:37:11,M1,43.01,48.921
4175,2025-08-05,Available,Denmark,Standard,Agency,2025-12-02,22,2025-11-17 13:11:01,2025-11-18 16:14:02,M1,14.049,64.32
4176,2025-08-05,Available,Denmark,Standard,Agency,2025-12-17,22,2025-11-17 13:12:23,2025-11-18 16:14:26,M1,28.761,64.32
4177,2025-08-05,Available,Denmark,Standard,Agency,2025-12-12,17,2025-11-17 13:14:11,2025-11-18 16:13:47,M1,23.737,64.32
4178,2025-08-05,Available,Denmark,Standard,Agency,2025-12-19,17,2025-11-17 13:14:23,2025-11-18 16:13:53,M1,30.757,64.32
4179,2025-08-05,Available,Denmark,Standard,Agency,2025-12-18,17,2025-11-17 13:09:16,2025-11-18 16:13:48,M1,29.83,64.319
4180,2025-08-05,Available,Denmark,Standard,Agency,2025-12-08,17,2025-11-17 13:08:19,2025-11-18 16:13:40,M1,19.722,64.319
4181,2025-08-05,Available,Netherlands,Standard,Direct Sales,2025-12-01,23,2025-11-17 13:11:19,2025-11-18 16:14:11,M1,12.977,57.166
4182,2025-08-05,Available,Switzerland,Standard,Agency,2025-12-15,11,2025-11-17 13:14:08,2025-11-27 11:01:04,M1,18.246,65.948
4183,2025-08-05,Available,Britain,Standard,Agency,2025-12-09,5,2025-11-17 13:10:15,2025-11-26 21:04:00,M1,12.68,65.367
4184,2025-08-05,Available,Britain,Standard,Agency,2025-12-08,5,2025-11-17 13:12:22,2025-11-26 21:03:59,M1,6.662,65.367
4185,2025-08-05,Available,Switzerland,Standard,Agency,2025-12-20,11,2025-11-17 13:13:19,2025-11-25 14:51:53,M1,25.262,64.109
4186,2025-08-05,Available,Switzerland,Standard,Agency,2025-12-08,11,2025-11-25 15:30:18,2025-11-27 11:12:31,M1,10.829,65.956
4187,2025-08-05,Available,Britain,Standard,Agency,2025-12-15,9,2025-11-25 15:30:01,2025-11-29 10:22:34,M1,15.976,67.922
4188,2025-08-05,Available,Britain,Standard,Agency,2025-12-26,9,2025-11-25 15:33:13,2025-11-29 10:22:35,M1,26.167,67.922
4189,2025-08-05,Available,Britain,Standard,Agency,2026-03-05,15,2025-12-23 10:30:09,2026-01-06 11:48:51,M1,54.904,78.088
4190,2025-08-05,Available,Britain,Standard,Agency,2026-02-12,4,2025-12-23 10:33:16,2026-01-01 14:56:13,M1,41.85,73.218
4191,2025-08-05,Available,Switzerland,Standard,Agency,2025-12-31,11,2025-12-23 10:32:01,2025-12-26 09:18:09,M1,5.135,65.851
4192,2025-08-05,Available,Britain,Standard,Agency,2026-03-06,4,2025-12-23 10:35:22,2026-01-02 10:30:41,M1,62.066,71.06
4193,2025-08-05,Available,Britain,Standard,Agency,2026-03-09,4,2025-12-23 10:33:07,2026-01-01 14:56:13,M1,66.808,70.245
4194,2025-08-05,Available,Denmark,Standard,Agency,2026-01-22,22,2026-01-06 17:21:17,2026-01-07 12:01:41,M1,14.992,76.124
4195,2025-08-05,Available,Switzerland,Standard,Agency,2025-12-31,11,2025-12-23 10:32:10,2025-12-26 15:42:54,M1,5.199,64.277
4196,2025-08-05,Available,Denmark,Standard,Agency,2026-02-09,18,2026-01-06 17:21:06,2026-01-09 13:05:58,M1,30.871,78.168
4197,2025-08-05,Available,Belgium,Standard,Agency,2026-01-28,20,2026-01-06 17:21:13,2026-01-07 12:01:32,M1,20.94,75.121
4198,2025-06-26,Available,Switzerland,Standard,Agency,2025-12-31,11,2025-12-23 10:30:04,2025-12-26 15:42:55,M1,5.192,63.274
4199,2025-06-26,Available,Switzerland,Standard,Agency,2025-12-31,11,2025-12-23 10:29:07,2025-12-26 09:18:09,M1,5.137,63.007
4200,2025-06-26,Available,Switzerland,Standard,Agency,2025-12-31,11,2025-12-23 10:28:04,2025-12-26 09:18:07,M1,5.137,60.07
4201,2025-06-26,Available,Switzerland,Standard,Agency,2026-01-06,11,2025-12-23 10:27:10,2026-01-01 17:35:16,M1,4.621,66.416
4202,2025-06-26,Available,Belgium,Standard,Agency,2026-02-20,26,,2025-12-19 13:04:39,M1,70.081,53.228
4203,2025-06-26,Available,Belgium,Standard,Agency,2026-02-19,20,2026-01-06 17:21:13,2026-01-07 12:01:31,M1,41.972,72.184
4204,2025-06-26,Available,Belgium,Standard,Agency,2026-02-16,26,,2025-12-19 13:04:41,M1,59.061,53.228
4205,2025-06-26,Available,Belgium,Standard,Agency,2026-01-13,20,,2025-12-19 13:04:44,M1,24.854,53.228
4206,2025-06-26,Available,Belgium,Standard,Agency,2026-01-02,20,,2025-12-19 13:04:51,M1,13.011,53.228
4207,2025-06-26,Available,Denmark,Standard,Agency,2026-01-02,22,,2025-12-19 13:35:28,M1,20.944,53.249
4208,2025-06-26,Available,Denmark,Standard,Agency,2026-01-16,22,,2025-12-19 13:35:18,M1,27.962,53.249
4209,2025-06-26,Available,Denmark,Standard,Agency,2026-02-04,22,,2025-12-19 13:35:28,M1,46.827,53.249
4210,2025-06-26,Available,Denmark,Standard,Agency,2026-01-07,22,,2025-12-19 13:35:32,M1,18.837,53.249
4211,2025-06-26,Available,Denmark,Standard,Agency,2026-01-13,22,,2025-12-19 13:35:34,M1,24.027,53.249
4212,2025-06-26,Available,Switzerland,Standard,Agency,2026-01-06,11,2025-12-23 10:29:20,2026-01-01 17:32:03,M1,4.755,66.413
4213,2025-06-26,Available,Denmark,Standard,Agency,2026-02-19,18,2026-01-06 17:21:20,2026-01-09 13:06:00,M1,40.902,73.668
4214,2025-06-26,Available,Switzerland,Standard,Agency,2026-01-06,11,2025-12-23 10:29:19,2026-01-01 17:32:01,M1,4.756,66.173
4215,2025-06-26,Available,Denmark,Standard,Agency,2026-02-10,18,,2025-12-19 13:04:46,M1,52.028,52.988
4216,2025-06-26,Available,Denmark,Standard,Agency,2026-02-09,18,2026-01-06 17:21:15,2026-01-07 12:01:35,M1,32.913,70.826
4217,2025-08-05,Available,Britain,Standard,Agency,2026-03-05,16,2026-01-13 08:32:23,2026-01-28 17:11:44,M1,34.954,86.336
4218,2025-08-05,Available,France,Standard,Direct Sales,2026-02-05,23,2026-01-13 08:32:04,2026-01-14 10:56:43,M1,22.154,72.076
4219,2025-08-05,Available,Britain,Standard,Agency,2026-03-10,9,2026-01-13 08:32:58,2026-01-28 17:11:51,M1,40.888,86.336
4220,2025-08-05,Available,Belgium,Standard,Agency,2026-02-17,20,2026-01-16 08:38:12,2026-01-16 15:18:12,M2,31.116,73.168
4221,2025-08-05,Available,Denmark,Standard,Agency,2026-02-10,17,2026-01-16 08:38:18,2026-01-20 11:12:01,M2,21.032,76.997
4222,2025-08-05,Available,Denmark,Standard,Agency,2026-02-03,18,2026-01-16 08:38:04,2026-01-20 11:11:59,M2,14.151,76.997
4223,2025-08-05,Available,Britain,Standard,Agency,2026-02-20,16,2026-01-13 08:32:37,2026-01-28 17:11:40,M1,22.645,85.123
4224,2025-08-05,Available,France,Standard,Direct Sales,2026-02-06,23,2026-01-16 08:38:20,2026-01-20 15:10:56,M2,17.026,77.04
4225,2025-08-05,Available,Denmark,Standard,Agency,2026-03-09,18,2026-01-16 08:38:25,2026-01-20 11:12:04,M2,47.888,76.874
4226,2025-08-05,Available,Denmark,Standard,Agency,2026-03-03,22,2026-01-16 08:38:23,2026-01-20 15:10:56,M2,41.795,76.252
4227,2025-09-05,Available,Britain,Standard,Agency,2026-02-19,16,2026-01-13 08:32:49,2026-01-28 17:11:34,M1,20.852,84.103
4228,2025-08-05,Available,Britain,Standard,Agency,2026-03-10,15,2026-01-16 08:38:16,2026-02-10 17:10:24,M2,27.611,96.846
4229,2025-09-05,Available,Denmark,Business,Agency,2026-03-10,17,2026-01-28 11:05:01,2026-02-05 09:25:51,M2,33.253,91.524
4230,2025-08-05,Available,Britain,Standard,Agency,2026-04-08,9,2026-01-13 08:32:19,2026-01-28 17:11:35,M1,69.787,83.1
4231,2025-09-05,Available,Britain,Standard,Agency,2026-02-11,9,2026-01-13 08:33:16,2026-01-28 17:12:10,M1,13.894,80.269
4232,2025-09-05,Available,Britain,Standard,Agency,2026-03-10,9,2026-01-13 08:32:03,2026-01-28 17:11:34,M1,40.887,80.269
4233,2025-09-05,Available,Britain,Standard,Agency,2026-03-10,9,2026-01-13 08:32:55,2026-01-28 17:11:42,M1,40.919,80.269
4234,2025-09-05,Available,Britain,Standard,Agency,2026-02-18,16,2026-01-13 08:32:46,2026-01-28 17:11:28,M1,20.64,80.269
4235,2025-09-05,Available,Britain,Standard,Agency,2026-02-18,9,2026-01-13 08:32:33,2026-01-28 17:11:28,M1,20.707,80.269
4236,2025-09-05,Available,Britain,Standard,Agency,2026-02-26,9,2026-01-13 08:32:49,2026-01-28 17:11:34,M1,28.808,80.269
4237,2025-09-05,Available,Britain,Standard,Agency,2026-02-26,9,2026-01-13 08:32:25,2026-01-28 17:11:47,M1,27.912,80.269
4238,2025-09-05,Available,Britain,Standard,Agency,2026-03-10,9,2026-01-13 08:32:31,2026-01-28 17:12:05,M1,40.927,80.269
4239,2025-10-13,Available,Britain,Standard,Agency,2026-04-06,9,2026-01-13 08:32:43,2026-01-28 17:11:59,M1,68.738,79.412
4240,2025-10-13,Available,Britain,Standard,Agency,2026-03-25,9,2026-01-13 08:33:15,2026-01-28 17:12:09,M1,55.699,79.412
4241,2025-10-13,Available,Britain,Standard,Agency,2026-03-10,9,2026-01-13 08:32:43,2026-01-28 17:11:58,M1,40.895,79.412
4242,2025-10-13,Available,Britain,Standard,Agency,2026-03-05,9,2026-01-13 08:32:52,2026-01-28 17:11:40,M1,35.742,79.412
4243,2025-09-05,Available,Britain,Standard,Agency,2026-02-04,9,2026-01-13 08:32:33,2026-01-28 17:11:29,M1,6.871,79.412
4244,2025-10-13,Available,Britain,Standard,Agency,2026-03-10,9,2026-01-13 08:32:05,2026-01-28 17:11:38,M1,40.957,76.284
4245,2025-09-05,Available,Britain,Standard,Agency,2026-03-10,9,2026-01-13 08:32:11,2026-01-28 17:11:53,M1,40.756,76.284
4246,2025-10-13,Available,Britain,Standard,Agency,2026-02-16,9,2026-01-13 08:32:17,2026-01-28 17:11:27,M1,18.85,76.284
4247,2025-10-13,Available,Britain,Standard,Agency,2026-03-03,9,2026-01-13 08:32:07,2026-01-28 17:11:41,M1,33.913,76.284
4248,2025-10-13,Available,Britain,Standard,Agency,2026-03-10,9,2026-01-13 08:32:09,2026-01-28 17:11:45,M1,40.933,76.284
4249,2025-10-13,Available,Britain,Standard,Agency,2026-02-06,9,2026-01-13 08:33:02,2026-01-28 17:11:58,M1,8.811,76.284
4250,2025-09-05,Available,Britain,Standard,Agency,2026-02-19,9,2026-01-13 08:32:02,2026-01-28 17:11:33,M1,21.874,76.284
4251,2025-09-05,Available,Britain,Standard,Agency,2026-04-09,9,2026-01-13 08:32:57,2026-01-28 17:11:46,M1,70.704,76.284
4252,2025-10-13,Available,Britain,Standard,Agency,2026-03-09,19,2026-01-13 08:32:44,2026-01-28 17:12:00,M1,39.957,76.284
4253,2025-09-05,Available,Britain,Standard,Agency,2026-03-06,9,2026-01-13 08:32:45,2026-01-28 17:12:06,M1,36.717,76.284
4254,2025-10-13,Available,Netherlands,Standard,Direct Sales,2026-02-14,23,2026-01-13 08:32:47,2026-02-04 08:16:05,M1,10.301,82.912
4255,2025-09-05,Available,Britain,Standard,Agency,2026-02-07,9,2026-01-13 08:32:52,2026-01-28 17:11:39,M1,9.857,76.284
4256,2025-10-13,Available,France,Standard,Direct Sales,2026-02-03,23,2026-01-13 08:32:54,2026-01-14 10:56:50,M1,20.202,62.024
4257,2025-10-13,Available,Germany,Standard,Direct Sales,2026-03-23,23,2026-01-13 08:32:28,2026-01-26 14:01:58,M1,55.93,74.152
4258,2025-10-13,Available,Switzerland,Standard,Agency,2026-02-08,11,2026-01-13 08:32:03,2026-02-02 13:40:23,M1,6.324,81.137
4259,2025-09-05,Available,Netherlands,Standard,Direct Sales,2026-03-06,23,2026-01-28 11:05:11,2026-02-11 08:59:51,M2,23.324,83.924
4260,2025-09-05,Available,Netherlands,Standard,Direct Sales,2026-03-06,23,2026-01-28 11:05:11,2026-02-27 16:59:24,M2,6.996,100.257
4261,2025-09-05,Available,Netherlands,Standard,Direct Sales,2026-03-06,23,2026-01-28 11:05:06,2026-02-20 12:47:34,M2,13.904,91.916
4262,2025-09-05,Available,Denmark,Demo,Agency,2026-02-16,18,2026-01-28 11:05:08,2026-02-03 13:32:35,M2,13.144,74.948
4263,2025-09-05,Available,France,Standard,Direct Sales,2026-03-17,23,,2026-02-13 10:38:31,M2,31.905,79.955
4264,2025-09-05,Available,France,Standard,Direct Sales,2026-03-06,23,,2026-02-13 10:38:36,M2,21.26,79.955
4265,2025-09-05,Available,France,Standard,Direct Sales,2026-03-09,23,,2026-02-13 10:38:36,M2,24.217,79.955
4266,2025-09-05,Available,Britain,Standard,Agency,2026-04-09,6,2026-02-13 10:54:28,2026-02-18 15:41:39,M2,49.9,83.224
4267,2025-09-05,Available,France,Standard,Direct Sales,2026-02-24,23,,2026-02-11 08:59:56,M2,13.089,75.945
4268,2025-09-05,Available,Netherlands,Standard,Direct Sales,2026-03-10,24,2026-02-13 10:54:16,2026-03-05 13:39:09,M2,5.13,98.139
4269,2025-09-05,Available,Britain,Standard,Agency,2026-03-09,3,2026-02-13 10:54:26,2026-02-18 15:41:33,M2,18.95,83.224
4270,2025-10-13,Available,France,Standard,Direct Sales,2026-04-02,23,,2026-02-10 15:04:18,M2,50.882,75.198
4271,2025-10-13,Available,France,Standard,Direct Sales,2026-03-11,23,,2026-02-11 08:59:57,M2,28.171,75.945
4272,2025-10-13,Available,France,Standard,Direct Sales,2026-03-10,23,,2026-02-11 08:59:50,M2,27.29,75.945
4273,2025-10-13,Available,France,Standard,Direct Sales,2026-03-26,23,,2026-02-10 15:04:10,M2,43.814,75.198
4274,2025-10-13,Available,France,Standard,Direct Sales,2026-03-27,23,,2026-02-10 15:04:16,M2,44.888,75.198
4275,2025-10-13,Available,France,Standard,Direct Sales,2026-03-09,23,,2026-02-11 08:59:57,M2,26.091,75.945
4276,2025-10-13,Available,France,Standard,Direct Sales,2026-03-10,23,,2026-02-11 08:59:49,M2,27.234,75.945
4277,2025-10-13,Available,France,Standard,Direct Sales,2026-03-06,23,,2026-02-11 08:59:55,M2,23.119,75.945
4278,2025-10-13,Available,Denmark,Standard,Agency,2026-04-17,17,2026-03-04 12:07:26,2026-03-20 12:37:44,M2,27.835,113.096
4279,2025-10-13,Available,Netherlands,Standard,Direct Sales,2026-03-02,23,,2026-02-11 09:05:47,M2,19.343,75.949
4280,2025-10-13,Available,Netherlands,Standard,Direct Sales,2026-03-02,23,,2026-02-11 09:05:49,M2,19.37,74.681
4281,2025-10-13,Available,France,Standard,Direct Sales,2026-03-10,23,,2026-02-11 08:59:56,M2,27.24,72.06
4282,2025-10-13,Available,France,Standard,Direct Sales,2026-03-10,23,,2026-02-10 15:04:21,M2,28.02,71.313
4283,2025-10-13,Available,France,Standard,Direct Sales,2026-04-01,23,,2026-02-10 15:04:18,M2,49.714,71.313
4284,2025-10-13,Available,Britain,Standard,Agency,2026-03-11,4,2026-02-13 10:52:02,2026-02-18 15:41:03,M2,29.687,79.339
4285,2025-10-13,Available,Britain,Standard,Agency,2026-03-11,4,2026-02-13 10:52:03,2026-02-18 15:41:08,M2,29.687,79.339
4286,2025-10-13,Available,Switzerland,Standard,Agency,2026-03-01,11,2026-02-13 10:53:23,2026-02-25 14:34:54,M2,4.309,86.293
4287,2025-10-13,Available,Switzerland,Standard,Agency,2026-03-01,11,2026-02-13 10:52:12,2026-02-25 14:34:54,M2,4.306,86.293
4288,2025-10-13,Available,Britain,Display,Agency,2026-04-09,19,2026-02-13 10:52:05,2026-02-18 15:41:14,M2,49.881,79.339
4289,2025-10-30,Available,France,Standard,Direct Sales,2026-03-31,23,2026-03-04 12:09:02,2026-03-20 09:18:34,M2,11.262,102.061
4290,2025-10-30,Available,France,Standard,Direct Sales,2026-04-09,23,2026-03-04 12:09:51,2026-03-18 11:24:05,M2,22.065,100.148
4291,2025-10-13,Available,Britain,Display,Agency,2026-04-09,19,2026-02-13 10:52:11,2026-02-18 15:41:31,M2,49.881,71.263
4292,2025-10-13,Available,Netherlands,Standard,Direct Sales,2026-04-09,23,2026-03-04 12:08:26,2026-03-20 09:18:36,M2,20.243,95.004
4293,2025-10-30,Available,France,Standard,Direct Sales,2026-04-15,23,2026-02-27 13:24:18,2026-03-12 13:12:28,M2,33.88,83.039
4294,2025-10-30,Available,France,Standard,Direct Sales,2026-04-03,23,2026-02-27 13:24:29,2026-03-20 09:18:37,M2,14.139,90.877
4295,2025-10-30,Available,France,Standard,Direct Sales,2026-03-31,23,2026-02-27 13:25:10,2026-03-20 09:18:34,M2,11.253,90.877
4296,2025-10-30,Available,Britain,Display,Agency,2026-04-09,19,2026-02-27 13:24:37,2026-03-24 12:50:30,M2,15.965,95.024
4297,2025-10-30,Available,Germany,Standard,Direct Sales,2026-04-09,23,2026-02-27 13:25:14,2026-03-25 10:55:32,M2,15.126,95.944
4298,2025-10-30,Available,France,Standard,Direct Sales,2026-04-08,23,2026-02-27 13:25:11,2026-03-12 13:12:40,M2,26.857,83.039
4299,2025-10-30,Available,France,Standard,Direct Sales,2026-04-06,23,2026-02-27 13:25:38,2026-03-12 13:12:46,M2,25.063,83.039
4300,2025-10-30,Available,France,Standard,Direct Sales,2026-04-08,23,2026-02-27 13:24:34,2026-03-18 09:03:42,M2,21.211,86.01
4301,2025-10-30,Available,France,Standard,Direct Sales,2026-04-17,23,2026-02-27 13:25:12,2026-03-18 09:03:40,M2,29.979,86.01
4302,2025-10-30,Available,France,Standard,Direct Sales,2026-04-08,23,2026-02-27 13:24:38,2026-03-18 09:03:43,M2,21.145,86.01
4303,2025-11-28,Available,France,Standard,Direct Sales,2026-04-08,23,2026-03-02 09:17:26,2026-03-11 10:21:32,M2,28.214,79.064
4304,2025-10-30,Available,France,Standard,Direct Sales,2026-04-07,23,2026-02-27 13:25:36,2026-03-12 13:12:36,M2,26.018,80.183
4305,2025-11-28,Available,Germany,Standard,Direct Sales,2026-04-09,23,2026-03-02 09:19:40,2026-03-18 09:03:43,M2,22.072,86.01
4306,2025-10-30,Available,France,Standard,Direct Sales,2026-04-03,23,2026-02-27 13:25:26,2026-03-12 13:12:37,M2,22.147,80.183
4307,2025-10-30,Available,Denmark,Standard,Agency,2026-04-09,18,,2026-02-27 13:16:34,M2,41.015,67.186
4308,2025-10-30,Available,Denmark,Standard,Agency,2026-04-14,18,,2026-02-27 13:16:27,M2,45.919,67.186
4309,2025-11-28,Available,France,Standard,Direct Sales,2026-03-23,23,2026-03-02 09:17:10,2026-03-11 10:21:40,M2,12.123,79.064
4310,2025-11-28,Available,Germany,Standard,Direct Sales,2026-04-17,23,2026-03-02 09:21:09,2026-03-11 10:21:39,M2,36.92,79.064
4311,2025-11-28,Available,Netherlands,Standard,Direct Sales,2026-03-20,23,2026-03-02 09:21:09,2026-03-04 13:48:00,M2,15.858,72.208
4312,2025-11-28,Available,France,Standard,Direct Sales,2026-04-14,23,2026-03-02 09:18:20,2026-03-11 10:21:27,M2,34.121,79.064
4313,2025-11-28,Available,France,Standard,Direct Sales,2026-04-09,23,2026-03-02 09:21:51,2026-03-18 11:24:06,M2,22.074,86.108
4314,2025-11-28,Available,France,Standard,Direct Sales,2026-04-08,23,2026-03-02 09:18:20,2026-03-18 11:24:06,M2,21.114,86.108
4315,2025-11-28,Available,France,Standard,Direct Sales,2026-03-23,23,2026-03-02 09:19:06,2026-03-11 10:21:31,M2,12.12,79.064
4316,2025-11-28,Available,France,Standard,Direct Sales,2026-03-23,23,2026-03-02 09:17:40,2026-03-11 10:21:39,M2,12.107,79.064
4317,2025-11-28,Available,France,Standard,Direct Sales,2026-04-09,23,2026-03-02 09:19:41,2026-03-11 10:21:37,M2,29.199,79.064
4318,2025-11-28,Available,France,Standard,Direct Sales,2026-04-16,23,2026-03-02 09:17:12,2026-03-11 10:21:19,M2,36.146,77.991
4319,2025-11-28,Available,France,Standard,Direct Sales,2026-04-08,23,2026-03-02 09:21:51,2026-03-11 10:21:31,M2,28.089,77.991
4320,2025-11-28,Available,France,Standard,Direct Sales,2026-04-08,23,2026-03-02 09:18:21,2026-03-11 10:21:33,M2,28.084,77.746
4321,2025-11-28,Available,Belgium,Standard,Agency,2026-03-25,12,2026-03-02 09:19:42,2026-03-02 14:48:09,M2,22.913,63.234
4322,2025-12-30,Available,France,Standard,Direct Sales,2026-04-02,23,,2026-03-20 09:18:40,M2,13.073,73.75
4323,2025-12-30,Available,France,Standard,Direct Sales,2026-04-02,23,,2026-03-20 09:18:33,M2,13.073,73.014
4324,2025-12-30,Available,France,Standard,Direct Sales,2026-03-31,23,,2026-03-20 09:18:41,M2,11.261,72.003
4325,2025-12-30,Available,France,Standard,Direct Sales,2026-04-09,23,,2026-03-20 12:37:38,M2,20.081,71.87
4326,2025-12-30,Available,France,Standard,Direct Sales,2026-04-09,23,,2026-03-20 12:37:41,M2,20.08,71.87
4327,,Available,Netherlands,Business,Direct Sales,2026-03-31,23,,2025-06-26 15:35:02,M2,277.871,
4328,,Available,France,Standard,Direct Sales,2025-05-07,23,2025-04-08 14:54:11,,M0,,
4329,,Available,France,Standard,Direct Sales,2025-05-05,23,2025-04-08 14:50:09,,M0,,
4330,,Reserved,Britain,Standard,Agency,2025-05-10,16,2025-04-08 14:50:05,,M0,,
4331,,Available,France,Standard,Direct Sales,2025-05-01,23,2025-04-08 14:53:16,,M0,,
4332,,Available,France,Standard,Direct Sales,2025-05-07,23,2025-04-08 14:56:07,,M0,,
4333,,Available,France,Standard,Direct Sales,2025-05-05,23,2025-04-08 14:56:03,,M0,,
4334,,Available,France,Standard,Direct Sales,2025-04-23,23,2025-04-08 14:57:13,,M0,,
4335,,Available,France,Standard,Direct Sales,2025-05-07,23,2025-04-08 14:54:15,,M0,,
4336,,Reserved,Britain,Standard,Agency,2025-05-02,19,2025-04-08 14:50:05,,M0,,
4337,,Reserved,Britain,Standard,Agency,2025-05-15,19,2025-04-08 14:50:09,,M0,,
4338,,Reserved,Britain,Standard,Agency,2025-05-02,19,2025-04-08 14:54:12,,M0,,
4339,,Available,Netherlands,Standard,Direct Sales,2025-06-05,23,2025-04-21 10:03:16,,M0,,
4340,,Available,France,Standard,Direct Sales,2025-05-12,23,2025-04-08 14:50:20,,M0,,
4341,,Available,France,Standard,Direct Sales,2025-06-05,23,2025-05-05 08:35:06,,M0,,
4342,,Available,France,Standard,Direct Sales,2025-05-23,23,2025-05-05 08:38:06,,M0,,
4343,,Available,France,Standard,Direct Sales,2025-06-24,23,2025-05-05 08:36:09,,M0,,
4344,,Available,France,Standard,Direct Sales,2025-05-23,23,2025-05-05 08:32:08,,M0,,
4345,,Available,France,Standard,Direct Sales,2025-05-29,23,2025-05-05 08:33:15,,M0,,
4346,,Available,France,Standard,Direct Sales,2025-06-05,23,2025-05-05 08:37:02,,M0,,
4347,,Available,France,Standard,Direct Sales,2025-05-22,23,2025-05-05 08:33:22,,M0,,
4348,,Available,France,Standard,Direct Sales,2025-07-07,23,2025-05-05 08:32:08,,M0,,
4349,,Available,France,Standard,Direct Sales,2025-05-23,23,2025-05-05 08:35:18,,M0,,
4350,,Available,France,Standard,Direct Sales,2025-06-09,23,2025-05-05 08:33:23,,M0,,
4351,,Available,France,Standard,Direct Sales,2025-06-09,23,2025-05-05 08:35:14,,M0,,
4352,,Available,France,Standard,Direct Sales,2025-06-09,23,2025-05-05 08:33:23,,M0,,
4353,,Available,France,Standard,Direct Sales,2025-06-09,23,2025-05-05 08:33:03,,M0,,
4354,,Available,France,Standard,Direct Sales,2025-06-11,23,2025-05-05 08:32:15,,M0,,
4355,,Available,France,Standard,Direct Sales,2025-06-09,23,2025-05-05 08:37:02,,M0,,
4356,,Available,France,Standard,Direct Sales,2025-07-09,23,2025-05-05 08:32:00,,M0,,
4357,,Available,France,Standard,Direct Sales,2025-06-06,23,2025-05-05 08:35:09,,M0,,
4358,,Available,France,Standard,Direct Sales,2025-06-09,23,2025-05-05 08:34:19,,M0,,
4359,,Available,Netherlands,Standard,Direct Sales,2025-05-16,23,2025-05-05 08:36:16,,M0,,
4360,,Available,Netherlands,Standard,Direct Sales,2025-05-30,23,2025-05-05 08:38:03,,M0,,
4361,,Available,Netherlands,Standard,Direct Sales,2025-05-30,23,2025-05-05 08:37:15,,M0,,
4362,,Available,Netherlands,Standard,Direct Sales,2025-06-09,23,2025-05-05 08:35:10,,M0,,
4363,,Available,Netherlands,Standard,Direct Sales,2025-05-30,23,2025-05-05 08:32:06,,M0,,
4364,,Available,Netherlands,Standard,Direct Sales,2025-05-30,23,2025-05-05 08:38:14,,M0,,
4365,,Available,Netherlands,Standard,Direct Sales,2025-05-30,23,2025-05-05 08:34:18,,M0,,
4366,,Available,Netherlands,Standard,Direct Sales,2025-06-25,23,2025-05-05 08:32:16,,M0,,
4367,,Available,Netherlands,Standard,Direct Sales,2025-06-09,23,2025-05-05 08:36:24,,M0,,
4368,,Available,Netherlands,Standard,Direct Sales,2025-05-27,23,2025-05-05 08:33:16,,M0,,
4369,,Available,Netherlands,Standard,Direct Sales,2025-06-05,23,2025-05-05 08:33:10,,M0,,
4370,,Available,Netherlands,Standard,Direct Sales,2025-05-20,23,2025-05-05 08:37:11,,M0,,
4371,,Available,Netherlands,Standard,Direct Sales,2025-06-03,23,2025-05-05 08:36:12,,M0,,
4372,,Available,Netherlands,Standard,Direct Sales,2025-06-04,23,2025-05-05 08:36:16,,M0,,
4373,,Available,Netherlands,Standard,Direct Sales,2025-06-04,23,2025-05-05 08:38:02,,M0,,
4374,,Available,Netherlands,Standard,Direct Sales,2025-05-29,23,2025-05-05 08:34:01,,M0,,
4375,2025-02-28,Available,France,Standard,Direct Sales,2025-09-05,23,2025-06-17 11:23:10,,M0,,
4376,2025-02-28,Available,France,Standard,Direct Sales,2025-07-09,23,2025-06-17 11:27:13,,M0,,
4377,2025-02-28,Available,France,Standard,Direct Sales,2025-08-08,23,2025-06-17 11:31:17,,M0,,
4378,2025-02-28,Available,France,Standard,Direct Sales,2025-09-09,23,2025-06-17 11:24:20,,M0,,
4379,2025-02-28,Available,France,Standard,Direct Sales,2025-10-27,23,2025-06-17 11:32:00,,M0,,
4380,2025-02-28,Available,France,Standard,Direct Sales,2025-07-30,23,2025-06-17 11:31:18,,M0,,
4381,2025-02-28,Available,France,Standard,Direct Sales,2025-07-09,23,2025-06-17 11:31:09,,M0,,
4382,2025-02-28,Available,France,Standard,Direct Sales,2025-07-10,23,2025-06-17 11:30:22,,M0,,
4383,2025-02-28,Available,France,Standard,Direct Sales,2025-07-03,23,2025-06-17 11:32:18,,M0,,
4384,2025-02-28,Available,France,Standard,Direct Sales,2025-07-28,23,2025-06-17 11:32:16,,M0,,
4385,2025-02-28,Available,France,Standard,Direct Sales,,23,2025-06-17 11:30:05,,M0,,
4386,2025-02-28,Available,France,Standard,Direct Sales,2025-07-07,23,2025-06-17 11:28:05,,M0,,
4387,2025-02-28,Reserved,Britain,Standard,Agency,2025-07-10,16,2025-06-17 11:30:02,,M0,,
4388,2025-02-28,Available,France,Standard,Direct Sales,2025-07-30,23,2025-06-17 11:25:16,,M0,,
4389,2025-02-28,Available,France,Standard,Direct Sales,2025-06-27,23,2025-06-17 11:32:14,,M0,,
4390,2025-02-28,Available,France,Standard,Direct Sales,2025-10-20,23,2025-06-17 11:31:14,2025-09-05 12:46:03,M0,44.946,
4391,2025-02-28,Available,France,Standard,Direct Sales,2025-08-07,23,2025-06-17 11:28:24,2025-07-09 10:20:48,M0,29.065,
4392,2025-02-28,Available,Britain,Standard,Agency,2025-12-01,16,2025-06-17 11:27:22,2025-08-14 09:47:21,M0,106.237,22.016
4393,2025-02-28,Reserved,Britain,Standard,Agency,2025-07-07,19,2025-06-17 11:28:07,,M0,,
4394,2025-02-28,Available,Britain,Standard,Agency,2025-10-07,9,2025-06-17 11:29:20,,M0,,
4395,2025-02-28,Reserved,Britain,Standard,Agency,2025-07-09,9,2025-06-17 11:29:10,,M0,,
4396,2025-02-28,Reserved,Britain,Standard,Agency,2025-07-07,19,2025-06-17 11:25:17,,M0,,
4397,2025-02-28,Reserved,Britain,Standard,Agency,2025-07-07,19,2025-06-17 11:27:01,,M0,,
4398,2025-03-28,Available,Netherlands,Standard,Direct Sales,2025-10-06,23,2025-06-17 11:26:22,2025-08-12 13:22:12,M0,55.126,20.144
4399,2025-03-28,Available,France,Standard,Direct Sales,2025-08-08,23,2025-07-07 11:39:04,2025-08-05 14:46:10,M0,3.111,
4400,2025-03-28,Available,France,Standard,Direct Sales,2025-08-14,23,2025-07-07 11:37:19,2025-08-05 14:22:43,M0,8.93,
4401,2025-03-28,Available,France,Standard,Direct Sales,2025-08-04,23,2025-07-07 11:37:06,2025-07-21 10:55:40,M0,14.099,
4402,2025-03-28,Available,France,Standard,Direct Sales,2025-08-08,23,2025-07-07 11:38:23,2025-07-21 10:53:23,M0,18.13,
4403,2025-03-28,Available,France,Standard,Direct Sales,2025-08-08,23,2025-07-07 11:37:10,2025-07-21 10:53:24,M0,18.318,
4404,2025-03-28,Available,France,Standard,Direct Sales,2025-08-13,23,2025-07-07 11:37:02,2025-07-23 10:37:18,M0,21.208,
4405,2025-03-28,Available,France,Standard,Direct Sales,2025-08-08,23,2025-07-07 11:39:20,2025-07-21 10:55:39,M0,17.965,
4406,2025-03-28,Available,France,Standard,Direct Sales,2025-08-08,23,2025-07-07 11:38:09,2025-07-23 10:37:17,M0,16.241,
4407,2025-03-28,Available,France,Standard,Direct Sales,2025-09-11,23,2025-07-07 11:37:12,2025-07-23 10:37:13,M0,50.012,
4408,2025-03-28,Available,Netherlands,Standard,Direct Sales,2025-07-31,23,2025-07-07 11:38:03,2025-07-18 12:44:44,M0,13.162,
4409,2025-03-28,Reserved,Denmark,Standard,Agency,2025-08-14,18,2025-07-07 11:37:20,2025-07-22 07:43:15,M0,23.275,
4410,2025-03-28,Reserved,Denmark,Standard,Agency,2025-09-11,17,2025-07-14 12:41:23,2025-07-22 10:59:09,M0,50.961,
4411,2025-03-28,Reserved,Denmark,Standard,Agency,2025-08-08,17,2025-07-14 12:41:08,2025-07-22 10:59:14,M0,17.057,
4412,2025-03-28,Available,France,Standard,Direct Sales,2025-08-15,23,2025-07-14 12:42:07,2025-07-24 14:00:34,M0,21.838,
4413,2025-03-28,Available,France,Standard,Direct Sales,2025-08-08,23,2025-07-14 12:41:06,2025-07-23 09:34:08,M0,16.302,
4414,2025-03-28,Available,France,Business,Direct Sales,2026-03-09,23,2025-07-14 12:41:03,2025-07-28 11:44:58,M0,223.963,
4415,2025-03-28,Available,France,Standard,Direct Sales,2025-08-08,23,2025-07-14 12:42:10,2025-07-28 11:45:01,M0,11.24,
4416,2025-03-28,Available,France,Standard,Direct Sales,2025-08-07,23,2025-07-14 12:41:12,2025-07-28 11:45:52,M0,9.976,
4417,2025-03-28,Available,France,Standard,Direct Sales,2025-08-27,23,2025-07-14 12:41:05,2025-07-23 09:34:09,M0,35.124,
4418,2025-03-28,Available,Britain,Standard,Agency,2025-09-01,9,2025-07-14 12:42:18,2025-08-06 09:34:00,M0,26.191,
4419,2025-03-28,Reserved,Denmark,Standard,Agency,2025-08-13,18,2025-07-14 12:41:02,2025-07-22 20:09:49,M0,21.74,
4420,2025-03-28,Available,Netherlands,Standard,Direct Sales,2025-08-07,23,2025-07-14 12:41:03,2025-07-31 09:34:05,M0,7.183,
4421,2025-03-28,Available,Netherlands,Standard,Direct Sales,2025-07-28,23,2025-07-14 12:42:23,2025-07-23 10:27:51,M0,5.248,
4422,2025-03-28,Available,Britain,Standard,Agency,2025-11-03,9,2025-07-14 12:41:21,2025-07-28 11:02:48,M0,98.203,
4423,2025-05-02,Available,France,Standard,Direct Sales,2025-09-09,23,2025-08-04 07:34:08,2025-08-04 14:28:51,M1,35.915,
4424,2025-05-02,Available,Netherlands,Standard,Direct Sales,2025-08-29,23,2025-08-04 07:32:10,2025-08-04 14:28:51,M1,25.095,
4425,2025-05-02,Reserved,Belgium,Business,Agency,2025-10-15,26,2025-08-04 07:31:05,2025-08-28 14:29:31,M1,47.106,36.22
4426,2025-05-02,Available,Netherlands,Standard,Direct Sales,2025-09-16,23,2025-08-04 07:34:07,2025-09-03 14:15:27,M1,13.025,42.211
4427,2025-05-02,Available,Netherlands,Standard,Direct Sales,2025-09-09,23,2025-08-04 07:30:16,2025-08-19 13:04:32,M1,21.065,27.168
4428,2025-05-02,Available,Netherlands,Standard,Direct Sales,2025-11-14,23,2025-08-04 07:35:17,2025-10-10 09:46:51,M1,35.274,78.995
4429,2025-05-02,Available,France,Standard,Direct Sales,2025-09-22,23,2025-08-04 07:34:21,2025-08-19 14:52:15,M1,33.815,27.208
4430,2025-05-02,Reserved,Denmark,Standard,Agency,2025-09-11,17,2025-08-04 07:33:02,2025-08-19 13:03:40,M1,23.086,27.189
4431,2025-05-02,Available,Britain,Standard,Agency,2025-08-27,16,2025-08-04 07:37:17,2025-08-14 09:47:37,M1,13.034,22.016
4432,2025-05-02,Reserved,Denmark,Standard,Agency,2025-09-04,17,2025-08-04 07:31:11,2025-08-19 13:03:45,M1,16.097,27.189
4433,2025-05-02,Available,Switzerland,Standard,Agency,2025-10-07,11,2025-08-27 10:37:14,2025-08-27 11:18:23,M1,40.807,35.056
4434,2025-05-02,Available,Netherlands,Standard,Direct Sales,2025-10-02,23,2025-08-27 10:43:08,,M1,,
4435,2025-05-02,Available,Denmark,Standard,Agency,2025-10-13,18,2025-08-27 10:42:21,2025-09-05 10:46:06,M1,38.035,44.033
4436,2025-05-02,Available,Netherlands,Standard,Direct Sales,2025-09-09,23,,2025-08-26 16:10:59,M1,13.941,34.259
4437,2025-05-02,Available,Netherlands,Standard,Direct Sales,2025-10-14,23,2025-08-27 10:43:04,2025-09-09 14:20:30,M1,35.045,48.182
4438,2025-05-02,Available,France,Standard,Direct Sales,2025-10-10,23,,2025-08-26 16:17:53,M1,44.981,34.264
4439,2025-05-02,Available,France,Standard,Direct Sales,2025-10-02,23,,2025-08-26 16:17:54,M1,36.919,34.264
4440,2025-05-02,Available,Denmark,Standard,Agency,2025-12-08,22,2025-08-27 10:41:19,2025-09-09 14:20:32,M1,89.812,48.182
4441,2025-06-05,Available,Netherlands,Standard,Direct Sales,2026-03-05,24,2025-09-12 10:58:22,2025-12-08 11:42:29,M1,87.254,138.072
4442,2025-06-05,Available,Netherlands,Standard,Direct Sales,2025-10-16,23,,2025-09-08 13:38:08,M1,38.088,47.153
4443,2025-06-05,Available,Netherlands,Standard,Direct Sales,2025-10-10,23,2025-09-12 10:59:03,2025-09-26 08:25:31,M1,14.127,64.936
4444,2025-06-05,Available,Netherlands,Standard,Direct Sales,2025-10-13,23,,2025-09-08 13:38:12,M1,35.127,47.153
4445,2025-06-05,Available,Britain,Standard,Agency,2025-11-10,15,2025-09-12 11:03:16,2025-09-30 08:54:56,M1,41.049,68.956
4446,2025-06-05,Available,Netherlands,Standard,Direct Sales,2025-11-19,23,2025-09-12 11:00:07,2025-10-01 09:08:27,M1,49.264,69.965
4447,2025-06-05,Available,Denmark,Standard,Agency,2025-10-24,22,2025-09-12 11:03:23,2025-09-29 11:54:38,M1,25.046,68.081
4448,2025-06-05,Available,France,Standard,Direct Sales,2025-10-10,23,,2025-09-05 10:46:00,M1,34.995,44.033
4449,2025-06-05,Available,France,Standard,Direct Sales,2025-10-24,23,,2025-09-05 10:45:07,M1,49.124,44.033
4450,2025-06-05,Available,France,Standard,Direct Sales,2025-10-15,23,,2025-09-05 10:46:04,M1,40.042,44.033
4451,2025-06-05,Available,Netherlands,Standard,Direct Sales,2025-11-04,23,2025-09-12 11:02:12,2025-09-26 12:35:21,M1,39.198,65.109
4452,2025-06-05,Available,Netherlands,Standard,Direct Sales,2025-09-22,23,,2025-09-10 13:00:49,M1,12.059,49.127
4453,2025-06-05,Available,Netherlands,Standard,Direct Sales,2025-10-02,23,,2025-09-08 13:38:11,M1,24.118,47.153
4454,2025-06-05,Available,Britain,Standard,Agency,2025-11-06,16,2025-09-12 11:05:11,2025-09-30 08:50:28,M1,36.094,68.953
4455,2025-06-05,Available,Britain,Standard,Agency,2025-10-16,16,2025-09-12 11:02:16,2025-09-30 08:50:23,M1,15.988,68.953
4456,2025-06-05,Available,Netherlands,Standard,Direct Sales,2025-09-17,23,,2025-09-05 10:46:07,M1,12.235,44.033
4457,2025-06-05,Available,Netherlands,Standard,Direct Sales,2025-09-18,23,2025-09-12 10:58:11,2025-09-12 12:46:49,M1,6.175,51.117
4458,2025-06-05,Available,Netherlands,Standard,Direct Sales,2025-09-24,23,2025-09-12 10:59:15,2025-09-15 14:56:21,M1,9.041,54.207
4459,2025-06-05,Available,Netherlands,Standard,Direct Sales,2025-10-06,23,2025-09-12 10:59:24,2025-09-16 12:53:34,M1,20.195,55.122
4460,2025-06-05,Available,Britain,Standard,Agency,2025-11-05,15,2025-09-12 11:02:24,2025-09-30 08:55:05,M1,34.999,68.956
4461,2025-06-05,Available,Britain,Standard,Agency,2025-11-17,15,2025-09-12 11:02:22,2025-09-30 08:55:00,M1,48.047,68.956
4462,2025-06-05,Available,France,Standard,Direct Sales,2025-10-17,23,,2025-09-05 10:45:53,M1,42.048,44.033
4463,2025-06-05,Available,France,Standard,Direct Sales,2025-10-07,23,,2025-09-05 10:46:09,M1,31.999,44.033
4464,2025-06-05,Available,France,Standard,Direct Sales,2026-01-07,23,,2025-09-05 10:46:05,M1,124.209,44.033
4465,2025-06-26,Available,Britain,Standard,Agency,2025-11-27,19,2025-10-15 11:56:03,2025-10-30 10:12:31,M1,27.991,62.798
4466,2025-06-26,Available,France,Standard,Direct Sales,2025-11-25,23,2025-10-15 11:56:00,2025-10-16 11:37:11,M1,40.003,48.921
4467,2025-06-26,Available,France,Standard,Direct Sales,2025-11-14,23,2025-10-15 11:56:11,2025-10-16 11:37:19,M1,28.964,48.921
4468,2025-06-26,Available,France,Standard,Direct Sales,2025-11-26,23,2025-10-15 11:54:18,2025-10-16 11:37:34,M1,40.973,48.922
4469,2025-06-26,Available,Britain,Standard,Agency,2025-11-27,19,2025-10-15 11:56:01,2025-10-30 10:12:30,M1,27.302,62.862
4470,2025-06-26,Available,France,Standard,Direct Sales,2025-11-17,23,2025-10-15 11:52:04,2025-10-16 11:36:49,M1,32.01,48.921
4471,2025-06-26,Available,Denmark,Standard,Agency,2025-11-05,17,2025-10-15 11:52:15,2025-10-16 11:36:55,M1,19.981,48.921
4472,2025-06-26,Available,Netherlands,Standard,Direct Sales,2025-12-09,23,2025-10-27 11:31:05,2025-12-01 11:07:32,M1,8.179,
4473,2025-06-26,Available,France,Standard,Direct Sales,2026-01-01,23,2025-10-27 11:33:17,2025-10-29 10:48:22,M1,64.116,
4474,2025-06-26,Available,France,Standard,Direct Sales,2025-12-09,23,2025-10-15 11:57:06,2025-10-16 11:37:36,M1,53.994,48.857
4475,2025-06-26,Available,France,Standard,Direct Sales,2025-11-28,23,2025-10-15 11:54:05,2025-10-17 15:01:55,M1,42.051,49.999
4476,2025-06-26,Available,Netherlands,Standard,Direct Sales,2025-11-24,23,2025-10-27 11:31:04,2025-11-04 16:21:16,M1,19.898,
4477,2025-08-05,Available,Denmark,Standard,Agency,2025-11-28,17,2025-11-17 13:10:03,2025-11-18 16:13:53,M1,9.786,64.319
4478,2025-08-05,Available,Netherlands,Standard,Direct Sales,2025-11-28,23,2025-11-17 13:09:06,2025-11-17 14:19:34,M1,11.103,63.24
4479,2025-08-05,Available,Denmark,Standard,Agency,2025-12-19,17,2025-11-17 13:08:21,2025-11-18 16:13:41,M1,31.013,64.319
4480,2025-08-05,Available,Switzerland,Standard,Agency,2025-12-01,11,2025-11-17 13:10:19,2025-11-25 14:51:52,M1,6.233,64.109
4481,2025-08-05,Available,Denmark,Standard,Agency,2025-12-12,17,2025-11-17 13:12:10,2025-11-18 16:14:17,M1,23.863,57.166
4482,2025-08-05,Available,France,Standard,Direct Sales,2025-12-23,23,2025-11-17 13:10:19,2025-11-17 14:18:38,M1,35.854,56.085
4483,2025-08-05,Available,Switzerland,Standard,Agency,2025-12-21,11,2025-11-17 13:10:07,2025-11-25 14:56:41,M1,25.974,64.112
4484,2025-08-05,Available,Denmark,Standard,Agency,2026-01-22,18,,2025-12-19 13:04:45,M1,33.816,60.14
4485,2025-08-05,Available,Denmark,Standard,Agency,2026-01-29,22,,2025-12-19 13:35:29,M1,40.107,59.03
4486,2025-08-05,Available,Switzerland,Standard,Agency,2026-01-03,11,2025-12-23 10:33:20,2026-01-01 17:13:51,M1,2.147,70.34
4487,2025-08-05,Available,Switzerland,Standard,Agency,2026-01-03,11,2025-12-23 10:36:23,2026-01-01 17:13:51,M1,2.143,70.34
4488,2025-08-05,Available,Denmark,Standard,Agency,2026-01-26,22,,2025-12-19 13:35:30,M1,37.896,57.189
4489,2025-08-05,Available,Denmark,Standard,Agency,2026-02-06,18,,2025-12-19 13:04:49,M1,48.863,56.165
4490,2025-08-05,Available,Germany,Standard,Direct Sales,2026-03-30,23,2026-01-06 17:21:05,2026-02-11 08:59:58,M1,47.04,109.995
4491,2025-06-26,Available,Denmark,Standard,Agency,2026-03-26,18,,2025-12-19 13:04:43,M1,97.101,53.228
4492,2025-06-26,Available,Denmark,Standard,Agency,2026-01-09,18,,2025-12-19 13:04:48,M1,21.0,53.228
4493,2025-06-26,Available,Denmark,Standard,Agency,2026-01-19,17,,2025-12-19 13:04:41,M1,31.075,53.228
4494,2025-06-26,Available,Denmark,Standard,Agency,2026-01-05,17,,2025-12-19 13:04:46,M1,17.087,53.228
4495,2025-06-26,Available,Denmark,Standard,Agency,2026-01-07,17,,2025-12-19 13:04:41,M1,19.118,53.228
4496,2025-06-26,Available,Denmark,Standard,Agency,2026-02-12,18,,2025-12-19 13:04:38,M1,54.803,53.228
4497,2025-06-26,Available,Denmark,Standard,Agency,2026-01-20,17,2026-01-06 17:21:13,2026-01-07 12:01:31,M1,13.041,70.826
4498,2025-06-26,Available,Denmark,Standard,Agency,2026-01-30,17,2026-01-06 17:21:19,2026-01-07 12:01:45,M1,23.034,70.827
4499,2025-06-26,Available,Slovenia,Standard,Agency,2026-03-05,21,2026-01-06 17:21:02,2026-01-22 18:33:26,M1,41.703,86.099
4500,2025-06-26,Available,Germany,Standard,Direct Sales,2026-02-11,23,2026-01-06 17:21:11,2026-01-09 11:28:46,M1,32.97,72.099
4501,2025-08-05,Available,Britain,Standard,Agency,2026-03-05,9,2026-01-13 08:32:16,2026-01-28 17:12:04,M1,36.021,86.336
4502,2025-08-05,Available,Switzerland,Standard,Agency,2026-02-08,11,2026-01-13 08:32:05,2026-02-02 13:48:19,M1,6.321,91.195
4503,2025-08-05,Available,France,Standard,Direct Sales,2026-03-09,23,2026-01-16 08:38:02,2026-02-04 08:16:03,M2,33.28,90.731
4504,2025-09-05,Available,Netherlands,Standard,Direct Sales,2026-03-02,23,2026-01-28 11:05:05,2026-02-16 14:46:23,M2,14.102,102.746
4505,2025-08-05,Available,France,Standard,Direct Sales,2026-03-10,23,2026-01-16 08:38:18,2026-02-05 15:18:02,M2,32.96,91.244
4506,2025-09-05,Available,Denmark,Standard,Agency,2026-04-03,18,2026-01-28 11:05:03,2026-02-03 13:32:33,M2,58.792,89.171
4507,2025-08-05,Available,France,Standard,Direct Sales,2026-02-16,23,2026-01-16 08:38:08,2026-01-22 10:30:53,M2,25.161,73.99
4508,2025-08-05,Available,France,Standard,Direct Sales,2026-02-06,23,2026-01-16 08:38:15,2026-01-22 10:30:53,M2,15.206,73.99
4509,2025-09-05,Available,Britain,Standard,Agency,2026-02-20,16,2026-01-13 08:32:35,2026-01-28 17:11:35,M1,22.875,80.269
4510,2025-08-05,Available,France,Standard,Direct Sales,2026-02-06,23,2026-01-16 08:38:22,2026-01-22 10:30:55,M2,15.15,73.99
4511,2025-09-05,Available,Britain,Standard,Agency,2026-03-10,19,2026-01-13 08:32:23,2026-01-28 17:11:43,M1,40.702,80.269
4512,2025-10-13,Available,Netherlands,Standard,Direct Sales,2026-01-29,23,2026-01-13 08:32:28,2026-01-14 10:57:01,M1,15.039,66.009
4513,2025-10-13,Available,Britain,Standard,Agency,2026-02-24,16,2026-01-13 08:32:11,2026-01-28 17:11:53,M1,25.704,80.269
4514,2025-10-13,Available,Britain,Standard,Agency,2026-03-10,19,2026-01-13 08:32:33,2026-01-28 17:11:26,M1,40.904,79.412
4515,2025-10-13,Available,Britain,Standard,Agency,2026-02-19,19,2026-01-13 08:32:21,2026-01-28 09:24:07,M1,22.181,79.087
4516,2025-10-13,Available,Britain,Standard,Agency,2026-03-23,16,2026-01-13 08:32:46,2026-02-05 13:43:39,M1,45.989,84.139
4517,2025-10-13,Available,Britain,Standard,Agency,2026-02-24,16,2026-01-13 08:32:55,2026-01-28 17:11:43,M1,25.834,76.284
4518,2025-10-13,Available,Britain,Standard,Agency,2026-03-03,15,2026-01-13 08:32:39,2026-01-28 17:11:46,M1,32.74,76.284
4519,2025-09-05,Available,Britain,Standard,Agency,2026-03-26,19,2026-01-13 08:32:44,2026-01-26 12:45:40,M1,58.979,74.099
4520,2025-09-05,Available,Britain,Standard,Agency,2026-03-10,19,2026-01-13 08:32:41,2026-01-26 12:45:43,M1,43.108,74.099
4521,2025-09-05,Available,Britain,Standard,Agency,2026-03-10,19,2026-01-13 08:32:48,2026-01-28 17:11:31,M1,40.734,76.284
4522,2025-10-13,Available,Britain,Standard,Agency,2026-03-10,19,2026-01-13 08:32:27,2026-01-28 09:24:09,M1,41.207,75.959
4523,2025-10-13,Available,Britain,Standard,Agency,2026-02-19,5,2026-01-13 08:32:35,2026-01-28 17:11:33,M1,21.902,76.284
4524,2025-10-13,Available,Switzerland,Standard,Agency,2026-02-08,11,2026-01-13 08:32:01,2026-02-02 13:48:18,M1,6.32,81.143
4525,2025-10-13,Available,Britain,Standard,Agency,2026-03-03,3,2026-01-13 08:33:02,2026-01-28 17:12:00,M1,32.841,76.284
4526,2025-09-05,Available,Denmark,Standard,Agency,2026-04-03,22,2026-01-13 08:32:53,2026-01-16 09:58:42,M1,76.995,63.983
4527,2025-09-05,Available,Denmark,Standard,Agency,2026-02-19,17,2026-01-28 11:05:01,2026-02-05 09:25:51,M2,14.065,77.942
4528,2025-09-05,Available,Netherlands,Standard,Direct Sales,2026-04-09,24,2026-02-13 10:53:02,2026-03-05 13:39:12,M2,35.026,98.139
4529,2025-09-05,Available,Netherlands,Standard,Direct Sales,2026-04-08,23,2026-02-13 10:54:27,2026-03-27 08:27:30,M2,12.345,119.922
4530,2025-09-05,Available,France,Standard,Direct Sales,2026-03-11,23,,2026-02-11 08:59:47,M2,28.043,75.945
4531,2025-10-13,Available,Netherlands,Standard,Direct Sales,2026-04-09,23,2026-03-04 12:09:36,2026-03-20 09:18:42,M2,20.244,112.958
4532,2025-10-13,Available,France,Standard,Direct Sales,2026-03-09,23,,2026-02-10 15:04:10,M2,26.833,75.198
4533,2025-10-13,Available,France,Standard,Direct Sales,2026-03-09,23,,2026-02-11 08:59:56,M2,26.004,75.945
4534,2025-10-13,Available,Netherlands,Standard,Direct Sales,2026-04-09,23,2026-03-04 12:09:10,2026-03-20 09:18:42,M2,20.244,112.958
4535,2025-10-13,Available,France,Standard,Direct Sales,2026-03-10,23,,2026-02-11 08:59:56,M2,27.188,75.945
4536,2025-10-13,Available,France,Standard,Direct Sales,2026-03-06,23,,2026-02-13 10:38:31,M2,21.149,78.013
4537,2025-10-13,Available,France,Business,Direct Sales,2026-03-10,27,,2026-02-13 10:38:34,M2,25.108,78.013
4538,2025-10-13,Available,France,Business,Direct Sales,2026-03-05,27,,2026-02-13 10:38:31,M2,20.184,78.013
4539,2025-10-13,Available,France,Standard,Direct Sales,2026-03-09,27,,2026-02-13 10:38:28,M2,24.147,78.013
4540,2025-10-13,Available,Germany,Standard,Direct Sales,2026-03-31,23,2026-03-04 12:07:06,2026-03-04 13:48:01,M2,27.117,93.26
4541,2025-10-13,Available,Germany,Standard,Direct Sales,2026-04-09,23,2026-03-04 12:07:03,2026-03-04 13:47:59,M2,35.922,93.26
4542,2025-10-13,Available,France,Standard,Direct Sales,2026-03-04,23,,2026-02-10 15:04:15,M2,21.83,71.313
4543,2025-10-13,Available,Belgium,Standard,Agency,2026-04-01,20,2026-03-04 12:07:14,2026-03-18 11:23:57,M2,13.175,107.16
4544,2025-10-13,Available,France,Standard,Direct Sales,2026-03-05,27,,2026-02-13 10:38:30,M2,20.182,74.129
4545,2025-10-13,Available,France,Standard,Direct Sales,2026-03-05,23,,2026-02-10 15:04:12,M2,22.974,63.237
4546,2025-10-13,Available,France,Standard,Direct Sales,2026-03-09,23,,2026-02-11 08:59:48,M2,26.297,63.984
4547,2025-10-13,Available,France,Standard,Direct Sales,2026-03-10,23,,2026-02-10 15:04:20,M2,27.905,63.237
4548,2025-10-30,Available,Britain,Display,Agency,2026-04-09,19,2026-02-27 13:22:16,2026-03-19 16:10:34,M2,,93.258
4549,2025-10-30,Available,Belgium,Standard,Agency,2026-03-26,20,,2026-02-27 13:16:40,M2,26.023,72.164
4550,2025-10-30,Available,Belgium,Standard,Agency,2026-04-18,12,,2026-02-27 13:16:27,M2,49.836,72.164
4551,2025-10-30,Available,Belgium,Standard,Agency,2026-03-10,20,,2026-02-27 13:16:26,M2,10.879,72.164
4552,2025-10-30,Available,Netherlands,Standard,Direct Sales,2026-04-03,23,2026-02-27 13:22:19,2026-03-20 12:37:42,M2,14.047,91.015
4553,2025-10-30,Available,Belgium,Standard,Agency,2026-03-10,20,,2026-02-27 13:16:42,M2,10.866,70.042
4554,2025-10-30,Available,France,Standard,Direct Sales,2026-03-04,23,2026-02-27 13:23:25,2026-03-03 15:08:11,M2,0.823,74.119
4555,2025-10-30,Available,France,Standard,Direct Sales,2026-03-09,23,2026-02-27 13:23:27,2026-03-03 15:08:17,M2,5.754,74.119
4556,2025-10-30,Available,France,Standard,Direct Sales,2026-03-09,23,2026-02-27 13:23:29,2026-03-03 15:08:23,M2,5.755,74.119
4557,2025-10-30,Available,France,Standard,Direct Sales,2026-03-04,23,2026-02-27 13:23:17,2026-03-03 15:08:27,M2,1.039,74.119
4558,2025-10-30,Available,Netherlands,Standard,Direct Sales,2026-04-07,23,2026-02-27 13:23:20,2026-03-12 13:12:39,M2,25.899,83.039
4559,2025-10-30,Available,Germany,Standard,Direct Sales,2026-04-03,23,,2026-02-27 13:16:35,M2,35.025,70.042
4560,2025-10-30,Available,France,Standard,Direct Sales,2026-04-07,23,2026-02-27 13:24:28,2026-03-12 13:12:33,M2,25.913,83.039
4561,2025-10-30,Available,France,Standard,Direct Sales,2026-04-03,23,2026-02-27 13:24:02,2026-03-12 13:12:32,M2,22.15,83.039
4562,2025-11-28,Available,France,Standard,Direct Sales,2026-03-23,23,2026-03-02 09:19:40,2026-03-11 10:21:37,M2,12.125,79.064
4563,2025-11-28,Available,France,Standard,Direct Sales,2026-03-23,23,2026-03-02 09:19:42,2026-03-11 10:21:32,M2,12.125,79.064
4564,2025-11-28,Available,France,Standard,Direct Sales,2026-03-23,23,2026-03-02 09:19:02,2026-03-11 10:21:26,M2,12.122,79.064
4565,2025-10-30,Available,Germany,Standard,Direct Sales,2026-04-03,23,,2026-02-27 13:16:41,M2,35.021,67.186
4566,2025-10-30,Available,Denmark,Standard,Agency,2026-04-17,18,,2026-02-27 13:16:37,M2,49.02,67.186
4567,2025-10-30,Available,Denmark,Standard,Agency,2026-03-06,17,,2026-02-27 13:16:40,M2,7.124,67.186
4568,2025-11-28,Available,France,Standard,Direct Sales,2026-03-23,23,2026-03-02 09:17:08,2026-03-11 10:21:33,M2,12.126,79.064
4569,2025-11-28,Available,France,Standard,Direct Sales,2026-03-23,23,2026-03-02 09:17:28,2026-03-11 10:21:36,M2,12.122,79.064
4570,2025-11-28,Available,France,Standard,Direct Sales,2026-03-23,23,2026-03-02 09:18:20,2026-03-11 10:21:27,M2,12.121,79.064
4571,2025-11-28,Available,France,Standard,Direct Sales,2026-04-08,23,2026-03-02 09:17:16,2026-03-18 11:24:06,M2,21.112,86.108
4572,2025-11-28,Available,France,Standard,Direct Sales,2026-04-08,23,2026-03-02 09:17:05,2026-03-18 09:03:44,M2,21.257,86.01
4573,2025-11-28,Available,France,Standard,Direct Sales,2026-04-01,23,2026-03-02 09:17:10,2026-03-11 10:21:38,M2,21.03,79.064
4574,2025-11-28,Available,France,Standard,Direct Sales,2026-04-01,23,2026-03-02 09:17:07,2026-03-11 10:21:33,M2,21.03,79.064
4575,2025-11-28,Available,France,Standard,Direct Sales,2026-04-09,23,2026-03-02 09:18:21,2026-03-11 10:21:20,M2,29.072,79.064
4576,2025-11-28,Available,France,Standard,Direct Sales,2026-04-01,23,2026-03-02 09:17:25,2026-03-11 10:21:26,M2,21.03,79.064
4577,2025-11-28,Available,France,Standard,Direct Sales,2026-04-09,23,2026-03-02 09:19:02,2026-03-18 11:24:01,M2,22.135,86.108
4578,2025-11-28,Available,France,Standard,Direct Sales,2026-04-06,23,2026-03-02 09:18:25,2026-03-11 10:21:20,M2,25.975,77.991
4579,2025-11-28,Available,France,Standard,Direct Sales,2026-03-23,23,2026-03-02 09:18:28,2026-03-11 10:21:37,M2,12.124,77.991
4580,2025-11-28,Available,France,Standard,Direct Sales,2026-03-23,23,2026-03-02 09:18:20,2026-03-11 10:21:20,M2,12.123,77.991
4581,2025-11-28,Available,France,Standard,Direct Sales,2026-03-23,23,2026-03-02 09:17:25,2026-03-11 10:21:28,M2,12.123,77.991
4582,2025-11-28,Available,France,Standard,Direct Sales,2026-03-23,23,2026-03-02 09:21:48,2026-03-11 10:21:36,M2,12.121,77.991
4583,2025-11-28,Available,France,Standard,Direct Sales,2026-03-23,23,2026-03-02 09:17:13,2026-03-11 10:21:23,M2,12.121,77.991
4584,2025-11-28,Available,France,Standard,Direct Sales,2026-03-23,23,2026-03-02 09:17:24,2026-03-11 10:21:25,M2,12.113,77.991
4585,2025-11-28,Available,Belgium,Standard,Agency,2026-03-26,20,2026-03-02 09:17:36,2026-03-02 11:38:32,M2,23.095,66.096
4586,2025-11-28,Available,Belgium,Standard,Agency,2026-03-27,20,2026-03-02 09:17:39,2026-03-02 11:38:37,M2,24.029,65.846
4587,2025-11-28,Available,Belgium,Standard,Agency,2026-03-17,20,2026-03-02 09:17:31,2026-03-02 11:38:26,M2,14.996,63.102
4588,2025-11-28,Available,France,Standard,Direct Sales,2026-04-15,23,2026-03-02 09:17:15,2026-03-11 10:21:26,M2,34.903,72.049
4589,2025-12-30,Available,France,Standard,Direct Sales,2026-04-09,23,,2026-03-19 13:11:28,M2,21.043,72.949
4590,2025-12-30,Available,France,Standard,Direct Sales,2026-04-09,23,,2026-03-19 13:11:30,M2,21.041,72.176
4591,,Available,Denmark,Standard,Agency,2025-08-25,18,2025-05-23 14:31:19,2025-07-14 09:16:45,M0,42.094,
4592,,Available,Netherlands,Standard,Direct Sales,2025-09-04,23,2025-05-23 14:30:22,,M0,,
4593,,Reserved,Britain,Internal,Direct Sales,2025-04-04,25,2025-04-11 14:41:53,,M0,,
4594,,Available,France,Business,Direct Sales,2025-10-20,23,2025-10-20 16:45:00,,M1,,
4595,,Available,France,Standard,Direct Sales,2025-05-06,23,2025-04-08 14:52:05,,M0,,
4596,,Available,France,Standard,Direct Sales,2025-05-05,23,2025-04-08 14:56:04,,M0,,
4597,,Available,France,Standard,Direct Sales,2025-05-06,23,2025-04-08 14:56:04,,M0,,
4598,,Available,France,Standard,Direct Sales,2025-05-07,23,2025-04-08 14:51:22,,M0,,
4599,,Available,France,Standard,Direct Sales,2025-05-01,23,2025-04-08 14:57:20,,M0,,
4600,,Available,France,Standard,Direct Sales,2025-05-02,23,2025-04-08 14:57:03,,M0,,
4601,,Available,France,Standard,Direct Sales,2025-05-09,23,2025-04-08 14:53:06,,M0,,
4602,,Available,France,Standard,Direct Sales,2025-04-30,23,2025-04-08 14:54:16,,M0,,
4603,,Available,France,Standard,Direct Sales,2025-04-28,23,2025-04-08 14:55:10,,M0,,
4604,,Available,France,Standard,Direct Sales,2025-04-24,23,2025-04-08 14:53:07,,M0,,
4605,,Available,France,Standard,Direct Sales,2025-05-06,23,2025-04-08 14:50:04,,M0,,
4606,,Available,France,Standard,Direct Sales,2025-05-09,23,2025-04-08 14:52:19,,M0,,
4607,,Available,France,Standard,Direct Sales,2025-04-23,23,2025-04-08 14:56:10,,M0,,
4608,,Available,France,Standard,Direct Sales,2025-06-09,23,2025-04-08 14:56:05,,M0,,
4609,,Available,France,Standard,Direct Sales,2025-05-02,23,2025-04-08 14:51:18,,M0,,
4610,,Available,France,Standard,Direct Sales,2025-04-28,23,2025-04-08 14:56:22,,M0,,
4611,,Available,France,Standard,Direct Sales,2025-05-28,23,2025-05-05 08:38:14,,M0,,
4612,,Available,France,Standard,Direct Sales,2025-05-28,23,2025-05-05 08:35:11,,M0,,
4613,,Available,France,Standard,Direct Sales,2025-05-28,23,2025-05-05 08:34:18,,M0,,
4614,,Available,Netherlands,Standard,Direct Sales,2025-06-09,23,2025-05-05 08:37:09,,M0,,
4615,,Available,Netherlands,Standard,Direct Sales,2025-05-21,23,2025-05-05 08:35:18,,M0,,
4616,,Available,Netherlands,Standard,Direct Sales,2025-06-04,23,2025-05-05 08:32:01,,M0,,
4617,,Available,Netherlands,Standard,Direct Sales,2025-05-22,23,2025-05-05 08:36:23,,M0,,
4618,,Available,Netherlands,Standard,Direct Sales,2025-06-09,23,2025-05-05 08:32:02,,M0,,
4619,,Reserved,Britain,Standard,Agency,2025-06-05,19,2025-05-05 08:37:16,,M0,,
4620,,Available,Netherlands,Standard,Direct Sales,2025-05-23,23,2025-05-05 08:37:09,,M0,,
4621,,Available,France,Standard,Direct Sales,2025-05-26,23,2025-05-05 08:36:15,,M0,,
4622,,Available,Netherlands,Standard,Direct Sales,2025-05-21,23,2025-05-05 08:34:11,,M0,,
4623,,Available,Netherlands,Standard,Direct Sales,2025-05-29,23,2025-05-05 08:33:05,,M0,,
4624,,Available,Netherlands,Standard,Direct Sales,2025-06-09,23,2025-05-05 08:34:03,,M0,,
4625,,Available,Netherlands,Standard,Direct Sales,2025-05-29,23,2025-05-05 08:35:12,,M0,,
4626,,Available,Netherlands,Standard,Direct Sales,2025-05-29,23,2025-05-05 08:34:10,,M0,,
4627,,Available,Netherlands,Standard,Direct Sales,2025-06-06,23,2025-05-05 08:37:22,,M0,,
4628,,Available,Netherlands,Standard,Direct Sales,2025-05-27,23,2025-05-05 08:36:02,,M0,,
4629,,Available,Netherlands,Standard,Direct Sales,2025-05-29,23,2025-05-05 08:33:17,,M0,,
4630,,Available,Netherlands,Standard,Direct Sales,2025-05-29,23,2025-05-05 08:32:04,,M0,,
4631,2025-02-28,Reserved,Britain,Standard,Agency,2025-07-08,19,2025-06-17 11:31:21,2025-06-30 08:13:49,M0,8.187,
4632,2025-02-28,Reserved,Britain,Standard,Agency,2025-07-09,19,2025-06-17 11:24:01,2025-06-30 08:13:50,M0,9.028,
4633,2025-02-28,Reserved,Britain,Standard,Agency,2025-07-03,19,2025-06-17 11:24:05,,M0,,
4634,2025-02-28,Available,Britain,Standard,Agency,2025-08-15,9,2025-06-17 11:23:09,,M0,,
4635,2025-02-28,Available,Britain,Standard,Agency,2025-08-07,16,2025-06-17 11:30:10,,M0,,
4636,2025-02-28,Reserved,Denmark,Standard,Agency,2025-07-10,17,2025-06-17 11:29:10,,M0,,
4637,2025-02-28,Reserved,Britain,Standard,Agency,2025-07-04,19,2025-06-17 11:25:23,2025-06-30 08:13:54,M0,4.003,
4638,2025-02-28,Available,Britain,Standard,Agency,2025-07-29,19,2025-06-17 11:28:21,2025-06-30 08:13:55,M0,29.167,
4639,2025-02-28,Reserved,Britain,Standard,Agency,2025-07-09,19,2025-06-17 11:26:17,2025-06-30 08:13:56,M0,8.172,
4640,2025-02-28,Available,Netherlands,Standard,Direct Sales,2025-07-10,23,2025-06-17 11:30:16,,M0,,
4641,2025-02-28,Available,Netherlands,Standard,Direct Sales,2025-07-10,23,2025-06-17 11:32:12,2025-07-03 09:03:27,M0,,
4642,2025-02-28,Available,Netherlands,Standard,Direct Sales,2025-07-03,23,2025-06-17 11:29:22,,M0,,
4643,2025-02-28,Available,Netherlands,Standard,Direct Sales,2025-07-08,23,2025-06-17 11:24:00,,M0,,
4644,2025-02-28,Available,Netherlands,Standard,Direct Sales,2025-06-27,23,2025-06-17 11:23:16,,M0,,
4645,2025-02-28,Available,France,Standard,Direct Sales,2026-03-06,23,2025-06-17 11:27:17,2026-02-09 08:37:59,M0,25.343,
4646,2025-02-28,Available,Netherlands,Standard,Direct Sales,2025-07-02,23,2025-06-17 11:25:04,,M0,,
4647,2025-02-28,Available,Netherlands,Standard,Direct Sales,2025-06-27,23,2025-06-17 11:31:06,,M0,,
4648,2025-03-28,Available,France,Standard,Direct Sales,2025-11-27,23,2025-07-07 11:39:04,2025-10-10 09:45:14,M0,48.265,
4649,2025-03-28,Available,Netherlands,Standard,Direct Sales,2025-08-06,23,2025-07-07 11:39:11,2025-07-23 10:08:48,M0,13.966,
4650,2025-03-28,Available,Netherlands,Standard,Direct Sales,2025-09-10,23,2025-07-07 11:37:11,2025-07-23 10:08:50,M0,49.278,
4651,2025-03-28,Available,Netherlands,Standard,Direct Sales,2025-08-01,23,2025-07-07 11:39:12,2025-07-23 10:08:49,M0,9.268,
4652,2025-03-28,Available,Netherlands,Standard,Direct Sales,2025-08-14,23,2025-07-07 11:38:07,2025-07-23 10:08:47,M0,22.263,
4653,2025-03-28,Available,Netherlands,Standard,Direct Sales,2025-08-15,23,2025-07-07 11:39:06,2025-07-23 10:37:15,M0,23.034,
4654,2025-03-28,Available,Netherlands,Standard,Direct Sales,2025-08-06,23,2025-07-07 11:38:17,2025-07-23 10:08:46,M0,14.055,
4655,2025-03-28,Available,Netherlands,Standard,Direct Sales,2025-11-12,23,2025-07-07 11:38:04,2025-10-03 11:23:58,M0,39.998,72.062
4656,2025-03-28,Available,Netherlands,Standard,Direct Sales,2025-10-13,23,2025-07-07 11:37:01,2025-09-08 13:38:10,M0,34.944,47.155
4657,2025-03-28,Available,Netherlands,Standard,Direct Sales,2025-08-14,23,2025-07-14 12:41:16,2025-07-28 14:30:09,M0,16.943,5.191
4658,2025-03-28,Reserved,Denmark,Standard,Agency,2026-03-31,17,2025-07-07 11:39:14,2025-07-28 09:58:07,M0,246.144,
4659,2025-03-28,Reserved,Denmark,Standard,Agency,2025-08-22,18,2025-07-07 11:37:12,2025-07-10 10:59:31,M0,42.95,
4660,2025-03-28,Available,Netherlands,Standard,Direct Sales,2025-08-28,23,2025-07-14 12:42:21,2025-08-06 10:29:47,M0,22.129,14.024
4661,2025-03-28,Reserved,Denmark,Standard,Agency,2025-09-02,17,2025-07-07 11:37:06,2025-07-23 10:08:49,M0,41.205,
4662,2025-03-28,Available,Netherlands,Standard,Direct Sales,2025-09-09,23,2025-07-07 11:37:07,2025-07-28 10:48:48,M0,43.18,
4663,2025-03-28,Available,Netherlands,Standard,Direct Sales,2025-09-11,23,2025-07-14 12:42:04,2025-07-28 14:30:09,M0,45.079,
4664,2025-03-28,Available,Netherlands,Standard,Direct Sales,2025-08-08,23,2025-07-14 12:42:23,2025-07-29 12:59:53,M0,10.025,
4665,2025-03-28,Available,Netherlands,Standard,Direct Sales,2025-07-29,23,2025-07-14 12:42:01,2025-07-23 10:27:51,M0,6.268,
4666,2025-03-28,Available,Netherlands,Standard,Direct Sales,2025-07-30,23,2025-07-14 12:42:15,2025-07-24 11:20:14,M0,6.114,
4667,2025-03-28,Available,Britain,Standard,Agency,2025-11-11,9,2025-07-14 12:41:24,2025-07-28 11:02:51,M0,106.164,
4668,2025-03-28,Available,Netherlands,Standard,Direct Sales,2025-08-07,23,2025-07-14 12:41:07,2025-07-25 12:19:31,M0,13.096,
4669,2025-03-28,Available,Netherlands,Standard,Direct Sales,2025-08-07,23,2025-07-14 12:41:17,2025-07-24 11:20:13,M0,13.847,
4670,2025-03-28,Available,Netherlands,Standard,Direct Sales,2025-08-05,23,2025-07-14 12:41:23,2025-07-24 11:20:13,M0,12.106,
4671,2025-03-28,Available,Netherlands,Standard,Direct Sales,2025-08-01,23,2025-07-14 12:42:15,2025-07-25 11:36:34,M0,7.111,
4672,2025-03-28,Available,Netherlands,Standard,Direct Sales,2025-07-28,23,2025-07-14 12:42:20,2025-07-23 10:27:49,M0,5.247,
4673,2025-03-28,Available,Netherlands,Standard,Direct Sales,2025-07-30,23,2025-07-14 12:42:11,2025-07-24 11:20:14,M0,6.193,
4674,2025-03-28,Available,Netherlands,Standard,Direct Sales,2025-07-29,23,2025-07-14 12:41:01,2025-07-18 14:25:25,M0,11.102,
4675,2025-03-28,Available,Netherlands,Standard,Direct Sales,2025-07-28,23,2025-07-14 12:42:03,2025-07-23 10:27:52,M0,5.25,
4676,2025-03-28,Available,Netherlands,Standard,Direct Sales,2025-10-10,23,2025-07-14 12:42:02,2025-09-02 15:00:13,M0,37.848,41.212
4677,2025-03-28,Available,Netherlands,Standard,Direct Sales,2025-09-30,23,2025-07-14 12:41:19,2025-09-19 09:28:54,M0,11.245,57.982
4678,2025-03-28,Available,Netherlands,Standard,Direct Sales,2025-08-18,23,2025-07-14 12:42:12,2025-07-25 12:23:54,M0,24.106,
4679,2025-05-02,Available,Netherlands,Standard,Direct Sales,2025-09-19,23,2025-08-04 07:35:03,2025-09-03 14:15:27,M1,15.901,42.211
4680,2025-05-02,Available,Netherlands,Standard,Direct Sales,2025-08-21,23,2025-08-04 07:35:16,2025-08-04 14:29:31,M1,16.953,
4681,2025-05-02,Available,Denmark,Standard,Agency,2025-08-23,22,2025-08-04 07:37:20,2025-08-07 10:18:22,M1,16.192,15.063
4682,2025-05-02,Available,Belgium,Standard,Agency,2025-10-07,20,2025-08-04 07:32:10,2025-08-26 13:25:46,M1,37.903,34.176
4683,2025-05-02,Available,France,Standard,Direct Sales,2025-09-24,23,2025-08-04 07:36:21,2025-08-18 13:30:10,M1,37.026,26.151
4684,2025-05-02,Reserved,Belgium,Standard,Agency,2025-10-31,26,2025-08-04 07:33:03,2025-08-28 14:29:29,M1,63.785,36.22
4685,2025-05-02,Available,Netherlands,Standard,Direct Sales,2025-11-19,23,2025-08-04 07:37:09,2025-10-10 09:46:52,M1,40.236,78.995
4686,2025-05-02,Available,Denmark,Standard,Agency,2025-08-25,22,2025-08-04 07:34:18,2025-08-07 10:18:16,M1,18.231,15.063
4687,2025-05-02,Available,Netherlands,Standard,Direct Sales,2025-11-07,23,2025-08-27 10:38:09,2025-10-03 11:24:00,M1,35.221,72.06
4688,2025-05-02,Reserved,Denmark,Standard,Agency,2025-09-10,17,2025-08-04 07:30:23,2025-08-18 15:52:10,M1,22.888,26.306
4689,2025-05-02,Available,Netherlands,Standard,Direct Sales,2025-10-06,23,,2025-09-23 15:14:22,M1,13.083,62.22
4690,2025-05-02,Available,Netherlands,Standard,Direct Sales,2025-10-10,23,2025-08-27 10:41:03,2025-09-02 15:00:16,M1,37.844,41.21
4691,2025-05-02,Available,Britain,Standard,Agency,2025-10-16,16,2025-08-27 10:39:07,2025-09-08 08:14:18,M1,38.043,46.928
4692,2025-05-02,Available,France,Standard,Direct Sales,2025-09-25,23,,2025-08-26 16:17:54,M1,29.703,34.264
4693,2025-05-02,Available,Denmark,Standard,Agency,2025-10-09,22,2025-08-27 10:41:16,2025-09-09 14:20:31,M1,29.92,48.182
4694,2025-05-02,Available,Netherlands,Standard,Direct Sales,2025-12-22,23,,2025-08-26 16:10:54,M1,118.069,
4695,2025-06-05,Available,Britain,Standard,Agency,2025-10-15,16,2025-09-12 11:02:33,2025-09-30 08:50:27,M1,15.017,68.953
4696,2025-06-05,Available,Netherlands,Standard,Direct Sales,2025-09-23,23,,2025-09-05 10:45:22,M1,18.256,44.033
4697,2025-06-05,Available,Netherlands,Standard,Direct Sales,2025-10-28,23,2025-09-12 10:49:00,2025-09-24 13:46:29,M1,34.128,63.158
4698,2025-06-05,Available,Netherlands,Standard,Direct Sales,2025-10-14,23,,2025-09-09 14:20:33,M1,35.045,48.182
4699,2025-06-05,Available,Netherlands,Standard,Direct Sales,2025-10-17,23,2025-09-12 10:58:29,2025-09-15 14:56:18,M1,31.986,54.207
4700,2025-06-05,Available,Netherlands,Standard,Direct Sales,2025-11-10,23,2025-09-12 11:00:15,2025-10-24 13:35:21,M1,16.96,93.151
4701,2025-06-05,Available,Netherlands,Standard,Direct Sales,2025-09-16,23,,2025-09-05 10:45:13,M1,11.128,44.032
4702,2025-06-05,Available,Netherlands,Standard,Direct Sales,2025-10-03,23,,2025-09-08 13:38:07,M1,24.996,47.152
4703,2025-06-05,Available,Netherlands,Standard,Direct Sales,2025-10-15,23,2025-09-12 11:00:13,2025-09-29 11:54:38,M1,16.175,68.081
4704,2025-06-05,Available,Netherlands,Standard,Direct Sales,2025-10-06,23,2025-09-12 10:58:21,2025-09-16 12:53:38,M1,20.197,55.122
4705,2025-06-05,Available,Netherlands,Standard,Direct Sales,2025-09-17,23,,2025-09-05 10:45:57,M1,12.232,44.033
4706,2025-06-05,Available,Netherlands,Standard,Direct Sales,2025-10-13,23,2025-09-12 10:59:17,2025-09-24 08:40:44,M1,19.276,62.946
4707,2025-06-05,Available,France,Standard,Direct Sales,2025-12-02,23,2025-09-12 10:59:18,2025-10-10 09:46:52,M1,53.266,78.992
4708,2025-06-05,Available,France,Standard,Direct Sales,2025-10-31,23,2025-09-12 10:59:11,2025-10-03 11:28:23,M1,28.005,72.062
4709,2025-06-05,Available,Britain,Standard,Agency,2025-11-11,16,2025-09-12 11:02:14,2025-09-30 08:50:20,M1,42.086,68.953
4710,2025-06-05,Available,Britain,Standard,Agency,2025-11-11,16,2025-09-12 11:02:21,2025-09-30 08:50:30,M1,42.188,68.953
4711,2025-06-05,Available,Britain,Standard,Agency,2025-11-11,4,2025-09-12 11:03:01,2025-09-30 08:50:31,M1,41.209,68.953
4712,2025-06-05,Available,Britain,Standard,Agency,2025-11-11,4,2025-09-12 11:02:21,2025-09-30 08:50:30,M1,41.309,68.953
4713,2025-06-05,Available,Netherlands,Standard,Direct Sales,2025-11-07,23,2025-09-12 11:00:19,2025-10-01 09:08:31,M1,37.028,
4714,2025-06-05,Available,Britain,Standard,Agency,2025-11-10,19,2025-09-12 11:03:16,2025-09-30 08:50:31,M1,40.996,68.953
4715,2025-06-05,Available,Britain,Standard,Agency,2025-11-18,19,2025-09-12 11:03:15,2025-09-30 08:50:35,M1,49.21,68.953
4716,2025-06-05,Available,France,Standard,Direct Sales,2025-10-07,23,,2025-09-05 10:46:12,M1,32.003,44.033
4717,2025-06-05,Available,Denmark,Standard,Agency,2025-11-07,17,,2025-09-19 09:31:48,M1,49.207,49.756
4718,2025-06-26,Available,Britain,Standard,Agency,2025-11-11,16,2025-10-15 11:54:06,2025-10-30 10:12:38,M1,11.944,62.798
4719,2025-06-26,Available,Britain,Standard,Agency,2025-11-26,16,2025-10-15 11:55:25,2025-10-30 10:12:30,M1,25.984,62.862
4720,2025-06-26,Available,Switzerland,Standard,Agency,2025-11-07,11,2025-10-15 11:54:05,2025-10-23 13:45:54,M1,14.739,56.011
4721,2025-06-26,Available,Denmark,Standard,Agency,2025-10-30,17,2025-10-15 11:56:19,2025-10-16 11:37:22,M1,13.946,48.921
4722,2025-06-26,Available,Netherlands,Standard,Direct Sales,2025-11-11,23,2025-10-15 11:54:06,2025-10-29 16:23:01,M1,12.961,62.12
4723,2025-06-26,Available,Britain,Standard,Agency,2025-11-17,16,2025-10-15 11:53:21,2025-10-30 10:12:33,M1,18.068,62.862
4724,2025-06-26,Available,Denmark,Standard,Agency,2025-11-07,18,2025-10-15 11:54:14,2025-10-16 11:37:31,M1,22.173,48.921
4725,2025-06-26,Available,Netherlands,Standard,Direct Sales,2025-11-25,23,2025-10-27 11:33:24,2025-11-04 16:21:14,M1,20.873,
4726,2025-06-26,Available,France,Standard,Direct Sales,2025-12-09,23,2025-10-27 11:33:22,2025-10-29 10:48:25,M1,40.902,55.124
4727,2025-06-26,Available,France,Standard,Direct Sales,2025-11-27,23,2025-10-15 11:56:10,2025-10-16 11:37:18,M1,42.196,45.162
4728,2025-08-05,Available,Denmark,Standard,Agency,2025-12-08,17,2025-11-17 13:14:22,2025-11-18 16:13:52,M1,19.747,64.319
4729,2025-08-05,Available,Denmark,Standard,Agency,2025-12-26,18,2025-11-17 13:11:01,2025-11-17 14:18:43,M1,36.748,63.239
4730,2025-08-05,Available,Denmark,Standard,Agency,2025-12-17,22,2025-11-17 13:12:17,2025-11-18 16:14:23,M1,28.873,64.32
4731,2025-08-05,Available,Netherlands,Standard,Direct Sales,2026-01-09,23,2025-11-17 13:12:20,2025-11-17 14:14:28,M1,52.982,63.237
4732,2025-08-05,Available,Denmark,Standard,Agency,2026-01-16,17,2025-11-17 13:12:05,2025-11-27 13:42:06,M1,49.866,73.214
4733,2025-08-05,Available,Denmark,Standard,Agency,2025-12-16,17,2025-11-17 13:17:11,2025-11-27 13:42:05,M1,19.073,73.214
4734,2025-08-05,Available,Netherlands,Standard,Direct Sales,2026-01-09,23,2025-11-17 13:16:13,2025-11-17 14:14:30,M1,52.983,63.237
4735,2025-08-05,Available,Switzerland,Standard,Agency,2025-12-01,11,2025-11-17 13:12:16,2025-11-25 14:56:41,M1,6.232,64.112
4736,2025-08-05,Available,France,Standard,Direct Sales,2025-12-09,23,2025-11-17 13:15:19,2025-11-18 16:33:37,M1,20.786,57.179
4737,2025-08-05,Available,France,Standard,Direct Sales,2025-12-31,23,2025-11-17 13:13:07,2025-11-17 14:18:40,M1,43.812,56.085
4738,2025-08-05,Available,Netherlands,Standard,Direct Sales,2025-11-26,23,2025-11-17 13:14:05,2025-11-18 16:13:45,M1,8.088,57.165
4739,2025-08-05,Available,Denmark,Standard,Agency,2025-12-19,17,2025-11-17 13:15:10,2025-11-27 13:42:04,M1,22.107,66.06
4740,2025-08-05,Available,France,Standard,Direct Sales,2026-01-07,23,2025-11-17 13:15:04,2025-11-17 14:18:48,M1,50.956,56.086
4741,2025-08-05,Available,Netherlands,Standard,Direct Sales,2025-12-01,23,2025-11-17 13:15:00,2025-11-18 16:13:55,M1,13.016,57.166
4742,2025-08-05,Available,Netherlands,Standard,Direct Sales,2025-11-27,23,2025-11-17 13:11:15,2025-11-18 16:14:08,M1,9.033,57.166
4743,2025-08-05,Available,Netherlands,Standard,Direct Sales,2025-12-02,23,,2025-11-25 11:39:53,M1,7.085,63.975
4744,2025-08-05,Available,Netherlands,Standard,Direct Sales,2025-12-08,23,,2025-11-25 13:01:53,M1,13.119,64.032
4745,2025-08-05,Available,Britain,Standard,Agency,2026-04-03,4,2025-12-23 10:35:25,2026-01-02 10:30:40,M1,90.11,74.033
4746,2025-08-05,Available,Denmark,Standard,Agency,2026-01-15,17,,2025-12-19 13:04:39,M1,27.098,60.14
4747,2025-08-05,Available,Denmark,Standard,Agency,2026-01-26,17,,2025-12-19 13:04:42,M1,38.009,60.14
4748,2025-08-05,Available,Denmark,Standard,Agency,2026-01-09,17,,2025-12-19 13:35:27,M1,20.988,60.161
4749,2025-08-05,Available,Denmark,Standard,Agency,2026-02-17,17,,2025-12-19 13:04:40,M1,60.104,59.008
4750,2025-08-05,Available,France,Standard,Direct Sales,2026-01-30,23,,2025-12-19 13:35:31,M1,41.9,58.191
4751,2025-08-05,Available,France,Standard,Direct Sales,2026-01-08,23,,2025-12-19 13:35:33,M1,19.9,58.191
4752,2025-08-05,Available,Netherlands,Standard,Direct Sales,2026-01-07,23,2025-12-23 10:33:16,2025-12-23 15:19:32,M1,15.075,62.264
4753,2025-08-05,Available,Netherlands,Standard,Direct Sales,2026-01-07,23,,2025-12-19 13:35:29,M1,19.2,58.191
4754,2025-08-05,Available,Denmark,Standard,Agency,2026-01-22,17,,2025-12-19 13:04:49,M1,33.896,57.167
4755,2025-08-05,Available,Britain,Standard,Agency,2026-04-07,9,2025-12-23 10:35:04,2026-01-09 09:37:37,M1,88.207,78.023
4756,2025-08-05,Available,Denmark,Standard,Agency,2026-02-05,17,,2025-12-19 13:04:50,M1,47.87,57.167
4757,2025-08-05,Available,Britain,Standard,Agency,2026-02-24,9,2025-12-23 10:35:15,2026-01-08 13:38:35,M1,46.876,77.191
4758,2025-08-05,Available,Britain,Standard,Agency,2026-01-27,9,2025-12-23 10:36:19,2026-01-10 12:25:02,M1,17.066,79.14
4759,2025-08-05,Available,Britain,Standard,Agency,2026-02-13,9,2025-12-23 10:36:10,2026-01-06 16:46:38,M1,37.87,75.321
4760,2025-08-05,Available,Denmark,Standard,Agency,2026-01-23,17,,2025-12-19 13:35:25,M1,34.941,57.189
4761,2025-08-05,Available,Denmark,Standard,Agency,2026-01-29,17,,2025-12-19 13:35:23,M1,41.094,56.862
4762,2025-06-26,Available,Netherlands,Standard,Direct Sales,2026-01-07,23,,2025-12-19 13:35:19,M1,19.148,53.249
4763,2025-06-26,Available,Netherlands,Standard,Direct Sales,2026-01-06,23,,2025-12-19 13:35:20,M1,17.837,53.249
4764,2025-06-26,Available,Netherlands,Standard,Direct Sales,2026-01-08,23,,2025-12-19 13:35:23,M1,19.862,53.249
4765,2025-06-26,Available,Netherlands,Standard,Direct Sales,2026-01-09,23,2025-12-23 10:28:09,2025-12-23 16:20:32,M1,16.997,57.364
4766,2025-06-26,Available,Denmark,Standard,Agency,2026-01-30,17,,2025-12-19 13:35:20,M1,41.965,53.249
4767,2025-06-26,Available,Denmark,Standard,Agency,2026-02-13,17,,2025-12-19 13:35:23,M1,55.852,53.249
4768,2025-06-26,Available,Denmark,Standard,Agency,2026-03-10,17,,2025-12-19 13:35:24,M1,81.146,53.249
4769,2025-06-26,Available,Denmark,Standard,Agency,2026-02-06,17,,2025-12-19 13:35:19,M1,49.028,53.249
4770,2025-06-26,Available,Denmark,Standard,Agency,2026-03-10,17,,2025-12-19 13:35:33,M1,81.139,53.249
4771,2025-06-26,Available,Britain,Standard,Agency,2026-03-10,19,2025-12-23 10:30:07,2025-12-31 10:14:07,M1,68.975,64.869
4772,2025-06-26,Available,Belgium,Standard,Agency,2026-03-10,20,,2025-12-19 13:04:49,M1,80.785,52.988
4773,2025-06-26,Available,Slovenia,Standard,Agency,2026-03-13,21,2026-01-06 17:21:19,2026-01-22 18:33:26,M1,49.793,86.099
4774,2025-08-05,Available,Britain,Standard,Agency,2026-03-10,19,2026-01-13 08:32:31,2026-01-28 17:12:04,M1,40.638,86.336
4775,2025-08-05,Available,Britain,Standard,Agency,2026-02-12,19,2026-01-13 08:32:57,2026-01-27 17:25:36,M1,15.817,84.257
4776,2025-08-05,Available,Britain,Standard,Agency,2026-02-20,19,2026-01-13 08:32:47,2026-01-28 17:11:30,M1,33.695,85.247
4777,2025-08-05,Available,Britain,Standard,Agency,2026-02-20,19,2026-01-13 08:32:33,2026-01-28 17:11:29,M1,22.845,85.123
4778,2025-08-05,Available,Britain,Standard,Agency,2026-03-10,19,2026-01-13 08:32:41,2026-01-26 12:45:42,M1,42.822,82.939
4779,2025-08-05,Available,Germany,Standard,Direct Sales,2026-02-26,23,2026-01-16 08:38:18,2026-01-16 15:18:10,M2,41.003,72.257
4780,2025-09-05,Available,Belgium,Standard,Agency,2026-03-04,20,2026-01-28 11:05:07,2026-02-02 10:31:59,M2,29.096,88.825
4781,2025-09-05,Available,Denmark,Standard,Agency,2026-02-06,17,2026-01-13 08:32:42,2026-01-16 15:18:05,M1,20.905,71.768
4782,2025-09-05,Available,Belgium,Standard,Agency,2026-02-06,12,2026-01-13 08:32:54,2026-01-16 15:18:09,M1,20.827,70.942
4783,2025-08-05,Available,France,Standard,Direct Sales,2026-02-07,23,2026-01-16 08:38:09,2026-01-22 10:30:54,M2,16.007,73.133
4784,2025-09-05,Available,Britain,Standard,Agency,2026-02-05,5,2026-01-13 08:32:14,2026-01-28 17:12:01,M1,6.87,79.412
4785,2025-09-05,Available,Britain,Standard,Agency,2026-04-09,3,2026-01-13 08:32:58,2026-01-28 17:11:50,M1,70.696,79.412
4786,2025-09-05,Available,Britain,Standard,Agency,2026-03-25,3,2026-01-13 08:32:34,2026-01-28 17:11:31,M1,55.763,79.411
4787,2025-09-05,Available,Belgium,Standard,Agency,2026-02-23,20,2026-01-13 08:33:04,2026-01-16 15:18:10,M1,37.742,67.333
4788,2025-09-05,Available,Belgium,Standard,Agency,2026-02-27,26,2026-01-13 08:32:44,2026-01-16 15:18:10,M1,42.005,67.333
4789,2025-10-13,Available,Denmark,Standard,Agency,2026-02-07,17,2026-01-13 08:33:04,2026-01-20 11:11:59,M1,18.377,71.162
4790,2025-09-05,Available,Britain,Standard,Agency,2026-03-25,16,2026-01-13 08:32:42,2026-01-28 17:11:55,M1,55.832,79.412
4791,2025-09-05,Available,Belgium,Standard,Agency,2026-02-19,20,2026-01-13 08:32:42,2026-01-16 15:18:04,M1,32.781,67.333
4792,2025-09-05,Available,Belgium,Standard,Agency,2026-02-11,12,2026-01-13 08:32:42,2026-01-16 15:18:04,M1,26.087,67.333
4793,2025-10-13,Available,Belgium,Standard,Agency,2026-01-30,20,2026-01-13 08:32:53,2026-01-16 15:18:09,M1,13.114,67.333
4794,2025-10-13,Available,Germany,Standard,Direct Sales,2026-02-11,23,2026-01-13 08:32:39,2026-01-14 12:00:26,M1,27.965,65.195
4795,2025-10-13,Available,Britain,Standard,Agency,2026-03-19,16,2026-01-13 08:32:32,2026-01-28 17:12:07,M1,49.583,76.284
4796,2025-09-05,Available,Britain,Standard,Agency,2026-02-13,16,2026-01-13 08:32:25,2026-01-28 17:11:48,M1,14.895,76.284
4797,2025-10-13,Available,Britain,Standard,Agency,2026-04-16,16,2026-01-13 08:32:27,2026-01-28 17:11:53,M1,76.881,76.284
4798,2025-10-13,Available,Britain,Standard,Agency,2026-02-05,9,2026-01-13 08:32:16,2026-01-28 17:12:07,M1,7.884,76.284
4799,2025-10-13,Available,Britain,Standard,Agency,2026-02-02,9,2026-01-13 08:32:56,2026-01-28 17:11:44,M1,4.853,76.284
4800,2025-09-05,Available,Netherlands,Standard,Direct Sales,2026-03-10,23,2026-01-13 08:32:09,2026-02-27 15:54:54,M1,10.933,106.23
4801,2025-09-05,Available,Britain,Standard,Agency,2026-03-04,3,2026-01-13 08:33:04,2026-01-28 17:12:02,M1,34.677,76.284
4802,2025-10-13,Available,Netherlands,Standard,Direct Sales,2026-02-06,23,2026-01-13 08:32:36,2026-01-26 14:01:56,M1,11.142,74.152
4803,2025-10-13,Available,Belgium,Standard,Agency,2026-02-12,20,2026-01-13 08:32:44,2026-01-14 12:00:17,M1,28.399,62.068
4804,2025-10-13,Available,Italy,Business,Agency,2026-02-17,13,2026-01-13 08:32:23,2026-01-22 11:57:11,M1,33.2,70.065
4805,2025-10-13,Available,Netherlands,Standard,Direct Sales,2026-02-24,23,2026-01-13 08:32:01,2026-02-04 08:16:04,M1,20.09,82.912
4806,2025-09-05,Available,France,Standard,Direct Sales,2026-03-04,23,2026-01-13 08:32:31,2026-02-04 08:16:02,M1,28.095,82.912
4807,2025-09-05,Available,Germany,Standard,Direct Sales,2026-02-10,23,2026-01-13 08:32:12,2026-01-14 10:56:59,M1,27.285,62.024
4808,2025-09-05,Available,Denmark,Standard,Agency,2026-02-20,18,2026-01-28 11:05:05,2026-02-03 13:32:34,M2,16.11,76.114
4809,2025-09-05,Available,Denmark,Standard,Agency,2026-02-19,22,2026-01-28 11:05:10,2026-02-05 09:25:52,M2,14.071,77.942
4810,2025-09-05,Available,Denmark,Standard,Agency,2026-02-17,22,2026-01-28 11:05:03,2026-02-05 09:25:58,M2,12.069,76.776
4811,2025-09-05,Available,Denmark,Standard,Agency,2026-04-07,18,2026-01-28 11:05:04,2026-02-03 13:32:33,M2,62.798,74.948
4812,2025-09-05,Available,Denmark,Standard,Agency,2026-02-11,22,2026-01-28 11:05:06,2026-02-05 09:25:59,M2,22.138,76.776
4813,2025-09-05,Available,Netherlands,Standard,Direct Sales,2026-03-04,23,2026-02-13 10:54:19,2026-03-02 10:00:06,M2,2.196,94.987
4814,2025-09-05,Available,Netherlands,Standard,Direct Sales,2026-03-18,24,2026-02-13 10:54:18,2026-03-05 13:39:17,M2,12.844,98.139
4815,2025-09-05,Available,Netherlands,Standard,Direct Sales,2026-04-09,24,2026-02-13 10:53:21,2026-03-05 13:39:18,M2,35.066,98.139
4816,2025-10-13,Available,France,Standard,Direct Sales,2026-03-06,23,,2026-02-10 15:04:09,M2,23.835,75.198
4817,2025-10-13,Available,Netherlands,Standard,Direct Sales,2026-03-06,23,2026-02-13 10:52:12,2026-02-26 11:57:29,M2,8.207,91.068
4818,2025-10-13,Available,Netherlands,Standard,Direct Sales,2026-04-07,23,2026-02-13 10:53:16,2026-03-20 12:37:46,M2,18.011,113.096
4819,2025-10-13,Available,Netherlands,Standard,Direct Sales,2026-03-30,23,2026-02-13 10:52:05,2026-03-12 13:12:39,M2,17.995,105.12
4820,2025-10-13,Available,Netherlands,Standard,Direct Sales,2026-04-09,23,2026-02-13 10:52:11,2026-03-27 08:27:28,M2,13.285,119.922
4821,2025-10-13,Available,Netherlands,Standard,Direct Sales,2026-03-10,24,2026-02-13 10:52:08,2026-03-05 13:39:11,M2,5.026,97.858
4822,2025-10-13,Available,Netherlands,Standard,Direct Sales,2026-03-10,24,2026-02-13 10:54:27,2026-03-05 13:39:12,M2,5.126,96.871
4823,2025-10-13,Available,Netherlands,Standard,Direct Sales,2026-03-10,24,2026-02-13 10:52:10,2026-03-05 13:39:08,M2,5.129,96.871
4824,2025-10-13,Available,France,Standard,Direct Sales,2026-04-03,23,2026-03-04 12:08:23,2026-03-20 09:18:26,M2,14.207,109.073
4825,2025-10-13,Available,France,Standard,Direct Sales,2026-03-10,23,,2026-02-10 15:04:17,M2,27.825,71.313
4826,2025-10-13,Available,France,Standard,Direct Sales,2026-03-10,23,,2026-02-11 08:59:57,M2,27.074,72.06
4827,2025-10-13,Available,France,Standard,Direct Sales,2026-03-10,23,,2026-02-10 15:04:16,M2,27.985,71.313
4828,2025-10-13,Available,France,Standard,Direct Sales,2026-03-04,23,,2026-02-11 08:59:54,M2,21.288,72.06
4829,2025-10-13,Available,Netherlands,Standard,Direct Sales,2026-03-05,23,2026-02-13 10:52:03,2026-02-26 11:57:28,M2,7.076,87.183
4830,2025-10-13,Available,Netherlands,Standard,Direct Sales,2026-03-10,24,2026-02-13 10:53:25,2026-03-05 13:39:14,M2,5.13,94.254
4831,2025-10-13,Available,France,Standard,Direct Sales,2026-03-10,23,,2026-02-11 08:59:52,M2,27.034,72.06
4832,2025-10-30,Available,France,Standard,Direct Sales,2026-03-31,23,2026-03-04 12:09:03,2026-03-20 09:18:27,M2,11.26,102.061
4833,2025-10-30,Available,France,Standard,Direct Sales,2026-03-31,23,2026-03-04 12:09:02,2026-03-20 09:18:35,M2,11.26,102.061
4834,2025-10-30,Available,France,Standard,Direct Sales,2026-04-07,23,2026-03-04 12:09:21,2026-03-12 13:12:44,M2,25.873,94.224
4835,2025-10-30,Available,France,Standard,Direct Sales,2026-04-07,23,2026-03-04 12:09:46,2026-03-12 13:12:35,M2,26.044,94.224
4836,2025-10-13,Available,France,Standard,Direct Sales,2026-03-10,23,,2026-02-11 08:59:55,M2,27.244,63.984
4837,2025-10-13,Available,France,Standard,Direct Sales,2026-03-09,23,,2026-02-11 08:59:45,M2,26.109,63.984
4838,2025-10-13,Available,France,Standard,Direct Sales,2026-03-06,23,,2026-02-10 15:04:13,M2,24.017,63.237
4839,2025-10-30,Available,Netherlands,Standard,Direct Sales,2026-03-31,23,2026-02-27 13:22:09,2026-03-03 15:08:15,M2,27.805,77.215
4840,2025-10-30,Available,Netherlands,Standard,Direct Sales,2026-03-09,23,2026-02-27 13:23:21,2026-03-03 15:08:13,M2,5.962,77.215
4841,2025-10-30,Available,Netherlands,Standard,Direct Sales,2026-03-10,23,2026-02-27 13:22:02,2026-03-05 13:01:16,M2,5.18,78.154
4842,2025-10-30,Available,Germany,Standard,Direct Sales,2026-04-03,23,,2026-02-27 13:16:39,M2,35.02,72.164
4843,2025-10-30,Available,France,Standard,Direct Sales,2026-03-10,23,2026-02-27 13:22:07,2026-03-03 15:08:28,M2,6.977,76.242
4844,2025-10-30,Available,Netherlands,Standard,Direct Sales,2026-04-08,23,2026-02-27 13:22:20,2026-03-05 13:01:20,M2,34.144,78.154
4845,2025-10-30,Available,France,Standard,Direct Sales,2026-03-10,23,2026-02-27 13:25:10,2026-03-03 15:08:18,M2,6.986,74.119
4846,2025-10-30,Available,France,Standard,Direct Sales,2026-03-10,23,2026-02-27 13:25:16,2026-03-03 15:08:21,M2,6.98,74.119
4847,2025-10-30,Available,France,Standard,Direct Sales,2026-03-10,23,2026-02-27 13:25:35,2026-03-03 15:08:20,M2,6.977,74.119
4848,2025-10-30,Available,Denmark,Standard,Agency,2026-04-10,22,,2026-02-27 13:16:43,M2,42.075,70.042
4849,2025-10-30,Available,Denmark,Standard,Agency,2026-04-09,22,,2026-02-27 13:16:28,M2,40.826,70.042
4850,2025-10-30,Available,Denmark,Standard,Agency,2026-04-10,22,,2026-02-27 13:16:26,M2,41.87,70.042
4851,2025-10-30,Available,Denmark,Standard,Agency,2026-03-09,22,,2026-02-27 13:16:43,M2,10.096,67.186
4852,2025-10-30,Available,Denmark,Standard,Agency,2026-03-23,22,,2026-02-27 13:16:29,M2,20.822,67.186
4853,2025-10-30,Available,Denmark,Standard,Agency,2026-04-09,22,,2026-02-27 13:16:33,M2,40.868,67.186
4854,2025-10-30,Available,Denmark,Standard,Agency,2026-04-02,22,,2026-02-27 13:16:30,M2,33.943,67.186
4855,2025-10-30,Available,Denmark,Standard,Agency,2026-03-10,22,,2026-02-27 13:16:30,M2,11.043,67.186
4856,2025-10-30,Available,Denmark,Standard,Agency,2026-03-10,22,,2026-02-27 13:16:31,M2,10.839,67.186
4857,2025-11-28,Available,France,Standard,Direct Sales,2026-04-07,23,2026-03-02 09:17:29,2026-03-11 10:21:38,M2,26.992,79.064
4858,2025-11-28,Available,France,Standard,Direct Sales,2026-04-07,23,2026-03-02 09:17:26,2026-03-11 10:21:29,M2,26.991,79.064
4859,2025-11-28,Available,France,Standard,Direct Sales,2026-03-09,23,2026-03-02 09:20:29,2026-03-04 13:47:53,M2,4.81,72.207
4860,2025-11-28,Available,France,Standard,Direct Sales,2026-03-09,23,2026-03-02 09:20:18,2026-03-04 13:47:51,M2,4.81,72.207
4861,2025-11-28,Available,France,Standard,Direct Sales,2026-04-17,23,2026-03-02 09:17:23,2026-03-11 10:21:23,M2,37.15,79.064
4862,2025-11-28,Available,France,Standard,Direct Sales,2026-04-06,23,2026-03-02 09:18:22,2026-03-11 10:21:34,M2,26.17,77.991
4863,2025-11-28,Available,France,Standard,Direct Sales,2026-04-06,23,2026-03-02 09:18:28,2026-03-11 10:21:41,M2,26.175,77.991
4864,2025-11-28,Available,Belgium,Standard,Agency,2026-03-10,12,2026-03-02 09:17:32,2026-03-02 14:48:02,M2,7.897,68.931
4865,2025-11-28,Available,Belgium,Standard,Agency,2026-04-02,26,2026-03-02 09:17:13,2026-03-04 16:16:00,M2,28.947,70.201
4866,2025-11-28,Available,France,Standard,Direct Sales,2026-03-25,23,2026-03-02 09:17:05,2026-03-11 10:21:29,M2,14.133,75.043
4867,2025-11-28,Available,Britain,Standard,Agency,2026-04-16,19,2026-03-02 09:17:14,2026-03-24 12:50:28,M2,23.101,88.146
4868,2025-12-30,Available,France,Standard,Direct Sales,2026-04-17,23,,2026-03-27 08:27:31,M2,21.226,71.005
4869,,Available,Netherlands,Business,Direct Sales,2026-03-12,23,2025-04-30 08:01:20,,M0,,
4870,,Available,Netherlands,Standard,Direct Sales,2025-04-29,23,2025-04-08 14:53:11,,M0,,
4871,,Available,Netherlands,Standard,Direct Sales,2025-05-05,23,2025-04-08 14:52:10,,M0,,
4872,,Available,Netherlands,Standard,Direct Sales,2025-05-05,23,2025-04-08 14:50:19,,M0,,
4873,,Available,Netherlands,Standard,Direct Sales,2025-05-07,23,2025-04-08 14:50:17,,M0,,
4874,,Available,Netherlands,Standard,Direct Sales,2025-05-01,23,2025-04-08 14:55:13,,M0,,
4875,,Available,Netherlands,Standard,Direct Sales,2025-06-04,23,2025-04-21 10:03:02,,M0,,
4876,,Reserved,Denmark,Standard,Agency,2025-07-11,17,2025-04-21 10:03:09,,M0,,
4877,,Available,Netherlands,Standard,Direct Sales,2025-04-30,23,2025-04-08 14:57:07,,M0,,
4878,,Available,Netherlands,Standard,Direct Sales,2025-04-29,23,2025-04-08 14:55:19,,M0,,
4879,,Available,Netherlands,Standard,Direct Sales,2025-05-09,23,2025-04-08 14:53:15,,M0,,
4880,,Available,France,Standard,Direct Sales,2025-07-18,23,2025-04-21 10:03:12,,M0,,
4881,,Available,Belgium,Business,Agency,2025-07-11,26,2025-04-21 10:03:08,,M0,,
4882,,Available,Netherlands,Standard,Direct Sales,2025-06-03,23,2025-05-05 08:38:01,,M0,,
4883,,Available,Netherlands,Standard,Direct Sales,2025-06-02,23,2025-05-05 08:33:01,,M0,,
4884,,Available,Netherlands,Standard,Direct Sales,2025-05-29,23,2025-05-05 08:36:17,,M0,,
4885,,Available,Netherlands,Standard,Direct Sales,2025-06-02,23,2025-05-05 08:32:02,,M0,,
4886,,Available,Netherlands,Standard,Direct Sales,2025-06-02,23,2025-05-05 08:35:07,,M0,,
4887,,Available,Netherlands,Standard,Direct Sales,2025-06-06,23,2025-05-05 08:34:06,,M0,,
4888,,Available,Netherlands,Standard,Direct Sales,2025-05-29,23,2025-05-05 08:35:17,,M0,,
4889,,Available,Netherlands,Standard,Direct Sales,2025-05-29,23,2025-05-05 08:34:07,,M0,,
4890,,Available,Netherlands,Standard,Direct Sales,2025-05-22,23,2025-05-05 08:38:12,,M0,,
4891,,Available,Netherlands,Standard,Direct Sales,2025-05-28,23,2025-05-05 08:37:08,,M0,,
4892,2025-02-28,Available,Netherlands,Standard,Direct Sales,2025-06-06,23,2025-05-23 14:31:07,,M0,,
4893,2025-02-28,Available,France,Standard,Direct Sales,2025-10-10,23,2025-05-23 14:29:06,,M0,,
4894,2025-02-28,Available,Netherlands,Standard,Direct Sales,2025-07-02,23,2025-05-23 14:29:24,,M0,,
4895,2025-02-28,Available,Netherlands,Standard,Direct Sales,2025-06-06,23,2025-05-23 14:31:00,,M0,,
4896,2025-02-28,Available,France,Standard,Direct Sales,2025-08-04,23,2025-05-23 14:33:03,2025-07-21 10:53:21,M0,14.004,
4897,2025-02-28,Available,France,Business,Direct Sales,2026-04-16,23,2025-05-23 14:31:14,2025-07-10 15:36:23,M0,,
4898,2025-02-28,Available,Netherlands,Standard,Direct Sales,2025-07-07,23,2025-05-23 14:30:03,,M0,,
4899,2025-03-28,Available,Belgium,Standard,Agency,2025-12-05,20,2025-06-17 11:25:06,2025-08-26 13:25:48,M0,100.993,34.176
4900,2025-03-28,Available,Denmark,Standard,Agency,2025-10-14,22,2025-06-17 11:23:08,2025-09-05 10:45:08,M0,38.263,44.065
4901,2025-03-28,Available,Denmark,Standard,Agency,2025-10-07,18,2025-06-17 11:29:14,2025-09-05 10:45:04,M0,32.2,44.065
4902,2025-03-28,Available,Netherlands,Standard,Direct Sales,2025-07-18,23,2025-06-17 11:28:07,,M0,,
4903,2025-03-28,Available,France,Standard,Direct Sales,2025-08-05,23,2025-06-17 11:30:07,2025-07-21 10:53:21,M0,15.203,
4904,2025-03-28,Available,Denmark,Standard,Agency,2026-01-27,22,2025-07-07 11:39:08,2025-08-25 10:50:14,M0,155.236,33.04
4905,2025-03-28,Available,Denmark,Standard,Agency,2025-09-09,22,2025-06-17 11:26:05,2025-08-25 10:50:14,M0,14.986,33.04
4906,2025-03-28,Reserved,Denmark,Standard,Agency,2025-08-01,18,2025-06-17 11:29:15,2025-07-08 12:27:33,M0,23.836,
4907,2025-03-28,Reserved,Denmark,Standard,Agency,2025-07-18,18,2025-06-17 11:27:14,,M0,,
4908,2025-03-28,Available,France,Standard,Direct Sales,2025-08-07,23,2025-07-07 11:38:07,2025-07-28 18:45:22,M0,9.86,
4909,2025-05-02,Available,Netherlands,Standard,Direct Sales,2025-08-19,23,2025-08-04 07:37:15,2025-08-04 14:29:30,M1,14.931,
4910,2025-05-02,Available,Netherlands,Standard,Direct Sales,2025-09-08,23,2025-08-04 07:37:11,2025-08-04 14:29:34,M1,35.092,12.191
4911,2025-05-02,Available,Netherlands,Standard,Direct Sales,2025-08-15,23,2025-08-04 07:36:08,2025-08-04 14:29:24,M1,11.094,
4912,2025-05-02,Available,Netherlands,Standard,Direct Sales,2025-09-09,23,2025-08-04 07:35:23,2025-08-04 14:29:33,M1,36.047,12.191
4913,2025-05-02,Available,Netherlands,Standard,Direct Sales,2025-11-17,23,2025-08-04 07:34:09,2025-10-08 13:23:14,M1,40.171,77.145
4914,2025-05-02,Available,Netherlands,Standard,Direct Sales,2025-09-16,23,2025-08-04 07:35:18,2025-09-02 15:00:21,M1,13.997,41.212
4915,2025-05-02,Available,Netherlands,Standard,Direct Sales,2025-08-28,23,2025-08-04 07:33:11,2025-08-07 10:32:51,M1,21.17,15.027
4916,2025-05-02,Available,Denmark,Standard,Agency,2025-09-22,18,2025-08-04 07:33:22,2025-08-25 10:50:18,M1,27.911,33.04
4917,2025-05-02,Available,France,Standard,Direct Sales,2025-11-26,23,2025-08-04 07:30:04,2025-09-26 08:25:36,M1,61.263,64.94
4918,2025-05-02,Available,Netherlands,Standard,Direct Sales,2025-11-04,23,2025-08-04 07:36:01,2025-09-26 12:35:18,M1,39.144,65.112
4919,2025-05-02,Available,Netherlands,Standard,Direct Sales,2025-09-05,23,,2025-08-26 16:10:05,M1,10.036,34.258
4920,2025-05-02,Available,Netherlands,Standard,Direct Sales,2025-10-10,23,,2025-08-26 16:10:09,M1,44.97,34.258
4921,2025-05-02,Available,Belgium,Standard,Agency,2025-11-09,20,2025-08-27 10:37:22,2025-08-28 10:04:57,M1,71.072,36.004
4922,2025-05-02,Available,Netherlands,Standard,Direct Sales,2025-09-08,23,,2025-08-26 16:11:02,M1,13.022,34.259
4923,2025-06-05,Available,France,Standard,Direct Sales,2025-09-30,23,2025-08-27 10:39:06,2025-09-02 15:00:23,M1,27.772,41.21
4924,2025-06-05,Available,Netherlands,Standard,Direct Sales,2025-09-10,23,,2025-08-26 16:10:12,M1,14.994,34.258
4925,2025-06-05,Available,France,Standard,Direct Sales,2025-10-08,23,2025-09-23 09:58:04,2025-09-26 08:25:34,M1,12.122,56.71
4926,2025-06-05,Available,Denmark,Standard,Agency,2025-10-10,18,,2025-08-26 16:06:06,M1,44.811,34.255
4927,2025-06-05,Available,Netherlands,Standard,Direct Sales,2025-10-28,23,2025-08-27 10:38:02,2025-10-10 09:45:15,M1,18.298,78.991
4928,2025-06-05,Available,Netherlands,Standard,Direct Sales,2025-11-12,23,2025-09-23 09:57:01,2025-10-03 11:23:56,M1,39.995,
4929,2025-06-05,Available,Denmark,Standard,Agency,2025-10-13,18,,2025-08-26 16:06:06,M1,47.843,34.255
4930,2025-06-05,Available,France,Standard,Direct Sales,2025-11-10,23,2025-09-23 09:59:14,2025-09-26 08:25:35,M1,45.225,56.71
4931,2025-06-05,Available,Netherlands,Standard,Direct Sales,2025-10-13,23,,2025-09-19 09:31:50,M1,24.117,49.756
4932,2025-06-05,Available,France,Standard,Direct Sales,2025-10-21,23,,2025-09-19 09:33:30,M1,32.054,49.757
4933,2025-06-05,Available,Netherlands,Standard,Direct Sales,2025-10-10,23,2025-09-23 09:58:04,2025-09-24 08:40:46,M1,16.112,54.721
4934,2025-06-05,Available,Netherlands,Standard,Direct Sales,2025-10-10,23,2025-09-23 09:59:02,2025-09-24 08:40:44,M1,16.281,54.721
4935,2025-06-26,Available,Denmark,Standard,Agency,2025-11-26,17,2025-10-15 11:52:06,2025-10-16 11:36:52,M1,47.071,49.09
4936,2025-06-26,Available,Netherlands,Standard,Direct Sales,2025-12-02,23,2025-10-27 11:34:04,2025-11-11 10:39:13,M1,21.307,
4937,2025-06-26,Available,Netherlands,Standard,Direct Sales,2025-11-14,23,2025-10-15 11:53:06,2025-10-24 15:34:14,M1,21.035,
4938,2025-06-26,Available,Netherlands,Standard,Direct Sales,2025-11-18,23,2025-10-27 11:33:22,2025-10-30 11:53:35,M1,19.211,
4939,2025-06-26,Available,Denmark,Standard,Agency,2025-11-27,22,2025-10-15 11:54:01,2025-10-16 11:37:21,M1,41.941,49.079
4940,2025-06-26,Available,Denmark,Standard,Agency,2025-11-13,18,2025-10-15 11:53:13,2025-10-16 11:37:08,M1,27.88,49.082
4941,2025-06-26,Available,Netherlands,Standard,Direct Sales,2025-10-28,23,2025-10-15 11:54:09,2025-10-16 11:37:26,M1,12.222,
4942,2025-06-26,Available,Netherlands,Standard,Direct Sales,2025-11-13,23,2025-10-15 11:52:08,2025-10-24 13:35:19,M1,20.142,57.003
4943,2025-06-26,Available,Netherlands,Standard,Direct Sales,2025-11-05,23,2025-10-15 11:55:16,2025-10-16 11:37:03,M1,19.932,48.857
4944,2025-08-05,Available,Netherlands,Standard,Direct Sales,2025-11-18,23,2025-10-27 11:30:18,2025-10-30 11:53:37,M1,19.153,
4945,2025-08-05,Available,Netherlands,Standard,Direct Sales,2025-11-20,23,2025-10-27 11:30:11,2025-10-30 11:53:30,M1,21.1,
4946,2025-06-26,Available,Netherlands,Standard,Direct Sales,2025-11-10,23,2025-10-15 11:53:02,2025-10-17 16:27:12,M1,23.857,50.122
4947,2025-08-05,Available,Netherlands,Standard,Direct Sales,2025-11-18,23,2025-10-27 11:29:10,2025-10-30 11:53:34,M1,19.152,
4948,2025-08-05,Available,Denmark,Standard,Agency,2025-11-19,17,2025-10-27 11:25:00,2025-11-03 16:38:41,M1,15.792,56.044
4949,2025-08-05,Available,Denmark,Standard,Agency,2026-01-16,17,2025-10-27 11:29:04,2025-11-03 16:38:51,M1,73.904,56.044
4950,2025-06-26,Available,Denmark,Standard,Agency,2025-11-07,18,2025-10-15 11:56:15,2025-10-16 11:37:20,M1,22.026,49.072
4951,2025-08-05,Available,Denmark,Standard,Agency,2026-01-22,22,2025-10-27 11:25:07,2025-11-03 16:38:40,M1,79.906,56.044
4952,2025-06-26,Available,Netherlands,Standard,Direct Sales,2025-11-12,23,2025-10-27 11:34:03,2025-10-29 10:48:29,M1,14.06,
4953,2025-08-05,Available,Denmark,Standard,Agency,2026-02-23,18,2025-10-27 11:25:09,2025-11-03 16:38:54,M1,109.911,56.044
4954,2025-08-05,Available,Denmark,Standard,Agency,2026-04-17,22,2025-10-27 11:24:03,2025-11-03 16:38:35,M1,164.772,56.044
4955,2025-06-26,Available,Netherlands,Standard,Direct Sales,2025-11-17,23,2025-10-27 11:31:09,2025-10-30 11:53:26,M1,18.232,
4956,2025-06-26,Available,Belgium,Standard,Agency,2026-02-10,20,2025-11-03 10:44:13,2025-11-11 14:30:11,M1,89.92,67.206
4957,2025-06-26,Available,Netherlands,Standard,Direct Sales,2025-11-26,23,2025-11-03 10:46:19,2025-11-11 10:39:10,M1,15.307,67.046
4958,2025-06-26,Available,Netherlands,Standard,Direct Sales,2025-11-24,23,2025-10-27 11:31:19,2025-11-04 16:21:13,M1,19.712,57.032
4959,2025-08-05,Available,Denmark,Standard,Agency,2025-12-19,17,2025-10-27 11:25:09,2025-11-03 16:38:53,M1,56.751,56.044
4960,2025-08-05,Available,Denmark,Standard,Agency,2025-12-19,17,2025-11-03 10:50:03,2025-11-07 08:38:30,M1,42.307,62.962
4961,2025-08-05,Reserved,Denmark,Standard,Agency,2026-02-05,17,2025-11-03 10:50:11,2025-11-07 08:38:35,M1,90.123,62.962
4962,2025-08-05,Available,Denmark,Standard,Agency,2026-03-09,22,2025-11-03 10:50:01,2026-01-02 13:34:37,M1,65.914,119.168
4963,2025-06-26,Available,Belgium,Standard,Agency,2025-12-26,26,2025-11-03 10:46:22,2025-11-07 08:38:40,M1,49.285,62.962
4964,2025-08-05,Available,Denmark,Standard,Agency,2025-12-08,22,2025-11-17 13:08:02,2025-11-18 16:13:33,M1,19.831,64.319
4965,2025-08-05,Available,Denmark,Standard,Agency,2026-03-06,22,2025-11-17 13:15:13,2025-11-17 14:16:32,M1,108.933,63.238
4966,2025-08-05,Available,Denmark,Standard,Agency,2026-01-02,22,2025-11-17 13:17:19,2025-11-17 14:16:37,M1,53.136,63.238
4967,2025-08-05,Available,Netherlands,Standard,Direct Sales,2025-12-09,23,2025-11-17 13:08:12,2025-11-17 14:16:39,M1,22.056,63.238
4968,2025-08-05,Available,Denmark,Standard,Agency,2025-12-15,17,2025-11-17 13:15:20,2025-11-17 14:18:42,M1,27.866,63.239
4969,2025-08-05,Available,Denmark,Standard,Agency,2025-12-18,18,2025-11-17 13:16:22,2025-11-18 16:33:40,M1,37.835,64.333
4970,2025-08-05,Available,Netherlands,Standard,Direct Sales,2025-12-02,23,2025-11-17 13:11:16,2025-11-18 16:14:08,M1,14.141,64.32
4971,2025-08-05,Available,Netherlands,Standard,Direct Sales,2025-12-01,23,2025-11-17 13:12:24,2025-11-18 16:14:26,M1,12.967,64.32
4972,2025-08-05,Available,Denmark,Standard,Agency,2025-12-15,18,2025-11-17 13:13:01,2025-11-17 14:16:30,M1,27.875,63.238
4973,2025-08-05,Available,Denmark,Standard,Agency,2025-12-08,18,2025-11-17 13:10:18,2025-11-18 16:33:40,M1,19.84,64.333
4974,2025-08-05,Available,Denmark,Standard,Agency,2025-12-01,22,2025-11-17 13:12:18,2025-11-18 16:14:23,M1,13.803,64.32
4975,2025-08-05,Available,Denmark,Standard,Agency,2025-12-15,22,2025-11-17 13:10:12,2025-11-18 16:13:57,M1,26.915,64.32
4976,2025-08-05,Available,Denmark,Standard,Agency,2025-12-18,22,2025-11-17 13:11:03,2025-11-17 14:16:29,M1,30.888,63.238
4977,2025-08-05,Available,Denmark,Standard,Agency,2025-12-17,22,2025-11-17 13:10:10,2025-11-17 14:16:36,M1,29.975,63.238
4978,2025-08-05,Available,Netherlands,Standard,Direct Sales,2025-11-28,23,2025-11-17 13:10:23,2025-11-17 14:18:41,M1,11.098,63.239
4979,2025-08-05,Available,Denmark,Standard,Agency,2026-01-23,18,2025-11-17 13:10:11,2025-11-17 14:16:38,M1,66.825,63.238
4980,2025-08-05,Available,Denmark,Standard,Agency,2025-12-16,22,2025-11-17 13:16:24,2025-11-18 16:14:14,M1,27.959,64.32
4981,2025-08-05,Available,Denmark,Standard,Agency,2025-12-19,22,2025-11-17 13:17:14,2025-11-18 16:14:21,M1,30.971,64.32
4982,2025-08-05,Available,Denmark,Standard,Agency,2025-12-01,17,2025-11-17 13:09:20,2025-11-18 16:13:48,M1,12.79,64.319
4983,2025-08-05,Available,Netherlands,Standard,Direct Sales,2025-12-16,23,2025-11-17 13:17:05,2025-11-28 16:39:58,M1,17.714,74.338
4984,2025-08-05,Available,Netherlands,Standard,Direct Sales,2025-12-10,23,2025-11-17 13:09:03,2025-11-17 14:16:39,M1,22.9,56.084
4985,2025-08-05,Available,Netherlands,Standard,Direct Sales,2025-12-08,23,2025-11-17 13:09:20,2025-11-17 14:14:29,M1,21.143,56.082
4986,2025-08-05,Available,Netherlands,Standard,Direct Sales,2025-12-08,23,2025-11-17 13:08:01,2025-11-17 14:14:24,M1,20.809,56.082
4987,2025-08-05,Available,Netherlands,Standard,Direct Sales,2025-12-01,23,2025-11-17 13:10:09,2025-11-17 14:16:36,M1,14.064,56.084
4988,2025-08-05,Available,Netherlands,Standard,Direct Sales,2025-12-01,23,2025-11-17 13:13:15,2025-11-17 14:16:30,M1,14.065,56.084
4989,2025-08-05,Available,Netherlands,Standard,Direct Sales,2025-11-27,23,2025-11-17 13:14:06,2025-11-18 16:13:46,M1,9.041,57.165
4990,2025-08-05,Available,France,Standard,Direct Sales,2026-02-23,23,2025-11-17 13:16:10,2025-11-17 14:18:48,M1,97.924,56.085
4991,2025-08-05,Available,Netherlands,Standard,Direct Sales,2025-12-03,23,2025-11-17 13:13:13,2025-11-18 16:13:38,M1,14.901,57.165
4992,2025-08-05,Available,Denmark,Standard,Agency,2025-12-12,17,2025-11-17 13:11:16,2025-11-18 16:14:08,M1,24.011,57.166
4993,2025-08-05,Available,Denmark,Standard,Agency,2026-03-11,17,2025-11-17 13:11:23,2025-11-18 16:14:13,M1,112.907,57.166
4994,2025-08-05,Available,Denmark,Standard,Agency,2026-02-06,17,2025-11-17 13:11:12,2025-11-18 16:14:06,M1,79.935,57.165
4995,2025-08-05,Available,Belgium,Standard,Agency,2025-12-05,20,,2025-11-25 11:39:57,M1,9.91,63.975
4996,2025-08-05,Available,Belgium,Standard,Agency,2026-02-24,20,,2025-11-25 11:39:55,M1,90.105,63.975
4997,2025-08-05,Available,Denmark,Standard,Agency,2026-02-06,17,,2025-11-25 11:39:59,M1,73.108,63.975
4998,2025-08-05,Available,France,Standard,Direct Sales,2026-01-02,23,2025-11-25 15:32:06,2025-11-26 13:22:27,M1,36.977,65.046
4999,2025-08-05,Available,Netherlands,Standard,Direct Sales,2025-12-22,23,2025-11-25 15:30:21,2025-11-28 16:39:56,M1,24.021,67.183
5000,2025-08-05,Available,Belgium,Standard,Agency,2026-02-19,20,,2025-11-25 13:02:01,M1,85.874,64.032
5001,2025-08-05,Available,Denmark,Standard,Agency,2026-01-15,17,,2025-11-25 13:01:55,M1,51.165,64.032
5002,2025-08-05,Available,Denmark,Service,Agency,2026-02-11,17,,2025-11-25 13:02:05,M1,78.141,64.032
5003,2025-08-05,Available,Netherlands,Standard,Direct Sales,2025-12-23,23,2025-11-25 15:32:23,2025-11-28 16:39:58,M1,24.897,67.183
5004,2025-08-05,Available,Denmark,Service,Agency,2026-02-11,17,,2025-11-25 13:01:54,M1,78.112,64.032
5005,2025-08-05,Available,Denmark,Standard,Agency,2026-01-16,17,,2025-11-25 13:02:04,M1,51.992,64.032
5006,2025-08-05,Available,Denmark,Standard,Agency,2025-12-29,17,,2025-11-25 11:39:49,M1,34.209,63.975
5007,2025-08-05,Available,Denmark,Standard,Agency,2025-12-09,17,,2025-11-25 11:39:45,M1,14.101,63.975
5008,2025-08-05,Available,Denmark,Service,Agency,2026-02-11,17,,2025-11-25 11:39:55,M1,78.197,63.975
5009,2025-08-05,Available,Denmark,Standard,Agency,2025-12-28,17,,2025-11-25 11:39:47,M1,33.142,63.975
5010,2025-08-05,Available,Netherlands,Business,Direct Sales,2026-03-10,23,,2025-12-19 13:35:28,M1,81.018,63.11
5011,2025-08-05,Available,Belgium,Standard,Agency,2026-02-17,12,2025-12-23 10:32:21,2026-01-16 15:18:14,M1,32.046,88.232
5012,2025-10-13,Available,Denmark,Standard,Agency,2026-02-25,17,2026-01-06 17:21:18,2026-01-07 12:01:42,M1,49.124,76.123
5013,2025-08-27,Available,Netherlands,Standard,Direct Sales,2026-03-09,23,2026-02-13 10:54:13,2026-02-25 11:46:54,M2,11.94,120.111
5014,2025-08-27,Available,Netherlands,Standard,Direct Sales,2026-03-06,24,2026-01-06 17:21:12,2026-01-22 10:30:52,M1,42.966,86.059
5015,2025-08-27,Available,Netherlands,Standard,Direct Sales,2026-03-10,23,2026-02-13 10:54:15,2026-02-26 11:57:29,M2,12.246,120.119
5016,2025-10-13,Available,Denmark,Standard,Agency,2026-03-10,18,2026-01-16 08:38:09,2026-01-20 11:11:55,M2,48.977,78.086
5017,2025-08-05,Available,Netherlands,Standard,Direct Sales,2026-03-10,23,2026-01-16 08:38:05,2026-03-02 10:00:05,M2,8.076,119.036
5018,2025-08-05,Available,France,Standard,Direct Sales,2026-02-23,23,2026-01-16 08:38:12,2026-01-20 11:12:05,M2,34.201,78.086
5019,2025-09-05,Available,Belgium,Standard,Agency,2026-02-05,20,2026-01-16 08:38:03,2026-01-16 15:18:02,M2,19.717,74.257
5020,2025-09-05,Available,Belgium,Standard,Agency,2026-02-26,20,2026-01-28 11:05:05,2026-02-02 10:32:00,M2,24.092,91.058
5021,2025-09-05,Available,France,Standard,Direct Sales,2026-02-23,23,2026-01-13 08:32:01,2026-01-14 10:56:32,M1,40.225,70.075
5022,2025-10-13,Available,Denmark,Standard,Agency,2026-03-10,17,2026-03-04 12:07:09,2026-03-04 13:48:00,M2,5.986,114.27
5023,2025-10-13,Available,Denmark,Standard,Agency,2026-04-09,18,2026-03-04 12:09:39,2026-03-12 13:12:35,M2,28.053,122.245
5024,2025-10-13,Available,Netherlands,Standard,Direct Sales,2026-02-04,23,2026-01-13 08:32:06,2026-01-14 10:56:48,M1,21.029,65.151
5025,2025-10-13,Available,France,Standard,Direct Sales,2026-03-11,23,2026-01-13 08:32:08,2026-01-20 11:12:06,M1,49.99,71.162
5026,2025-10-13,Available,Netherlands,Standard,Direct Sales,2026-02-12,23,2026-01-13 08:32:48,2026-01-22 11:57:10,M1,21.231,73.193
5027,2025-10-13,Available,Netherlands,Standard,Direct Sales,2026-02-03,23,2026-01-13 08:32:08,2026-01-14 10:56:53,M1,20.033,65.151
5028,2025-10-13,Available,Belgium,Standard,Agency,2026-02-09,20,2026-01-13 08:32:47,2026-01-14 12:00:19,M1,25.324,65.195
5029,2025-10-13,Available,Netherlands,Standard,Direct Sales,2026-02-02,23,2026-01-13 08:33:04,2026-01-14 10:57:03,M1,19.049,65.151
5030,2025-10-13,Available,Denmark,Standard,Agency,2026-03-17,22,2026-01-13 08:32:56,2026-01-16 09:58:46,M1,,67.111
5031,2025-10-30,Available,Netherlands,Standard,Direct Sales,2026-03-02,23,2026-02-18 14:52:12,2026-02-20 12:47:29,M2,10.188,74.206
5032,2025-10-30,Available,Netherlands,Standard,Direct Sales,2026-03-10,23,2026-02-18 14:52:07,2026-02-20 12:47:28,M2,18.182,74.206
5033,2025-10-30,Available,Netherlands,Standard,Direct Sales,2026-04-15,23,2026-02-27 13:23:18,2026-03-03 15:08:15,M2,42.805,85.304
5034,2025-10-30,Available,Denmark,Standard,Agency,2026-04-06,22,2026-02-27 13:23:30,2026-03-20 09:18:36,M2,17.078,102.061
5035,2025-10-30,Available,Netherlands,Standard,Direct Sales,2026-04-07,23,2026-02-27 13:23:26,2026-03-25 10:59:29,M2,13.077,106.067
5036,2025-10-30,Available,Netherlands,Standard,Direct Sales,2026-03-25,24,,2026-02-27 13:16:31,M2,25.905,80.162
5037,2025-10-30,Available,France,Standard,Direct Sales,2026-04-07,23,2026-02-18 14:52:16,2026-02-20 12:47:29,M2,46.084,73.142
5038,2025-10-30,Available,Netherlands,Standard,Direct Sales,2026-03-10,23,2026-02-27 13:22:11,2026-03-03 15:08:25,M2,7.087,84.24
5039,2025-10-30,Available,Denmark,Standard,Agency,2026-04-09,17,2026-03-04 12:09:49,2026-03-25 10:55:26,M2,15.194,100.071
5040,2025-10-30,Available,Denmark,Standard,Agency,2026-04-10,22,2026-03-04 12:09:48,2026-03-20 09:18:38,M2,20.99,95.004
5041,2025-11-28,Available,Netherlands,Standard,Direct Sales,2026-04-09,23,2026-03-02 09:17:02,2026-04-02 13:03:00,M2,6.89,99.067
5042,2025-11-28,Available,Denmark,Standard,Agency,2026-04-09,17,2026-03-02 09:19:39,2026-03-04 11:58:44,M2,36.011,70.022
5043,2025-11-28,Available,Denmark,Standard,Agency,2026-03-30,17,2026-03-02 09:19:39,2026-03-04 11:58:43,M2,26.1,69.112
5044,2025-11-28,Available,Denmark,Standard,Agency,2026-04-16,17,2026-03-02 09:19:39,2026-03-12 13:12:33,M2,35.115,77.163
5045,2025-11-28,Available,Denmark,Standard,Agency,2026-03-10,17,2026-03-02 09:18:36,2026-03-02 14:41:05,M2,8.086,67.225
5046,2025-11-28,Available,Denmark,Standard,Agency,2026-04-08,17,2026-03-02 09:17:05,2026-03-04 11:59:50,M2,35.122,69.113
5047,2025-11-28,Available,Denmark,Standard,Agency,2026-04-02,18,2026-03-02 09:17:27,2026-03-02 11:38:35,M2,30.929,66.996
5048,2025-11-28,Available,Denmark,Standard,Agency,2026-04-09,18,2026-03-02 09:17:01,2026-03-02 11:38:24,M2,38.167,66.995
5049,2025-11-28,Available,Denmark,Standard,Agency,2026-03-25,17,2026-03-02 09:17:27,2026-03-02 14:41:07,M2,22.998,66.223
5050,,Available,Netherlands,Business,Direct Sales,2026-03-10,23,2025-04-30 08:01:21,,M0,,
5051,,Available,Netherlands,Business,Direct Sales,2025-11-20,23,2025-11-20 17:36:00,,M1,,
5052,,Available,Netherlands,Standard,Direct Sales,2025-05-21,23,2025-04-08 14:50:04,,M0,,
5053,,Available,Netherlands,Standard,Direct Sales,2025-05-07,23,2025-04-08 14:56:17,,M0,,
5054,,Available,Netherlands,Standard,Direct Sales,2025-05-01,23,2025-04-08 14:51:07,,M0,,
5055,,Available,Netherlands,Standard,Direct Sales,2025-05-30,23,2025-04-21 10:04:14,,M0,,
5056,,Available,Netherlands,Standard,Direct Sales,2025-05-01,23,2025-04-08 14:55:12,,M0,,
5057,,Available,France,Standard,Direct Sales,2025-06-09,23,2025-04-08 14:53:02,,M0,,
5058,,Available,Netherlands,Standard,Direct Sales,2025-04-28,23,2025-04-08 14:52:13,,M0,,
5059,,Available,Netherlands,Standard,Direct Sales,2025-05-01,23,2025-04-08 14:53:23,,M0,,
5060,,Available,France,Demo,Direct Sales,2025-06-05,23,2025-04-21 10:04:16,,M0,,
5061,,Available,Netherlands,Standard,Direct Sales,2025-04-25,23,2025-04-08 14:52:16,,M0,,
5062,,Reserved,Denmark,Standard,Agency,2025-06-13,18,2025-04-21 10:05:14,,M0,,
5063,,Available,Netherlands,Standard,Direct Sales,2025-05-05,23,2025-04-08 14:50:02,,M0,,
5064,,Available,Netherlands,Standard,Direct Sales,2025-06-03,23,2025-05-05 08:35:24,,M0,,
5065,,Available,Netherlands,Standard,Direct Sales,2025-06-06,23,2025-05-05 08:34:03,,M0,,
5066,,Available,Netherlands,Standard,Direct Sales,2025-06-09,23,2025-05-05 08:32:13,,M0,,
5067,,Available,Netherlands,Standard,Direct Sales,2025-05-30,23,2025-05-05 08:36:11,,M0,,
5068,,Available,Netherlands,Standard,Direct Sales,2025-06-03,23,2025-05-05 08:33:05,,M0,,
5069,,Available,Netherlands,Standard,Direct Sales,2025-06-09,23,2025-05-05 08:38:19,,M0,,
5070,,Available,Netherlands,Standard,Direct Sales,2025-05-23,23,2025-05-05 08:35:16,,M0,,
5071,,Available,Netherlands,Standard,Direct Sales,2025-06-02,23,2025-05-05 08:34:02,,M0,,
5072,,Available,Netherlands,Standard,Direct Sales,2025-06-06,23,2025-05-05 08:38:07,,M0,,
5073,,Available,Netherlands,Standard,Direct Sales,2025-05-23,23,2025-05-05 08:35:23,,M0,,
5074,2025-02-28,Available,Netherlands,Standard,Direct Sales,2025-06-05,23,2025-05-23 14:32:17,,M0,,
5075,2025-02-28,Available,Netherlands,Standard,Direct Sales,2025-06-06,23,2025-05-23 14:30:03,,M0,,
5076,2025-02-28,Reserved,Denmark,Standard,Agency,2025-07-31,17,2025-05-23 14:29:08,,M0,,
5077,2025-02-28,Available,Netherlands,Standard,Direct Sales,2025-07-10,23,2025-05-23 14:31:08,,M0,,
5078,2025-02-28,Reserved,Denmark,Standard,Agency,2025-08-14,17,2025-05-23 14:31:12,,M0,,
5079,2025-03-28,Reserved,Denmark,Standard,Agency,2025-07-25,18,2025-06-17 11:28:14,2025-07-08 12:27:34,M0,16.901,
5080,2025-03-28,Available,France,Standard,Direct Sales,2025-07-09,23,2025-06-17 11:27:06,,M0,,
5081,2025-03-28,Available,France,Standard,Direct Sales,2025-09-09,23,2025-06-17 11:24:14,2025-07-22 14:52:15,M0,49.053,
5082,2025-03-28,Available,Denmark,Standard,Agency,2025-09-08,22,2025-06-17 11:23:19,2025-08-25 10:50:12,M0,14.118,33.04
5083,2025-03-28,Available,France,Standard,Direct Sales,2025-09-24,23,2025-06-17 11:27:10,2025-08-04 14:43:45,M0,50.996,
5084,2025-03-28,Available,France,Standard,Direct Sales,2025-07-08,23,2025-06-17 11:27:19,,M0,,
5085,2025-05-02,Available,Netherlands,Standard,Direct Sales,2025-09-24,23,2025-08-04 07:31:14,2025-09-02 15:00:11,M1,22.039,41.212
5086,2025-05-02,Available,Netherlands,Standard,Direct Sales,2025-10-21,23,2025-08-04 07:34:02,2025-09-16 12:53:35,M1,35.163,55.124
5087,2025-05-02,Available,France,Standard,Direct Sales,2025-08-27,23,2025-08-04 07:32:20,2025-08-04 14:28:53,M1,22.843,
5088,2025-05-02,Available,Netherlands,Standard,Direct Sales,2025-09-05,23,2025-08-04 07:36:25,2025-08-04 14:29:26,M1,32.107,12.191
5089,2025-05-02,Available,Denmark,Standard,Agency,2025-08-29,17,2025-08-04 07:33:14,2025-08-04 14:28:47,M1,24.814,12.236
5090,2025-05-02,Available,Netherlands,Standard,Direct Sales,2025-09-09,23,2025-08-04 07:34:03,2025-08-13 11:41:58,M1,27.105,21.075
5091,2025-05-02,Available,Netherlands,Standard,Direct Sales,2025-09-04,23,2025-08-04 07:37:08,2025-08-18 13:33:24,M1,16.881,26.152
5092,2025-05-02,Available,Denmark,Standard,Agency,2025-09-08,18,2025-08-04 07:31:17,2025-08-04 14:28:53,M1,34.943,12.236
5093,2025-05-02,Available,Denmark,Standard,Agency,2025-10-07,18,2025-08-04 07:31:06,2025-09-05 10:45:08,M1,31.987,44.088
5094,2025-05-02,Available,Netherlands,Standard,Direct Sales,2025-09-25,23,,2025-08-26 16:10:04,M1,29.812,34.258
5095,2025-05-02,Available,Denmark,Standard,Agency,2025-09-18,22,,2025-08-26 16:06:00,M1,22.965,34.255
5096,2025-05-02,Available,Denmark,Standard,Agency,2025-09-10,22,,2025-08-26 16:06:00,M1,14.69,34.255
5097,2025-06-05,Available,France,Standard,Direct Sales,2025-10-08,23,,2025-09-19 09:33:25,M1,19.067,
5098,2025-06-05,Available,Denmark,Standard,Agency,2026-01-01,18,,2025-08-26 16:06:03,M1,127.853,34.255
5099,2025-06-05,Available,Netherlands,Standard,Direct Sales,2025-10-24,23,2025-08-27 10:38:04,2025-09-24 08:40:41,M1,30.28,62.946
5100,2025-06-05,Available,Netherlands,Standard,Direct Sales,2025-09-25,23,,2025-08-26 16:10:12,M1,30.012,34.258
5101,2025-06-05,Available,Netherlands,Standard,Direct Sales,2025-10-14,23,2025-08-27 10:37:09,2025-09-09 14:20:29,M1,35.112,48.182
5102,2025-06-05,Available,Netherlands,Standard,Direct Sales,2025-10-10,23,2025-09-23 09:59:05,2025-09-24 08:40:45,M1,16.144,54.721
5103,2025-06-05,Available,Netherlands,Standard,Direct Sales,2025-10-10,23,2025-09-23 09:59:17,2025-09-24 08:40:41,M1,16.107,54.721
5104,2025-06-05,Available,Netherlands,Standard,Direct Sales,2025-10-10,23,2025-09-23 09:59:15,2025-09-26 12:35:18,M1,14.162,56.883
5105,2025-06-02,Available,Netherlands,Standard,Direct Sales,2025-09-29,23,,2025-09-19 09:33:25,M1,10.173,
5106,2025-06-02,Available,France,Standard,Direct Sales,2025-10-09,23,,2025-09-19 09:33:31,M1,20.086,
5107,2025-06-26,Available,Netherlands,Standard,Direct Sales,2025-12-09,23,2025-10-15 11:56:17,2025-11-07 13:23:20,M1,32.186,70.995
5108,2025-08-05,Available,Denmark,Standard,Agency,2026-02-16,22,2025-10-27 11:30:13,2025-11-03 16:38:27,M1,104.945,56.044
5109,2025-06-26,Available,Netherlands,Standard,Direct Sales,2025-11-17,23,2025-10-15 11:52:25,2025-10-24 13:35:26,M1,23.928,56.939
5110,2025-08-05,Available,Denmark,Standard,Agency,2025-11-20,17,2025-10-27 11:30:11,2025-11-03 16:38:42,M1,16.961,56.044
5111,2025-06-26,Available,Netherlands,Standard,Direct Sales,2025-11-05,23,2025-10-15 11:53:17,2025-10-16 11:37:12,M1,20.095,48.921
5112,2025-06-26,Available,Netherlands,Standard,Direct Sales,2025-11-19,23,2025-10-27 11:33:20,2025-10-30 11:53:27,M1,20.144,
5113,2025-08-05,Available,Denmark,Standard,Agency,2026-03-09,17,2025-10-27 11:29:03,2025-11-03 16:38:47,M1,125.716,56.044
5114,2025-08-05,Available,Denmark,Standard,Agency,2026-04-16,22,2025-10-27 11:25:04,2026-01-02 13:34:39,M1,103.938,115.916
5115,2025-08-05,Available,Denmark,Standard,Agency,2026-03-23,22,2025-10-27 11:24:10,2026-01-02 13:34:40,M1,80.084,115.916
5116,2025-08-05,Available,Netherlands,Standard,Direct Sales,2025-11-18,23,2025-10-27 11:30:12,2025-10-30 11:53:35,M1,19.127,
5117,2025-06-26,Available,Netherlands,Standard,Direct Sales,2025-11-11,23,2025-10-27 11:30:12,2025-10-29 10:48:24,M1,13.048,
5118,2025-08-05,Available,Netherlands,Standard,Direct Sales,2025-11-18,23,2025-10-27 11:24:01,2025-10-30 11:53:27,M1,18.961,
5119,2025-08-05,Available,Denmark,Standard,Agency,2026-01-07,17,2025-10-27 11:25:02,2025-11-03 16:38:46,M1,64.88,56.044
5120,2025-06-26,Available,France,Standard,Direct Sales,2026-01-12,23,2025-11-03 10:47:00,2025-11-27 15:07:59,M1,45.903,83.233
5121,2025-08-05,Available,Denmark,Standard,Agency,2025-11-27,18,2025-11-03 10:46:18,2025-11-07 08:38:36,M1,20.062,62.962
5122,2025-08-05,Available,Denmark,Demo,Agency,2025-12-14,18,2025-11-03 10:49:25,2025-11-07 08:38:30,M1,37.116,62.962
5123,2025-08-05,Available,Denmark,Standard,Agency,2026-01-09,17,2025-11-03 10:47:10,2025-11-07 08:38:37,M1,63.248,62.962
5124,2025-08-05,Available,Denmark,Standard,Agency,2025-12-15,22,2025-11-03 10:47:01,2025-11-20 16:13:56,M1,24.744,76.278
5125,2025-06-26,Available,Belgium,Standard,Agency,2026-02-03,26,2025-11-03 10:46:24,2025-11-07 08:38:41,M1,88.204,62.962
5126,2025-08-05,Available,Denmark,Standard,Agency,2026-03-10,18,2025-11-17 13:16:13,2025-11-18 16:14:09,M1,111.002,64.32
5127,2025-08-05,Available,Denmark,Standard,Agency,2026-02-10,17,2025-11-17 13:14:03,2025-12-25 12:46:38,M1,47.167,101.176
5128,2025-08-05,Available,Netherlands,Standard,Direct Sales,2025-11-27,23,2025-11-17 13:15:08,2025-11-17 14:18:49,M1,10.114,63.24
5129,2025-08-05,Available,Denmark,Standard,Agency,2026-01-19,22,2025-11-17 13:09:19,2025-11-17 14:14:29,M1,62.823,63.237
5130,2025-08-05,Available,Netherlands,Standard,Direct Sales,2025-12-17,23,2025-11-17 13:11:00,2025-11-28 16:40:00,M1,18.735,74.338
5131,2025-08-05,Available,Netherlands,Standard,Direct Sales,2025-12-01,23,2025-11-17 13:09:03,2025-11-18 16:13:44,M1,12.975,64.319
5132,2025-08-05,Available,Denmark,Service,Agency,2026-02-11,17,2025-11-17 13:10:01,2025-11-17 14:18:43,M1,86.08,63.239
5133,2025-08-05,Available,Belgium,Standard,Agency,2026-01-16,20,2025-11-17 13:09:09,2025-11-17 14:16:28,M1,59.093,63.238
5134,2025-08-05,Available,Denmark,Standard,Agency,2026-01-26,22,2025-11-17 13:17:12,2025-11-18 16:14:20,M1,68.935,64.32
5135,2025-08-05,Available,Denmark,Standard,Agency,2025-12-01,17,2025-11-17 13:08:10,2025-11-17 14:19:32,M1,14.072,63.24
5136,2025-08-05,Available,Denmark,Standard,Agency,2026-04-03,22,2025-11-17 13:17:11,2025-11-17 14:16:29,M1,136.77,63.238
5137,2025-08-05,Available,Denmark,Standard,Agency,2026-02-16,22,2025-11-17 13:16:05,2025-11-17 14:16:33,M1,90.949,63.238
5138,2025-08-05,Available,Belgium,Standard,Agency,2026-01-16,20,2025-11-17 13:17:13,2025-11-17 14:18:45,M1,59.951,63.239
5139,2025-08-05,Available,Denmark,Standard,Agency,2025-12-18,18,2025-11-17 13:17:20,2025-11-17 14:16:39,M1,30.89,63.238
5140,2025-08-05,Available,Denmark,Standard,Agency,2025-12-15,18,2025-11-17 13:16:03,2025-11-17 14:16:32,M1,27.86,63.238
5141,2025-08-05,Available,Denmark,Standard,Agency,2025-12-19,18,2025-11-17 13:15:11,2025-11-17 14:16:30,M1,31.938,63.238
5142,2025-08-05,Available,Denmark,Standard,Agency,2025-12-22,18,2025-11-17 13:13:05,2025-11-17 14:16:34,M1,34.935,63.238
5143,2025-08-05,Available,France,Standard,Direct Sales,2026-01-15,23,2025-11-17 13:16:02,2025-11-27 13:42:05,M1,48.992,66.06
5144,2025-08-05,Available,Belgium,Standard,Agency,2026-01-19,20,2025-11-17 13:16:12,2025-11-17 14:16:38,M1,62.73,56.084
5145,2025-08-05,Available,Belgium,Standard,Agency,2026-01-09,20,2025-11-17 13:17:10,2025-11-18 16:14:20,M1,51.036,57.166
5146,2025-08-05,Available,Denmark,Standard,Agency,2026-02-10,17,2025-11-17 13:12:11,2025-11-18 16:14:18,M1,83.968,57.166
5147,2025-08-05,Available,Denmark,Standard,Agency,2025-12-18,17,2025-11-17 13:13:16,2025-11-18 16:13:39,M1,29.788,57.165
5148,2025-08-05,Available,Denmark,Standard,Agency,2025-12-08,18,2025-11-17 13:13:25,2025-11-17 14:16:38,M1,21.041,56.084
5149,2025-08-05,Available,Denmark,Standard,Agency,2026-01-12,17,2025-11-17 13:11:13,2025-11-18 16:14:07,M1,54.757,57.165
5150,2025-08-05,Available,Netherlands,Standard,Direct Sales,2025-12-01,23,2025-11-17 13:08:17,2025-11-17 14:14:22,M1,14.059,56.082
5151,2025-08-05,Available,Netherlands,Standard,Direct Sales,2025-12-08,23,2025-11-17 13:10:10,2025-11-17 14:14:28,M1,21.151,56.082
5152,2025-08-05,Available,Belgium,Standard,Agency,2026-01-15,20,,2025-11-25 13:01:58,M1,50.118,64.032
5153,2025-08-05,Available,Netherlands,Standard,Direct Sales,2025-12-02,23,,2025-11-25 11:39:48,M1,7.166,63.975
5154,2025-08-05,Available,Belgium,Standard,Agency,2026-01-23,20,,2025-11-25 13:02:01,M1,58.162,64.032
5155,2025-08-05,Available,Belgium,Standard,Agency,2026-02-17,20,,2025-11-25 11:39:57,M1,83.955,63.975
5156,2025-08-05,Available,Belgium,Standard,Agency,2026-01-15,20,,2025-11-25 11:39:53,M1,49.087,63.975
5157,2025-08-05,Available,Denmark,Standard,Agency,2025-12-02,17,,2025-11-25 13:02:01,M1,7.135,64.032
5158,2025-08-05,Available,Belgium,Standard,Agency,2026-03-13,20,,2025-11-25 13:02:05,M1,107.815,64.032
5159,2025-08-05,Available,Denmark,Standard,Agency,2026-04-09,18,,2025-11-25 11:39:44,M1,134.815,63.975
5160,2025-08-05,Available,France,Standard,Direct Sales,2026-04-08,23,2025-11-25 15:32:18,2026-02-05 15:18:02,M1,61.792,136.127
5161,2025-08-05,Available,Denmark,Standard,Agency,2025-12-22,18,,2025-11-25 11:39:48,M1,26.931,63.975
5162,2025-08-05,Available,Denmark,Standard,Agency,2025-12-19,17,,2025-11-25 14:21:31,M1,33.023,64.087
5163,2025-08-05,Available,Belgium,Business,Agency,2026-02-27,1,2025-12-23 10:32:25,2026-02-16 14:46:24,M1,10.888,122.159
5164,2025-08-05,Available,Netherlands,Standard,Direct Sales,2026-01-08,23,,2025-12-19 13:35:20,M1,20.126,63.11
5165,2025-08-05,Available,Netherlands,Standard,Direct Sales,2026-01-09,23,2025-12-23 10:36:01,2025-12-31 13:11:34,M1,9.117,75.093
5166,2025-08-27,Available,Netherlands,Standard,Direct Sales,2026-03-23,23,2026-02-13 10:54:28,2026-03-05 13:39:14,M2,18.101,128.189
5167,2025-08-27,Available,Netherlands,Standard,Direct Sales,2026-03-04,23,,2026-02-10 15:04:15,M2,21.989,104.249
5168,2025-10-13,Available,Denmark,Standard,Agency,2026-02-20,17,2026-01-16 08:38:18,2026-01-20 15:10:58,M2,30.795,78.252
5169,2025-10-13,Available,Denmark,Standard,Agency,2026-02-05,22,2026-01-16 08:38:05,2026-01-20 15:10:59,M2,16.795,78.252
5170,2025-08-05,Available,Denmark,Standard,Agency,2026-03-10,17,2026-01-16 08:38:25,2026-01-20 11:12:06,M2,49.05,78.086
5171,2025-10-13,Available,Denmark,Standard,Agency,2026-02-05,22,2026-01-16 08:38:24,2026-01-22 14:31:59,M2,13.978,80.225
5172,2025-09-05,Available,Belgium,Standard,Agency,2026-03-02,20,2026-01-28 11:05:02,2026-02-02 10:32:00,M2,27.511,91.058
5173,2025-09-05,Available,Belgium,Standard,Agency,2026-03-10,20,2026-01-28 11:05:06,2026-02-02 10:32:03,M2,36.214,91.058
5174,2025-09-05,Available,Portugal,Business,Agency,2026-03-05,7,2026-01-16 08:38:14,2026-02-09 08:37:59,M2,24.087,95.746
5175,2025-09-05,Available,Denmark,Standard,Agency,2026-03-10,17,2026-01-16 08:38:16,2026-01-20 11:11:57,M2,48.974,75.853
5176,2025-09-05,Available,France,Standard,Direct Sales,2026-02-17,23,2026-01-13 08:32:44,2026-01-14 10:57:03,M1,34.065,69.843
5177,2025-10-13,Available,Denmark,Standard,Agency,2026-04-16,22,2026-03-04 12:09:33,2026-03-20 09:18:32,M2,27.206,130.083
5178,2025-10-13,Available,Denmark,Standard,Agency,2026-02-11,22,2026-01-13 08:32:44,2026-01-16 09:58:43,M1,26.204,67.111
5179,2025-10-13,Available,France,Standard,Direct Sales,2026-04-14,23,2026-01-13 08:32:38,2026-01-22 10:30:50,M1,82.111,73.133
5180,2025-10-13,Available,Denmark,Standard,Agency,2026-02-11,18,2026-01-13 08:32:23,2026-01-16 09:58:45,M1,26.248,67.111
5181,2025-10-13,Available,Netherlands,Standard,Direct Sales,2026-02-06,23,2026-01-13 08:32:36,2026-01-14 10:56:42,M1,23.3,65.151
5182,2025-10-13,Available,France,Standard,Direct Sales,2026-02-27,23,2026-01-13 08:32:48,2026-01-14 10:56:37,M1,43.991,62.023
5183,2025-10-30,Available,Denmark,Standard,Agency,2026-04-09,22,2026-02-27 13:22:24,2026-03-18 11:24:07,M2,21.964,124.07
5184,2025-10-30,Available,Netherlands,Standard,Direct Sales,2026-03-10,23,2026-02-18 14:52:08,2026-02-25 11:46:55,M2,13.209,79.164
5185,2025-10-30,Available,France,Standard,Direct Sales,2026-03-31,23,2026-02-18 14:52:09,2026-02-20 12:47:31,M2,38.977,74.206
5186,2025-10-30,Available,Netherlands,Standard,Direct Sales,2026-04-01,23,2026-02-27 13:22:17,2026-03-03 15:08:21,M2,28.784,84.24
5187,2025-10-30,Available,Netherlands,Standard,Direct Sales,2026-03-27,24,,2026-02-27 13:16:38,M2,28.133,80.162
5188,2025-10-30,Available,Denmark,Standard,Agency,2026-03-11,17,2026-03-02 09:21:47,2026-03-02 14:41:08,M2,8.982,83.221
5189,2025-10-30,Available,Netherlands,Standard,Direct Sales,2026-03-10,23,,2026-02-27 13:16:41,M2,11.013,80.049
5190,2025-10-30,Available,Denmark,Standard,Agency,2026-04-10,22,2026-03-02 09:21:20,2026-03-04 11:58:12,M2,36.882,85.108
5191,2025-10-30,Available,Denmark,Standard,Agency,2026-04-09,22,2026-03-02 09:21:48,2026-03-04 11:58:13,M2,35.929,85.108
5192,2025-10-30,Available,Denmark,Standard,Agency,2026-04-10,22,2026-03-02 09:21:51,2026-03-04 11:58:12,M2,37.152,85.108
5193,2025-11-28,Available,Denmark,Standard,Agency,2026-04-09,22,2026-03-02 09:18:20,2026-03-04 11:59:12,M2,36.203,70.022
5194,2025-11-28,Available,Denmark,Standard,Agency,2026-04-17,22,2026-03-02 09:19:21,2026-03-04 11:58:44,M2,43.853,69.112
5195,2025-11-28,Available,Denmark,Standard,Agency,2026-04-08,18,2026-03-02 09:17:03,2026-03-02 14:40:53,M2,36.795,67.122
5196,2025-11-28,Available,Denmark,Standard,Agency,2026-03-09,18,2026-03-02 09:18:22,2026-03-02 14:41:02,M2,6.822,66.223
5197,2025-12-30,Available,Netherlands,Standard,Direct Sales,2026-04-09,23,2026-03-23 08:35:04,2026-04-02 13:03:08,M2,6.877,85.056
5198,,Available,Netherlands,Standard,Direct Sales,2025-06-19,23,2025-04-30 08:01:19,,M0,,
5199,,Available,Netherlands,Standard,Direct Sales,2025-05-01,23,2025-04-08 14:56:21,,M0,,
5200,,Available,Netherlands,Standard,Direct Sales,2025-04-29,23,2025-04-08 14:54:22,,M0,,
5201,,Available,Denmark,Standard,Agency,2025-07-24,17,2025-04-21 10:02:09,,M0,,
5202,,Available,Denmark,Standard,Agency,2025-08-18,17,2025-04-21 10:05:10,,M0,,
5203,,Available,Netherlands,Standard,Direct Sales,2025-04-29,23,2025-04-08 14:56:23,,M0,,
5204,,Available,France,Standard,Direct Sales,2025-05-20,23,2025-04-21 10:05:11,,M0,,
5205,,Available,Netherlands,Standard,Direct Sales,2025-05-07,23,2025-04-08 14:51:01,,M0,,
5206,,Available,Netherlands,Standard,Direct Sales,2025-05-07,23,2025-04-08 14:53:01,,M0,,
5207,,Available,Netherlands,Standard,Direct Sales,2025-05-05,23,2025-04-08 14:52:21,,M0,,
5208,,Reserved,Denmark,Standard,Agency,2025-06-16,18,2025-04-21 10:03:16,,M0,,
5209,,Reserved,Denmark,Standard,Agency,2025-06-20,17,2025-04-21 10:04:15,,M0,,
5210,,Available,Netherlands,Standard,Direct Sales,2025-06-04,23,2025-05-05 08:33:14,,M0,,
5211,,Available,Netherlands,Standard,Direct Sales,2025-06-03,23,2025-05-05 08:33:21,,M0,,
5212,,Available,France,Standard,Direct Sales,2025-08-22,23,2025-05-05 08:35:15,2025-07-22 14:14:26,M0,31.064,
5213,,Available,Netherlands,Standard,Direct Sales,2025-06-09,23,2025-05-05 08:32:19,,M0,,
5214,,Available,Netherlands,Standard,Direct Sales,2025-06-04,23,2025-05-05 08:36:01,,M0,,
5215,,Available,Netherlands,Standard,Direct Sales,2025-06-09,23,2025-05-05 08:37:06,,M0,,
5216,,Available,Netherlands,Standard,Direct Sales,2025-05-22,23,2025-05-05 08:33:20,,M0,,
5217,,Available,Netherlands,Standard,Direct Sales,2025-06-02,23,2025-05-05 08:37:01,,M0,,
5218,2025-02-28,Available,France,Standard,Direct Sales,2025-07-28,23,2025-05-23 14:31:10,,M0,,
5219,2025-02-28,Available,Netherlands,Standard,Direct Sales,2025-06-05,23,2025-05-23 14:29:10,,M0,,
5220,2025-02-28,Available,Netherlands,Standard,Direct Sales,2025-06-06,23,2025-05-23 14:30:16,,M0,,
5221,2025-02-28,Available,Netherlands,Standard,Direct Sales,2025-07-03,23,2025-05-23 14:32:20,,M0,,
5222,2025-02-28,Available,Netherlands,Standard,Direct Sales,2025-07-18,23,2025-05-23 14:29:12,,M0,,
5223,2025-02-28,Reserved,Denmark,Standard,Agency,2025-08-11,17,2025-05-23 14:31:07,,M0,,
5224,2025-02-28,Available,France,Standard,Direct Sales,2025-06-23,23,2025-05-23 14:32:15,,M0,,
5225,2025-03-28,Available,France,Standard,Direct Sales,2025-08-22,23,2025-06-17 11:31:12,2025-07-22 14:52:14,M0,30.966,
5226,2025-03-28,Reserved,Denmark,Business,Agency,2025-08-05,22,2025-06-17 11:26:19,2025-07-09 10:20:48,M0,27.02,
5227,2025-03-28,Available,Netherlands,Standard,Direct Sales,2025-08-06,23,2025-06-17 11:30:08,2025-07-22 15:18:42,M0,14.716,
5228,2025-03-28,Available,Netherlands,Standard,Direct Sales,2025-09-03,23,2025-06-17 11:25:20,2025-08-06 07:57:27,M0,28.331,13.976
5229,2025-03-28,Available,Switzerland,Standard,Agency,2025-11-23,11,2025-06-17 11:30:08,,M0,,
5230,2025-03-28,Available,France,Standard,Direct Sales,2025-10-08,23,2025-07-07 11:38:24,2025-07-21 10:55:38,M0,79.015,
5231,2025-05-02,Available,Netherlands,Standard,Direct Sales,2025-09-19,23,2025-08-04 07:37:00,2025-08-04 14:29:27,M1,46.036,12.191
5232,2025-05-02,Available,Denmark,Standard,Agency,2025-11-11,18,2025-08-04 07:31:18,2025-08-25 10:50:12,M1,77.958,33.04
5233,2025-05-02,Available,Netherlands,Standard,Direct Sales,2025-11-19,23,2025-08-04 07:34:02,2025-10-10 09:46:51,M1,40.235,78.995
5234,2025-05-02,Available,France,Standard,Direct Sales,2025-09-26,23,2025-08-04 07:33:13,2025-08-04 14:28:43,M1,52.855,
5235,2025-05-02,Available,Netherlands,Standard,Direct Sales,2025-09-25,23,2025-08-04 07:35:14,2025-09-12 12:46:53,M1,13.152,51.12
5236,2025-05-02,Available,Netherlands,Standard,Direct Sales,2025-08-15,23,2025-08-04 07:34:19,2025-08-04 14:28:45,M1,10.906,12.19
5237,2025-05-02,Available,Denmark,Standard,Agency,2025-08-22,18,2025-08-04 07:31:08,2025-08-04 14:28:46,M1,17.984,12.236
5238,2025-05-02,Available,Netherlands,Standard,Direct Sales,2025-10-17,23,2025-08-04 07:35:01,2025-09-15 14:56:16,M1,31.983,54.21
5239,2025-05-02,Available,Denmark,Standard,Agency,2025-10-23,18,2025-08-04 07:31:19,2025-09-05 10:45:18,M1,47.984,44.065
5240,2025-05-02,Available,Denmark,Standard,Agency,2025-09-18,18,2025-08-04 07:31:09,2025-08-25 10:50:16,M1,24.131,33.04
5241,2025-05-02,Available,Denmark,Standard,Agency,2025-09-26,18,2025-08-04 07:30:05,2025-08-25 10:50:10,M1,32.021,33.04
5242,2025-05-02,Available,Netherlands,Standard,Direct Sales,2025-09-16,23,,2025-08-26 16:10:04,M1,20.902,34.258
5243,2025-05-02,Available,Denmark,Standard,Agency,2025-09-22,22,,2025-08-26 16:06:02,M1,26.944,34.255
5244,2025-05-02,Available,Netherlands,Standard,Direct Sales,2025-09-08,23,,2025-08-26 16:11:42,M1,13.02,34.259
5245,2025-05-02,Available,Belgium,Standard,Agency,2025-11-25,20,2025-08-27 10:43:04,2025-08-28 10:04:58,M1,88.957,36.004
5246,2025-06-05,Available,Denmark,Standard,Agency,2025-09-23,17,,2025-08-26 16:05:11,M1,27.757,34.255
5247,2025-06-05,Available,Netherlands,Standard,Direct Sales,2025-11-20,23,2025-08-27 10:41:19,2025-10-03 11:24:00,M1,48.196,72.059
5248,2025-06-05,Available,Netherlands,Standard,Direct Sales,2025-11-10,23,2025-08-27 10:42:02,2025-10-03 11:23:59,M1,38.05,
5249,2025-06-05,Available,Netherlands,Standard,Direct Sales,2025-11-12,23,2025-08-27 10:38:24,2025-10-10 09:46:50,M1,33.292,78.992
5250,2025-06-05,Available,Denmark,Standard,Agency,2025-10-27,22,2025-08-27 10:41:17,2025-09-02 15:00:27,M1,55.034,41.21
5251,2025-06-05,Available,Netherlands,Standard,Direct Sales,2025-10-02,23,,2025-09-19 09:33:27,M1,13.159,49.757
5252,2025-06-05,Available,Netherlands,Standard,Direct Sales,2025-11-14,23,2025-08-27 10:38:04,2025-10-14 12:58:47,M1,31.128,83.125
5253,2025-06-05,Available,Denmark,Standard,Agency,2025-11-10,18,,2025-09-19 09:33:30,M1,52.005,49.757
5254,2025-06-05,Available,Netherlands,Standard,Direct Sales,2025-10-20,23,2025-09-23 09:58:14,2025-09-24 13:46:28,M1,25.919,54.933
5255,2025-06-05,Available,Denmark,Standard,Agency,2025-10-23,17,2025-09-23 09:57:11,2025-10-03 13:20:57,M1,20.002,63.915
5256,2025-06-05,Available,Netherlands,Standard,Direct Sales,2025-10-06,23,2025-09-23 09:59:20,2025-09-26 12:35:20,M1,10.15,56.883
5257,2025-06-05,Available,Netherlands,Standard,Direct Sales,2025-10-02,23,,2025-09-19 09:33:29,M1,13.021,49.757
5258,2025-06-02,Available,Denmark,Standard,Agency,2026-01-14,18,2025-09-23 09:59:04,2025-10-03 13:20:56,M1,103.09,63.915
5259,2025-06-02,Available,Netherlands,Standard,Direct Sales,2025-11-26,23,2025-09-23 09:59:12,2025-10-24 15:34:15,M1,33.107,85.008
5260,2025-06-02,Available,Netherlands,Standard,Direct Sales,2025-09-29,23,,2025-09-19 09:33:21,M1,10.236,
5261,2025-06-26,Available,Netherlands,Standard,Direct Sales,2025-11-28,23,2025-10-15 11:56:17,2025-10-29 16:22:59,M1,30.031,
5262,2025-06-26,Available,Denmark,Standard,Agency,2025-11-10,18,2025-10-15 11:54:10,2025-10-16 11:37:27,M1,25.064,49.079
5263,2025-06-26,Available,Netherlands,Standard,Direct Sales,2025-10-27,23,2025-10-15 11:57:00,2025-10-16 11:37:30,M1,11.03,
5264,2025-06-26,Available,Netherlands,Standard,Direct Sales,2025-11-10,23,2025-10-15 11:53:19,2025-10-29 16:22:58,M1,11.984,62.119
5265,2025-06-26,Available,Netherlands,Standard,Direct Sales,2025-11-11,23,2025-10-15 11:55:04,2025-10-29 16:22:58,M1,12.815,62.119
5266,2025-08-05,Available,Denmark,Standard,Agency,2026-01-16,17,2025-10-27 11:29:00,2025-11-03 16:38:31,M1,73.775,56.044
5267,2025-06-26,Available,Netherlands,Standard,Direct Sales,2025-11-17,23,2025-10-27 11:33:19,2025-10-30 11:53:26,M1,18.228,
5268,2025-08-05,Available,Denmark,Standard,Agency,2026-01-14,18,2025-10-27 11:24:01,2025-11-03 16:38:34,M1,70.908,56.044
5269,2025-06-26,Available,Netherlands,Standard,Direct Sales,2025-11-18,23,2025-10-27 11:31:10,2025-10-30 11:53:27,M1,19.126,
5270,2025-08-05,Available,Denmark,Business,Agency,2026-03-04,17,2025-10-27 11:25:03,2026-01-02 09:37:18,M1,61.211,115.752
5271,2025-06-26,Available,Netherlands,Standard,Direct Sales,2025-11-12,23,2025-10-27 11:31:17,2025-10-29 10:48:22,M1,14.023,
5272,2025-06-26,Available,Netherlands,Standard,Direct Sales,2025-11-13,23,2025-10-15 11:56:08,2025-10-29 16:22:59,M1,14.998,
5273,2025-06-26,Available,Netherlands,Standard,Direct Sales,2025-11-07,23,2025-10-27 11:31:00,2025-11-03 16:38:27,M1,3.823,
5274,2025-08-05,Available,Denmark,Standard,Agency,2026-03-10,17,2025-10-27 11:25:06,2026-01-02 09:37:22,M1,67.281,115.752
5275,2025-08-05,Available,Denmark,Standard,Agency,2026-03-17,17,2025-10-27 11:25:01,2025-11-03 16:38:28,M1,133.81,56.044
5276,2025-06-26,Available,Netherlands,Standard,Direct Sales,2025-11-18,23,2025-10-27 11:33:11,2025-10-30 11:53:31,M1,19.151,
5277,2025-06-26,Available,France,Standard,Direct Sales,2025-12-12,23,2025-11-03 10:46:20,2025-11-11 15:22:22,M1,30.813,67.243
5278,2025-06-26,Available,Belgium,Standard,Agency,2026-01-06,20,2025-11-03 10:47:08,2025-11-11 14:30:15,M1,52.068,67.206
5279,2025-06-26,Available,Denmark,Business,Agency,2026-01-12,17,2025-10-27 11:31:13,2025-11-03 16:38:32,M1,94.731,56.044
5280,2025-06-26,Available,Belgium,Standard,Agency,2026-01-21,20,2025-11-03 10:46:13,2025-11-11 14:30:10,M1,69.85,67.206
5281,2025-06-26,Available,France,Standard,Direct Sales,2026-02-18,23,2025-11-03 10:47:08,2025-11-27 15:07:58,M1,82.837,83.232
5282,2025-08-05,Available,Netherlands,Standard,Direct Sales,2025-11-14,23,2025-10-27 11:30:15,2025-10-29 10:48:27,M1,16.237,50.801
5283,2025-08-05,Available,Belgium,Standard,Agency,2026-01-16,20,2025-11-03 10:49:24,2025-11-11 14:30:10,M1,65.087,67.206
5284,2025-08-05,Available,Belgium,Standard,Agency,2026-01-23,20,2025-11-03 10:50:09,2025-11-11 14:30:20,M1,72.978,67.206
5285,2025-08-05,Available,Netherlands,Standard,Direct Sales,2026-01-26,23,2025-11-03 10:50:01,2026-01-12 15:34:23,M1,13.842,129.25
5286,2025-08-05,Available,Netherlands,Standard,Direct Sales,2025-12-23,23,2025-11-03 10:46:15,2025-12-09 09:33:16,M1,14.335,95.0
5287,2025-06-26,Available,France,Standard,Direct Sales,2025-12-01,23,2025-11-03 10:47:09,2025-11-07 08:38:37,M1,24.201,62.962
5288,2025-08-05,Available,Denmark,Standard,Agency,2026-01-07,17,2025-10-27 11:29:02,2025-11-03 16:38:38,M1,64.827,56.044
5289,2025-08-05,Available,Netherlands,Standard,Direct Sales,2025-12-08,23,2025-11-17 13:15:08,2025-11-17 14:14:30,M1,20.812,63.236
5290,2025-08-05,Available,Denmark,Standard,Agency,2026-02-19,17,2025-11-17 13:08:23,2025-11-17 14:19:34,M1,94.077,63.24
5291,2025-08-05,Available,Netherlands,Standard,Direct Sales,2025-12-08,23,2025-11-17 13:10:22,2025-11-17 14:14:29,M1,21.147,63.236
5292,2025-08-05,Available,Netherlands,Standard,Direct Sales,2025-12-01,23,2025-11-17 13:09:09,2025-11-18 16:13:45,M1,13.043,64.319
5293,2025-08-05,Available,Netherlands,Standard,Direct Sales,2025-11-28,23,2025-11-17 13:12:16,2025-11-17 14:16:35,M1,11.1,63.238
5294,2025-08-05,Available,Denmark,Standard,Agency,2026-01-04,18,2025-11-17 13:15:13,2025-11-17 14:18:38,M1,47.852,63.239
5295,2025-08-05,Available,Denmark,Standard,Agency,2025-12-23,18,2025-11-17 13:10:13,2025-11-17 14:18:49,M1,35.83,63.239
5296,2025-08-05,Available,Denmark,Standard,Agency,2026-02-09,18,2025-11-17 13:15:19,2025-11-17 14:18:40,M1,83.968,63.239
5297,2025-08-05,Available,Denmark,Service,Agency,2026-02-11,17,2025-11-17 13:09:11,2025-11-18 16:13:46,M1,84.991,64.319
5298,2025-08-05,Available,Netherlands,Standard,Direct Sales,2025-12-10,23,2025-11-17 13:16:20,2025-11-18 16:33:37,M1,21.877,64.333
5299,2025-08-05,Available,Denmark,Service,Agency,2026-02-11,17,2025-11-17 13:13:08,2025-12-25 12:46:31,M1,48.123,101.175
5300,2025-08-05,Available,Denmark,Standard,Agency,2026-03-03,17,2025-11-17 13:13:22,2025-11-18 16:13:42,M1,104.752,64.319
5301,2025-08-05,Available,Netherlands,Standard,Direct Sales,2025-11-28,23,2025-11-17 13:13:10,2025-11-17 14:16:37,M1,11.102,63.238
5302,2025-08-05,Available,Netherlands,Standard,Direct Sales,2025-12-08,23,2025-11-17 13:16:25,2025-11-18 16:33:40,M1,19.716,64.333
5303,2025-08-05,Available,Netherlands,Standard,Direct Sales,2025-12-02,23,2025-11-17 13:17:03,2025-11-18 16:14:15,M1,14.074,64.319
5304,2025-08-05,Available,Netherlands,Standard,Direct Sales,2025-12-08,23,2025-11-17 13:14:14,2025-11-17 14:14:29,M1,21.151,63.236
5305,2025-08-05,Available,Netherlands,Standard,Direct Sales,2025-12-08,23,2025-11-17 13:13:03,2025-11-17 14:14:25,M1,20.8,63.236
5306,2025-08-05,Available,Denmark,Standard,Agency,2025-12-19,22,2025-11-17 13:14:19,2025-11-18 16:13:51,M1,30.953,57.165
5307,2025-08-05,Available,Netherlands,Standard,Direct Sales,2025-12-02,23,2025-11-17 13:11:09,2025-11-18 16:14:06,M1,14.14,57.165
5308,2025-08-05,Available,Netherlands,Standard,Direct Sales,2025-11-27,23,2025-11-17 13:13:06,2025-11-18 16:13:35,M1,9.032,57.165
5309,2025-08-05,Available,Netherlands,Standard,Direct Sales,2025-12-08,23,2025-11-17 13:12:21,2025-11-17 14:14:31,M1,20.8,56.082
5310,2025-08-05,Available,Denmark,Standard,Agency,2026-02-25,22,2025-11-17 13:16:03,2025-11-17 14:14:25,M1,99.906,56.082
5311,2025-08-05,Available,Denmark,Standard,Agency,2025-12-09,18,,2025-11-25 11:39:56,M1,14.069,63.975
5312,2025-08-05,Available,Denmark,Standard,Agency,2026-01-26,18,,2025-11-25 11:39:53,M1,61.967,63.975
5313,2025-08-05,Available,Denmark,Standard,Agency,2026-02-11,18,,2025-11-25 11:39:49,M1,78.12,63.975
5314,2025-08-05,Available,Denmark,Standard,Agency,2025-12-16,18,,2025-11-25 11:39:46,M1,22.923,63.975
5315,2025-08-05,Available,Denmark,Standard,Agency,2025-12-09,18,,2025-11-25 11:39:56,M1,13.931,63.975
5316,2025-08-05,Available,Denmark,Standard,Agency,2026-02-11,18,,2025-11-25 11:39:50,M1,78.122,63.975
5317,2025-08-05,Available,Denmark,Standard,Agency,2025-12-12,17,,2025-11-25 14:21:31,M1,16.895,64.087
5318,2025-08-05,Available,Denmark,Standard,Agency,2026-01-20,17,,2025-11-25 14:21:29,M1,56.05,64.087
5319,2025-08-05,Available,Netherlands,Standard,Direct Sales,2025-12-09,23,,2025-11-25 14:21:26,M1,14.054,64.087
5320,2025-08-05,Available,Denmark,Standard,Agency,2025-12-15,18,,2025-11-25 13:01:54,M1,19.932,64.032
5321,2025-08-05,Available,Denmark,Service,Agency,2026-02-11,17,2025-11-25 15:32:02,2025-12-25 12:46:27,M1,48.148,94.021
5322,2025-08-05,Available,Netherlands,Standard,Direct Sales,2025-12-08,23,,2025-11-25 13:02:06,M1,13.195,64.032
5323,2025-08-05,Available,Denmark,Standard,Agency,2026-03-26,18,,2025-11-25 11:39:51,M1,120.897,63.975
5324,2025-08-05,Available,Netherlands,Standard,Direct Sales,2026-03-20,23,2025-12-23 10:32:19,2026-02-27 15:54:53,M1,20.979,133.207
5325,2025-08-05,Available,Netherlands,Business,Direct Sales,2026-03-10,23,2025-12-23 10:35:17,2025-12-31 13:11:34,M1,69.043,75.093
5326,2025-08-05,Available,Germany,Standard,Direct Sales,2026-01-20,23,,2025-12-19 13:35:26,M1,32.037,60.161
5327,2025-08-05,Available,Denmark,Standard,Agency,2026-01-09,22,2025-12-23 10:33:02,2026-01-02 09:37:22,M1,7.24,73.996
5328,2025-10-13,Available,Netherlands,Standard,Direct Sales,2026-04-09,24,2026-01-06 17:21:16,2026-02-27 15:54:52,M1,40.691,127.285
5329,2025-08-27,Available,Belgium,Standard,Agency,2026-03-27,20,,2026-02-10 15:04:11,M2,44.768,105.248
5330,2025-08-27,Available,Netherlands,Standard,Direct Sales,2026-02-06,23,2026-01-06 17:21:04,2026-01-22 10:30:56,M1,14.96,86.059
5331,2025-08-27,Available,Netherlands,Standard,Direct Sales,2026-03-09,24,2026-01-06 17:21:17,2026-01-22 10:30:51,M1,13.07,86.059
5332,2025-08-27,Available,Netherlands,Standard,Direct Sales,2026-01-26,23,2026-01-06 17:21:09,2026-01-16 11:57:53,M1,9.995,79.824
5333,2025-08-27,Available,Netherlands,Standard,Direct Sales,2026-03-10,23,2026-01-06 17:21:18,2026-01-22 10:30:51,M1,47.279,85.059
5334,2025-10-13,Available,Netherlands,Standard,Direct Sales,2026-02-03,23,2026-01-16 08:38:13,2026-01-20 11:12:07,M2,14.353,78.086
5335,2025-09-05,Available,Belgium,Standard,Agency,2026-02-14,20,2026-01-13 08:32:32,2026-01-14 12:00:25,M1,30.059,72.12
5336,2025-09-05,Available,Belgium,Standard,Agency,2026-02-27,20,2026-01-28 11:05:03,2026-02-02 10:32:04,M2,25.065,91.058
5337,2025-09-05,Available,Netherlands,Standard,Direct Sales,2026-02-04,23,2026-01-16 08:38:18,2026-01-20 11:12:01,M2,15.242,78.086
5338,2025-09-05,Available,Denmark,Standard,Agency,2026-03-10,22,2026-01-13 08:32:44,2026-01-14 10:57:04,M1,55.023,70.075
5339,2025-09-05,Available,France,Standard,Direct Sales,2026-04-09,23,2026-01-16 08:38:09,2026-01-22 10:30:55,M2,77.214,78.057
5340,2025-09-05,Available,France,Standard,Direct Sales,2026-03-03,23,2026-01-16 08:38:03,2026-01-22 10:30:55,M2,40.084,78.057
5341,2025-09-05,Available,Belgium,Standard,Agency,2026-03-10,14,2026-01-16 08:38:06,2026-02-11 08:59:55,M2,27.177,97.761
5342,2025-09-05,Available,France,Standard,Direct Sales,2026-04-13,23,2026-01-16 08:38:04,2026-01-20 15:10:58,M2,83.023,76.019
5343,2025-09-05,Available,Belgium,Standard,Agency,2026-03-02,20,2026-01-16 08:38:11,2026-01-16 15:18:08,M2,45.05,72.024
5344,2025-09-05,Available,Belgium,Standard,Agency,2026-02-27,20,2026-01-16 08:38:06,2026-01-16 15:18:13,M2,41.873,72.024
5345,2025-09-05,Available,Denmark,Standard,Agency,2026-03-17,22,2026-01-16 08:38:23,2026-01-20 15:10:55,M2,56.031,76.019
5346,2025-10-13,Available,Netherlands,Standard,Direct Sales,2026-02-03,23,2026-01-13 08:32:25,2026-01-14 10:56:55,M1,20.356,65.151
5347,2025-10-13,Available,Denmark,Standard,Agency,2026-04-09,17,2026-03-04 12:09:36,2026-03-20 12:37:43,M2,20.022,130.221
5348,2025-10-13,Available,Denmark,Standard,Agency,2026-04-10,17,2026-03-04 12:09:22,2026-03-20 12:37:38,M2,27.844,130.221
5349,2025-10-13,Available,Denmark,Standard,Agency,2026-04-06,17,2026-03-04 12:07:12,2026-03-20 12:37:38,M2,16.911,130.221
5350,2025-10-13,Available,Netherlands,Standard,Direct Sales,2026-03-06,23,2026-01-13 08:32:18,2026-02-11 09:05:47,M1,23.368,93.074
5351,2025-10-13,Available,Netherlands,Standard,Direct Sales,2026-02-04,23,2026-01-13 08:32:01,2026-01-14 10:56:36,M1,21.201,65.151
5352,2025-10-13,Available,Denmark,Standard,Agency,2026-01-30,22,2026-01-13 08:32:21,2026-01-14 10:56:45,M1,16.138,65.151
5353,2025-10-13,Available,Netherlands,Standard,Direct Sales,2026-01-27,23,2026-01-13 08:32:39,2026-01-14 10:56:54,M1,13.175,62.023
5354,2025-10-13,Available,Denmark,Standard,Agency,2026-03-20,17,2026-03-04 12:07:24,2026-03-04 13:47:53,M2,16.008,110.943
5355,2025-10-13,Available,Denmark,Standard,Agency,2026-03-24,22,2026-03-04 12:09:35,2026-03-05 13:01:18,M2,19.096,111.138
5356,2025-10-13,Available,Denmark,Standard,Agency,2026-04-02,22,2026-03-04 12:09:40,2026-03-12 13:12:44,M2,20.949,118.146
5357,2025-10-13,Available,Denmark,Standard,Agency,2026-04-08,17,2026-03-04 12:07:17,2026-03-20 12:37:37,M2,18.89,126.121
5358,2025-10-30,Available,Denmark,Standard,Agency,2026-04-09,17,2026-02-27 13:25:16,2026-03-12 13:12:36,M2,28.095,118.146
5359,2025-10-30,Available,Denmark,Standard,Agency,2026-04-09,18,2026-03-02 09:21:50,2026-03-02 14:41:05,M2,37.982,84.285
5360,2025-10-30,Available,France,Standard,Direct Sales,2026-03-23,23,2026-02-18 14:52:16,2026-02-27 16:59:22,M2,23.746,81.381
5361,2025-10-30,Available,Netherlands,Standard,Direct Sales,2026-04-08,24,2026-02-27 13:22:27,2026-03-03 15:08:26,M2,35.966,84.24
5362,2025-10-30,Available,Netherlands,Standard,Direct Sales,2026-03-13,23,2026-02-27 13:22:26,2026-03-03 15:08:24,M2,9.807,84.24
5363,2025-10-30,Available,Netherlands,Standard,Direct Sales,2026-03-20,23,2026-02-27 13:24:34,2026-03-03 15:08:17,M2,16.884,84.24
5364,2025-10-30,Available,Denmark,Business,Agency,2026-04-09,17,2026-03-04 12:09:34,2026-03-20 12:37:41,M2,19.986,95.142
5365,2025-10-30,Available,Denmark,Business,Agency,2026-04-08,22,2026-03-04 12:09:41,2026-03-25 10:55:28,M2,,100.071
5366,2025-11-28,Available,Netherlands,Standard,Direct Sales,2026-04-16,23,2026-03-02 09:20:28,2026-03-27 14:01:25,M2,19.967,95.216
5367,2025-11-28,Available,Denmark,Standard,Agency,2026-03-26,18,2026-03-02 09:17:24,2026-03-02 14:40:57,M2,23.937,67.225
5368,2025-11-28,Available,Denmark,Standard,Agency,2026-04-09,17,2026-03-02 09:17:18,2026-04-01 08:19:36,M2,8.181,96.96
5369,2025-11-28,Available,Denmark,Standard,Agency,2026-04-03,17,2026-03-02 09:17:10,2026-03-04 11:59:12,M2,29.944,68.111
5370,2025-11-28,Available,Denmark,Standard,Agency,2026-03-10,17,2026-03-02 09:17:28,2026-03-04 11:59:11,M2,6.019,68.111
5371,2025-12-30,Available,Netherlands,Standard,Direct Sales,2026-04-09,23,2026-03-23 08:35:07,2026-04-02 13:03:03,M2,6.876,85.056
5372,2025-12-30,Available,Netherlands,Standard,Direct Sales,2026-04-09,23,2026-03-23 08:35:02,2026-04-02 13:03:04,M2,6.874,84.988
5373,,Available,Netherlands,Standard,Direct Sales,2025-04-30,23,2025-04-08 14:56:16,,M0,,
5374,,Available,Netherlands,Standard,Direct Sales,2025-05-05,23,2025-04-08 14:56:15,,M0,,
5375,,Available,Netherlands,Standard,Direct Sales,2025-05-05,23,2025-04-08 14:55:03,,M0,,
5376,,Available,Netherlands,Standard,Direct Sales,2025-04-30,23,2025-04-08 14:52:08,,M0,,
5377,,Available,Netherlands,Standard,Direct Sales,2025-05-07,23,2025-04-08 14:54:15,,M0,,
5378,,Available,Netherlands,Standard,Direct Sales,2025-04-28,23,2025-04-08 14:55:18,,M0,,
5379,,Available,Netherlands,Standard,Direct Sales,2025-05-01,23,2025-04-08 14:57:19,,M0,,
5380,,Available,Netherlands,Standard,Direct Sales,2025-05-05,23,2025-04-08 14:56:06,,M0,,
5381,,Available,Netherlands,Standard,Direct Sales,2025-05-05,23,2025-04-08 14:57:07,,M0,,
5382,,Reserved,Denmark,Standard,Agency,2025-06-27,17,2025-04-21 10:03:15,,M0,,
5383,,Available,France,Standard,Direct Sales,2025-06-06,23,2025-05-05 08:37:20,,M0,,
5384,,Available,France,Standard,Direct Sales,2025-06-05,23,2025-05-05 08:38:17,,M0,,
5385,,Available,France,Standard,Direct Sales,2025-06-09,23,2025-05-05 08:37:19,,M0,,
5386,,Available,France,Standard,Direct Sales,2025-05-28,23,2025-05-05 08:38:17,,M0,,
5387,,Available,France,Standard,Direct Sales,2025-06-27,23,2025-05-05 08:32:07,,M0,,
5388,,Available,Denmark,Standard,Agency,2025-07-30,17,2025-05-05 08:34:06,,M0,,
5389,2025-02-28,Reserved,Denmark,Standard,Agency,2025-07-18,17,2025-05-23 14:30:04,,M0,,
5390,2025-02-28,Available,Netherlands,Standard,Direct Sales,2025-06-09,23,2025-05-23 14:33:04,,M0,,
5391,2025-02-28,Available,Netherlands,Standard,Direct Sales,2025-07-07,23,2025-05-23 14:32:15,,M0,,
5392,2025-02-28,Available,France,Standard,Direct Sales,2025-06-24,23,2025-05-23 14:30:10,,M0,,
5393,2025-02-28,Available,France,Standard,Direct Sales,2025-07-28,23,2025-05-23 14:29:11,,M0,,
5394,2025-02-28,Available,France,Standard,Direct Sales,2025-06-23,23,2025-05-23 14:31:06,,M0,,
5395,2025-02-28,Available,Netherlands,Standard,Direct Sales,2025-08-05,23,2025-05-23 14:32:05,,M0,,
5396,2025-03-28,Available,France,Standard,Direct Sales,2025-08-28,23,2025-06-17 11:24:06,2025-07-28 14:24:27,M0,30.961,5.189
5397,2025-03-28,Available,Netherlands,Standard,Direct Sales,2025-07-23,23,2025-06-17 11:23:18,2025-07-09 10:20:49,M0,13.95,
5398,2025-03-28,Available,Netherlands,Standard,Direct Sales,2025-08-01,23,2025-06-17 11:28:23,2025-07-18 15:07:37,M0,13.964,
5399,2025-03-28,Available,Netherlands,Standard,Direct Sales,2025-08-25,23,2025-07-07 11:39:01,2025-08-06 10:27:44,M0,19.18,14.08
5400,2025-05-02,Available,Netherlands,Standard,Direct Sales,2025-11-26,23,2025-08-04 07:37:18,2025-10-03 11:24:00,M1,54.268,72.062
5401,2025-05-02,Available,Netherlands,Standard,Direct Sales,2025-08-27,23,2025-08-04 07:37:14,2025-08-04 14:29:29,M1,22.861,12.191
5402,2025-05-02,Available,Netherlands,Standard,Direct Sales,2025-10-22,23,2025-08-04 07:36:01,2025-10-03 11:23:55,M1,19.275,72.062
5403,2025-05-02,Available,Netherlands,Standard,Direct Sales,2025-09-30,23,2025-08-04 07:35:08,2025-08-18 13:33:26,M1,43.076,26.152
5404,2025-05-02,Available,Netherlands,Standard,Direct Sales,2025-09-10,23,2025-08-04 07:34:19,2025-08-13 10:25:48,M1,28.115,21.022
5405,2025-05-02,Available,Netherlands,Standard,Direct Sales,2025-11-12,23,2025-08-04 07:35:03,2025-10-08 13:23:12,M1,35.064,77.145
5406,2025-05-02,Available,Denmark,Standard,Agency,2025-09-09,18,2025-08-04 07:33:19,2025-08-04 14:28:48,M1,35.78,12.236
5407,2025-05-02,Available,Netherlands,Standard,Direct Sales,2025-10-08,23,2025-08-04 07:34:20,2025-09-26 12:35:19,M1,12.106,65.112
5408,2025-05-02,Available,Denmark,Standard,Agency,2025-09-04,18,2025-08-04 07:31:09,2025-08-04 14:28:48,M1,31.028,12.236
5409,2025-05-02,Available,Netherlands,Standard,Direct Sales,2025-10-24,23,2025-08-04 07:36:16,2025-10-07 11:56:50,M1,17.224,76.085
5410,2025-05-02,Available,Denmark,Standard,Agency,2025-09-03,17,2025-08-04 07:30:02,2025-08-04 14:29:30,M1,29.944,12.237
5411,2025-05-02,Available,Netherlands,Standard,Direct Sales,2025-11-11,23,2025-08-04 07:37:01,2025-10-03 11:23:58,M1,39.168,72.062
5412,2025-05-02,Available,Netherlands,Standard,Direct Sales,2025-10-06,23,,2025-08-26 16:10:09,M1,41.002,34.258
5413,2025-05-02,Available,Netherlands,Standard,Direct Sales,2025-09-11,23,,2025-08-26 16:10:55,M1,16.011,34.258
5414,2025-05-02,Available,Netherlands,Standard,Direct Sales,2025-09-05,23,,2025-08-26 16:10:53,M1,10.039,34.258
5415,2025-05-02,Available,Netherlands,Standard,Direct Sales,2025-09-09,23,,2025-08-26 16:10:03,M1,13.963,34.258
5416,2025-06-05,Available,France,Standard,Direct Sales,2025-11-20,23,2025-08-27 10:40:09,2025-10-03 09:35:28,M1,48.209,51.91
5417,2025-06-05,Available,France,Standard,Direct Sales,2025-11-07,23,2025-08-27 10:39:09,2025-09-19 09:28:53,M1,49.115,37.905
5418,2025-06-05,Available,Netherlands,Standard,Direct Sales,2025-10-27,23,2025-08-27 10:38:21,2025-10-08 13:23:13,M1,19.171,77.142
5419,2025-06-05,Available,Netherlands,Standard,Direct Sales,2025-09-16,23,,2025-08-26 16:10:08,M1,20.944,34.258
5420,2025-06-05,Available,France,Standard,Direct Sales,2026-01-06,23,2025-08-27 10:40:19,2025-10-10 09:46:49,M1,88.245,78.992
5421,2025-06-05,Available,Denmark,Standard,Agency,2025-09-23,18,,2025-08-26 16:06:04,M1,27.804,34.255
5422,2025-06-05,Available,Denmark,Standard,Agency,2025-10-13,18,,2025-09-19 09:33:18,M1,24.069,49.757
5423,2025-06-05,Available,Netherlands,Standard,Direct Sales,2025-10-27,23,2025-08-27 10:41:03,2025-09-24 13:46:31,M1,33.154,63.158
5424,2025-06-05,Available,Netherlands,Standard,Direct Sales,2025-09-22,23,2025-08-27 10:37:21,2025-09-12 12:46:53,M1,10.067,51.117
5425,2025-06-05,Available,France,Standard,Direct Sales,2025-10-30,23,,2025-09-19 09:31:43,M1,41.265,49.756
5426,2025-06-05,Available,Netherlands,Standard,Direct Sales,2025-10-03,23,2025-09-23 09:58:16,2025-09-26 12:35:20,M1,7.039,56.883
5427,2025-06-05,Available,Slovenia,Standard,Agency,2025-12-19,21,2025-09-23 09:57:03,2025-10-01 09:08:28,M1,79.164,61.74
5428,2025-06-05,Available,Denmark,Standard,Agency,2025-10-21,22,,2025-09-19 09:32:03,M1,32.193,49.756
5429,2025-06-02,Available,Netherlands,Standard,Direct Sales,2025-11-13,23,2025-09-23 09:57:20,2025-10-08 13:23:12,M1,36.122,68.917
5430,2025-06-02,Available,Denmark,Standard,Agency,2025-11-03,18,2025-09-23 09:58:11,2025-09-26 12:35:21,M1,38.012,56.883
5431,2025-06-26,Available,Netherlands,Standard,Direct Sales,2025-11-20,23,2025-10-27 11:31:20,2025-11-04 16:21:14,M1,16.048,57.032
5432,2025-06-26,Available,Denmark,Standard,Agency,2025-11-17,22,2025-10-15 11:55:06,2025-10-16 11:36:54,M1,31.95,49.09
5433,2025-06-26,Available,Denmark,Standard,Agency,2026-01-08,17,2025-10-27 11:34:02,2025-11-03 16:38:45,M1,65.705,56.044
5434,2025-06-26,Available,Denmark,Standard,Agency,2025-11-18,17,2025-10-15 11:53:05,2025-10-16 11:37:05,M1,33.165,49.082
5435,2025-06-26,Available,Netherlands,Standard,Direct Sales,2025-11-20,23,2025-10-27 11:34:00,2025-11-04 16:21:14,M1,15.952,
5436,2025-08-05,Available,Denmark,Standard,Agency,2026-04-07,22,2025-10-27 11:29:08,2026-01-02 13:34:39,M1,93.854,115.916
5437,2025-06-26,Available,Netherlands,Standard,Direct Sales,2025-12-08,23,2025-10-15 11:56:16,2025-11-07 13:23:18,M1,30.837,70.995
5438,2025-06-26,Available,Netherlands,Standard,Direct Sales,2025-11-13,23,2025-10-27 11:31:22,2025-10-29 10:48:27,M1,15.232,
5439,2025-08-05,Available,Denmark,Standard,Agency,2026-04-17,17,2025-10-27 11:24:05,2026-01-02 09:37:27,M1,105.102,115.752
5440,2025-08-05,Available,Denmark,Standard,Agency,2026-01-16,18,2025-10-27 11:25:05,2025-11-03 16:38:43,M1,73.796,56.044
5441,2025-06-26,Available,Denmark,Standard,Agency,2026-03-31,18,2025-10-27 11:34:01,2025-11-03 16:38:33,M1,147.859,56.044
5442,2025-06-26,Available,Netherlands,Standard,Direct Sales,2025-11-25,23,2025-11-03 10:44:05,2025-11-11 14:30:12,M1,14.101,67.206
5443,2025-06-26,Available,Denmark,Standard,Agency,2026-03-10,17,2025-10-27 11:31:24,2025-11-07 08:38:40,M1,123.312,59.711
5444,2025-06-26,Available,France,Standard,Direct Sales,2025-12-08,23,2025-11-03 10:44:15,2025-11-07 08:38:32,M1,31.212,62.962
5445,2025-06-26,Available,Netherlands,Standard,Direct Sales,2025-11-26,23,2025-11-03 10:46:21,2025-11-11 10:39:13,M1,15.311,67.046
5446,2025-08-05,Available,Denmark,Standard,Agency,2026-01-23,18,2025-10-27 11:24:05,2025-11-03 16:38:42,M1,80.741,56.044
5447,2025-08-05,Available,Denmark,Standard,Agency,2026-01-27,22,2025-11-03 10:47:11,2026-01-02 09:37:27,M1,25.293,119.002
5448,2025-08-05,Available,Denmark,Standard,Agency,2026-01-26,22,2025-11-03 10:50:04,2026-01-02 09:37:20,M1,24.272,119.002
5449,2025-08-05,Available,Denmark,Standard,Agency,2026-03-26,17,2025-11-03 10:50:06,2026-01-02 09:37:29,M1,83.151,119.003
5450,2025-08-05,Available,Denmark,Standard,Agency,2026-03-02,17,2025-11-03 10:50:08,2026-01-02 09:37:22,M1,59.15,119.002
5451,2025-08-05,Available,Denmark,Standard,Agency,2026-03-02,22,2025-11-17 13:12:13,2025-11-18 16:14:20,M1,103.752,64.32
5452,2025-08-05,Available,Denmark,Standard,Agency,2026-03-04,17,2025-11-17 13:09:17,2025-12-25 12:46:30,M1,68.923,101.175
5453,2025-08-05,Available,Denmark,Standard,Agency,2026-01-30,17,2025-11-17 13:12:20,2025-11-17 14:18:48,M1,74.109,63.239
5454,2025-08-05,Available,Denmark,Standard,Agency,2026-02-06,17,2025-11-17 13:10:08,2025-11-17 14:18:47,M1,80.849,63.239
5455,2025-08-05,Available,Netherlands,Standard,Direct Sales,2025-12-22,23,2025-11-17 13:09:24,2025-11-28 16:40:00,M1,23.867,74.337
5456,2025-08-05,Available,Netherlands,Standard,Direct Sales,2025-12-25,23,2025-11-17 13:13:24,2025-11-18 16:13:42,M1,36.934,64.319
5457,2025-08-05,Available,Netherlands,Standard,Direct Sales,2025-11-28,23,2025-11-17 13:17:12,2025-11-17 14:16:31,M1,11.117,63.238
5458,2025-08-05,Available,Netherlands,Standard,Direct Sales,2025-11-28,23,2025-11-17 13:14:22,2025-11-17 14:18:44,M1,11.116,63.239
5459,2025-08-05,Available,Netherlands,Standard,Direct Sales,2025-11-26,23,2025-11-17 13:14:05,2025-11-18 16:13:45,M1,8.076,64.319
5460,2025-08-05,Available,Denmark,Service,Agency,2026-02-11,17,2025-11-17 13:17:19,2025-11-17 14:18:49,M1,86.081,63.239
5461,2025-08-05,Available,Denmark,Standard,Agency,2026-02-11,17,2025-11-17 13:15:06,2025-11-17 14:18:49,M1,86.079,63.239
5462,2025-08-05,Available,Denmark,Standard,Agency,2026-02-11,22,2025-11-17 13:15:02,2025-12-25 12:46:35,M1,48.089,101.175
5463,2025-08-05,Available,Denmark,Service,Agency,2026-02-11,17,2025-11-17 13:11:22,2025-12-25 12:46:26,M1,48.146,101.175
5464,2025-08-05,Available,Netherlands,Standard,Direct Sales,2025-11-26,23,2025-11-17 13:15:04,2025-11-18 16:13:57,M1,7.83,64.319
5465,2025-08-05,Available,Netherlands,Standard,Direct Sales,2026-01-09,23,2025-11-17 13:12:19,2025-11-18 16:14:24,M1,51.91,64.32
5466,2025-08-05,Available,Netherlands,Standard,Direct Sales,2025-12-08,23,2025-11-17 13:10:16,2025-11-17 14:14:23,M1,20.81,63.236
5467,2025-08-05,Available,Netherlands,Standard,Direct Sales,2025-12-10,23,2025-11-17 13:08:08,2025-11-18 16:13:35,M1,21.892,64.319
5468,2025-08-05,Available,Netherlands,Standard,Direct Sales,2025-12-02,23,2025-11-17 13:11:14,2025-11-18 16:14:07,M1,14.077,64.319
5469,2025-08-05,Available,Denmark,Standard,Agency,2025-12-02,22,2025-11-17 13:14:16,2025-11-18 16:13:49,M1,13.779,57.165
5470,2025-08-05,Available,Netherlands,Standard,Direct Sales,2025-12-02,23,2025-11-17 13:11:22,2025-11-18 16:14:13,M1,14.14,57.165
5471,2025-08-05,Available,Belgium,Business,Agency,2025-12-23,26,2025-11-17 13:16:02,2025-11-17 14:18:45,M1,35.989,56.085
5472,2025-08-05,Available,Netherlands,Standard,Direct Sales,2025-12-02,23,2025-11-17 13:10:04,2025-11-18 16:13:54,M1,13.979,57.165
5473,2025-08-05,Available,France,Standard,Direct Sales,2026-01-16,23,2025-11-17 13:13:10,2025-11-17 14:18:41,M1,59.854,56.085
5474,2025-08-05,Available,France,Standard,Direct Sales,2026-01-26,23,2025-11-17 13:14:07,2025-11-17 14:18:38,M1,70.045,56.085
5475,2025-08-05,Available,Netherlands,Standard,Direct Sales,2025-12-02,23,2025-11-17 13:17:04,2025-11-18 16:14:16,M1,13.978,57.165
5476,2025-08-05,Available,Netherlands,Standard,Direct Sales,2025-12-08,23,2025-11-17 13:12:06,2025-11-17 14:14:27,M1,21.146,56.082
5477,2025-08-05,Available,Netherlands,Standard,Direct Sales,2025-12-24,23,,2025-11-25 13:01:57,M1,29.093,64.032
5478,2025-08-05,Available,Denmark,Standard,Agency,2026-01-13,18,,2025-11-25 13:01:59,M1,49.856,64.032
5479,2025-08-05,Available,Netherlands,Standard,Direct Sales,2025-12-09,23,,2025-11-25 14:21:34,M1,14.053,64.087
5480,2025-08-05,Available,Denmark,Standard,Agency,2025-12-19,18,,2025-11-25 13:02:02,M1,23.87,64.032
5481,2025-08-05,Available,Denmark,Standard,Agency,2026-01-05,18,,2025-11-25 13:02:03,M1,40.913,64.032
5482,2025-08-05,Available,Denmark,Standard,Agency,2025-12-08,17,,2025-11-25 11:39:54,M1,13.063,63.975
5483,2025-08-05,Available,Denmark,Standard,Agency,2025-12-09,17,,2025-11-25 11:39:57,M1,14.205,63.975
5484,2025-08-05,Available,Belgium,Standard,Agency,2026-01-20,20,,2025-11-25 13:02:07,M1,56.078,64.032
5485,2025-08-05,Available,Belgium,Standard,Agency,2026-01-19,20,,2025-11-25 13:01:56,M1,56.115,64.032
5486,2025-08-05,Available,Belgium,Standard,Agency,2026-01-09,20,,2025-11-25 11:39:54,M1,44.434,63.975
5487,2025-08-05,Available,Denmark,Service,Agency,2026-02-11,17,,2025-11-25 11:39:50,M1,78.174,63.975
5488,2025-08-05,Available,Denmark,Standard,Agency,2025-12-09,17,,2025-11-25 11:39:48,M1,14.153,63.975
5489,2025-08-05,Available,Netherlands,Standard,Direct Sales,2025-12-23,23,2025-11-25 15:33:25,2025-11-28 16:39:59,M1,25.038,67.183
5490,2025-08-05,Available,Netherlands,Standard,Direct Sales,2025-12-09,23,,2025-11-25 14:21:34,M1,14.14,64.087
5491,2025-08-05,Available,Netherlands,Standard,Direct Sales,2025-12-09,23,,2025-11-25 14:21:27,M1,14.145,64.087
5492,2025-08-05,Available,Denmark,Service,Agency,2026-02-11,17,,2025-11-25 13:01:57,M1,78.127,64.032
5493,2025-08-05,Available,Denmark,Standard,Agency,2025-12-08,17,,2025-11-25 13:01:58,M1,12.915,64.032
5494,2025-08-05,Available,Netherlands,Standard,Direct Sales,2025-12-10,23,,2025-11-25 14:21:27,M1,14.969,64.087
5495,2025-08-05,Available,Denmark,Service,Agency,2026-02-11,17,,2025-11-25 13:02:07,M1,78.122,64.032
5496,2025-08-05,Available,Belgium,Business,Agency,2026-03-03,1,2025-12-23 10:33:04,2026-02-16 14:46:22,M1,14.872,122.159
5497,2025-08-05,Available,Netherlands,Standard,Direct Sales,2026-01-26,23,,2025-12-19 13:35:22,M1,37.993,63.11
5498,2025-08-05,Available,Denmark,Standard,Agency,2026-03-10,22,2025-12-23 10:30:11,2026-01-02 09:37:27,M1,66.987,73.996
5499,2025-08-05,Available,Belgium,Standard,Agency,2026-03-17,14,2025-12-23 10:36:18,2026-01-13 14:01:40,M1,62.999,85.179
5500,2025-08-27,Available,Netherlands,Standard,Direct Sales,2026-02-05,24,2026-01-06 17:21:01,2026-01-22 10:30:50,M1,14.208,86.059
5501,2025-08-27,Available,Netherlands,Standard,Direct Sales,2026-02-12,23,2026-01-06 17:21:08,2026-01-22 10:30:54,M1,21.293,85.763
5502,2025-08-27,Available,Netherlands,Standard,Direct Sales,2026-03-09,24,2026-01-06 17:21:01,2026-01-22 10:30:48,M1,13.072,85.059
5503,2025-10-13,Available,Netherlands,Standard,Direct Sales,2026-02-06,24,2026-01-16 08:38:01,2026-01-20 11:11:53,M2,17.191,78.086
5504,2025-09-05,Available,France,Standard,Direct Sales,2026-02-23,23,2026-01-13 08:32:19,2026-01-14 10:56:40,M1,39.988,72.075
5505,2025-09-05,Available,Belgium,Service,Agency,2026-03-10,2,2026-01-16 08:38:07,2026-02-26 11:57:31,M2,12.075,113.117
5506,2025-09-05,Available,Belgium,Service,Agency,2026-03-10,2,2026-01-16 08:38:08,2026-02-26 11:57:30,M2,12.071,113.117
5507,2025-09-05,Available,Netherlands,Standard,Direct Sales,2026-02-06,23,2026-01-16 08:38:06,2026-01-26 14:01:56,M2,11.006,82.204
5508,2025-09-05,Available,Netherlands,Standard,Direct Sales,2026-02-03,23,2026-01-13 08:32:10,2026-01-14 10:56:56,M1,19.946,69.587
5509,2025-09-05,Available,Netherlands,Standard,Direct Sales,2026-02-13,23,2026-01-16 08:38:10,2026-01-22 11:57:11,M2,22.151,77.884
5510,2025-09-05,Available,Denmark,Standard,Agency,2026-04-13,18,2026-01-13 08:32:43,2026-01-16 09:58:42,M1,86.993,71.736
5511,2025-10-13,Available,Denmark,Standard,Agency,2026-04-09,22,2026-03-04 12:09:48,2026-03-12 13:12:33,M2,26.816,122.245
5512,2025-10-13,Available,Denmark,Standard,Agency,2026-03-25,22,2026-03-04 12:09:33,2026-03-05 13:01:17,M2,20.117,115.237
5513,2025-10-13,Available,Denmark,Standard,Agency,2026-02-05,18,2026-01-13 08:32:07,2026-01-16 09:58:45,M1,20.029,67.111
5514,2025-10-13,Available,Denmark,Standard,Agency,2026-03-25,18,2026-01-13 08:32:22,2026-01-16 09:58:43,M1,68.084,67.111
5515,2025-10-13,Available,Denmark,Service,Agency,2026-02-11,17,2026-01-13 08:32:24,2026-01-16 15:17:59,M1,26.04,67.332
5516,2025-10-30,Available,Netherlands,Standard,Direct Sales,2026-03-06,23,2026-02-18 14:52:03,2026-02-25 11:46:51,M2,9.218,79.164
5517,2025-10-30,Available,Netherlands,Standard,Direct Sales,2026-03-10,23,2026-02-18 14:52:15,2026-02-25 11:46:55,M2,13.201,79.164
5518,2025-10-30,Available,Netherlands,Standard,Direct Sales,2026-03-26,23,2026-02-18 14:52:10,2026-02-25 11:46:57,M2,28.946,79.164
5519,2025-10-30,Available,Netherlands,Standard,Direct Sales,2026-03-23,24,2026-02-27 13:22:26,2026-03-03 15:08:24,M2,19.965,84.24
5520,2025-11-28,Available,Denmark,Standard,Agency,2026-04-09,17,2026-03-02 09:17:08,2026-03-02 14:41:06,M2,38.066,69.171
5521,2025-11-28,Available,Netherlands,Standard,Direct Sales,2026-04-09,23,2026-03-02 09:17:11,2026-04-02 13:02:57,M2,6.888,99.067
5522,2025-11-28,Available,Denmark,Standard,Agency,2026-03-19,17,2026-03-02 09:17:08,2026-03-02 14:41:04,M2,17.054,67.225
5523,2025-11-28,Available,Denmark,Standard,Agency,2026-03-10,17,2026-03-02 09:17:17,2026-03-02 14:41:03,M2,8.033,67.158
5524,2025-11-28,Available,Denmark,Standard,Agency,2026-04-01,17,2026-03-02 09:19:42,2026-03-02 14:41:09,M2,30.01,66.958
5525,2025-11-28,Available,Denmark,Standard,Agency,2026-04-09,17,2026-03-02 09:19:42,2026-03-02 14:41:10,M2,38.03,66.958
5526,2025-11-28,Available,Denmark,Standard,Agency,2026-03-26,17,2026-03-02 09:17:23,2026-03-02 14:40:53,M2,24.024,66.223
5527,2025-11-28,Available,Denmark,Standard,Agency,2026-03-26,17,2026-03-02 09:17:33,2026-03-02 14:40:57,M2,23.75,66.223
5528,2025-12-30,Available,Netherlands,Standard,Direct Sales,2026-04-09,23,2026-03-23 08:35:03,2026-04-02 13:03:07,M2,6.872,85.086
5529,2025-12-30,Available,Netherlands,Standard,Direct Sales,2026-04-09,23,2026-03-23 08:35:04,2026-04-02 13:03:09,M2,6.87,84.173
5530,,Available,Netherlands,Standard,Direct Sales,2025-05-09,23,2025-04-08 14:51:13,,M0,,
5531,,Available,Netherlands,Standard,Direct Sales,2025-05-01,23,2025-04-08 14:51:09,,M0,,
5532,,Available,Netherlands,Standard,Direct Sales,2025-05-05,23,2025-04-08 14:56:12,,M0,,
5533,,Available,Netherlands,Standard,Direct Sales,2025-04-28,23,2025-04-08 14:50:22,,M0,,
5534,,Available,Netherlands,Standard,Direct Sales,2025-05-05,23,2025-04-08 14:52:07,,M0,,
5535,,Available,France,Standard,Direct Sales,2025-05-22,23,2025-04-08 14:55:05,,M0,,
5536,,Available,France,Standard,Direct Sales,2025-05-21,23,2025-04-08 14:55:15,,M0,,
5537,,Available,Netherlands,Standard,Direct Sales,2025-05-01,23,2025-04-08 14:57:15,,M0,,
5538,,Reserved,Denmark,Business,Agency,2025-05-21,17,2025-04-21 10:02:08,,M0,,
5539,,Reserved,Denmark,Standard,Agency,2025-07-11,17,2025-04-21 10:04:07,,M0,,
5540,,Available,Netherlands,Standard,Direct Sales,2025-05-05,23,2025-04-08 14:50:14,,M0,,
5541,,Available,France,Standard,Direct Sales,2025-06-12,23,2025-05-05 08:32:19,,M0,,
5542,,Available,France,Standard,Direct Sales,2025-06-19,23,2025-05-05 08:33:08,,M0,,
5543,,Available,France,Standard,Direct Sales,2025-06-04,23,2025-05-05 08:33:15,,M0,,
5544,,Available,France,Standard,Direct Sales,2025-06-17,23,2025-05-05 08:38:04,,M0,,
5545,,Available,France,Standard,Direct Sales,2025-07-10,23,2025-05-05 08:34:13,,M0,,
5546,,Available,France,Standard,Direct Sales,2025-10-01,23,2025-05-05 08:38:19,2025-08-08 12:22:07,M0,54.045,16.104
5547,,Available,France,Standard,Direct Sales,2025-06-04,23,2025-05-05 08:35:02,,M0,,
5548,2025-02-28,Available,France,Standard,Direct Sales,2025-06-23,23,2025-05-23 14:31:19,,M0,,
5549,2025-02-28,Available,Netherlands,Standard,Direct Sales,2025-08-05,23,2025-05-23 14:30:12,2025-07-08 14:45:19,M0,28.09,
5550,2025-02-28,Available,Netherlands,Standard,Direct Sales,2025-07-28,23,2025-05-23 14:30:24,2025-07-08 14:49:44,M0,20.065,
5551,2025-02-28,Available,Netherlands,Standard,Direct Sales,2025-06-27,23,2025-05-23 14:30:01,,M0,,
5552,2025-02-28,Available,France,Standard,Direct Sales,2025-08-25,23,2025-05-23 14:29:23,2025-07-30 08:00:02,M0,26.103,6.922
5553,2025-02-28,Available,France,Standard,Direct Sales,2025-07-03,23,2025-05-23 14:31:18,,M0,,
5554,2025-02-28,Available,Netherlands,Standard,Direct Sales,2025-07-23,23,2025-05-23 14:32:18,,M0,,
5555,2025-02-28,Reserved,Denmark,Standard,Agency,2025-08-07,17,2025-05-23 14:33:02,,M0,,
5556,2025-03-28,Available,France,Business,Direct Sales,2026-04-09,23,2025-06-17 11:27:20,2025-08-15 10:40:21,M0,237.207,23.033
5557,2025-03-28,Reserved,Denmark,Standard,Agency,2025-10-31,18,2025-06-17 11:25:21,2025-10-03 11:23:57,M0,27.953,
5558,2025-03-28,Available,Netherlands,Standard,Direct Sales,2025-06-30,23,2025-06-17 11:32:15,,M0,,
5559,2025-03-28,Available,Netherlands,Standard,Direct Sales,2025-07-04,23,2025-06-17 11:30:21,,M0,,
5560,2025-03-28,Available,Netherlands,Standard,Direct Sales,2025-07-01,23,2025-06-17 11:23:05,,M0,,
5561,2025-03-28,Reserved,Denmark,Standard,Agency,2025-08-19,18,2025-07-07 11:39:24,2025-07-10 10:59:31,M0,40.117,
5562,2025-03-28,Reserved,Denmark,Standard,Agency,2025-06-27,18,2025-06-17 11:23:21,,M0,,
5563,2025-05-02,Available,Belgium,Business,Agency,2025-09-30,20,2025-08-04 07:31:20,2025-08-26 13:25:47,M1,35.057,34.176
5564,2025-05-02,Available,Netherlands,Standard,Direct Sales,2025-11-04,23,2025-08-04 07:30:03,2025-09-26 12:35:20,M1,39.145,65.112
5565,2025-05-02,Available,Netherlands,Standard,Direct Sales,2025-10-08,23,2025-08-04 07:34:17,2025-08-13 10:25:49,M1,56.295,21.022
5566,2025-05-02,Available,Denmark,Demo,Agency,2025-11-13,18,2025-08-04 07:32:14,2025-09-29 11:54:34,M1,45.07,68.136
5567,2025-05-02,Available,Netherlands,Standard,Direct Sales,2025-09-18,23,2025-08-04 07:35:05,2025-09-09 14:20:29,M1,9.111,48.185
5568,2025-05-02,Available,Netherlands,Standard,Direct Sales,2025-08-22,23,2025-08-04 07:37:03,2025-08-13 11:41:58,M1,9.19,21.074
5569,2025-05-02,Available,Denmark,Standard,Agency,2025-09-11,22,2025-08-04 07:31:15,2025-08-25 10:50:15,M1,16.917,33.04
5570,2025-05-02,Reserved,Belgium,Standard,Agency,2025-11-10,26,2025-08-04 07:31:02,2025-08-28 14:29:25,M1,74.07,36.22
5571,2025-05-02,Available,Denmark,Standard,Agency,2025-09-25,22,2025-08-04 07:30:06,2025-08-28 14:32:33,M1,27.992,36.195
5572,2025-05-02,Available,Denmark,Standard,Agency,2025-10-01,22,2025-08-27 10:38:07,2025-09-03 14:15:32,M1,27.921,42.178
5573,2025-05-02,Available,Denmark,Standard,Agency,2025-10-09,18,2025-08-27 10:42:06,2025-09-03 14:15:30,M1,35.868,42.178
5574,2025-06-05,Available,Denmark,Standard,Agency,2025-11-12,18,2025-08-27 10:42:23,2025-09-29 11:54:37,M1,44.91,68.08
5575,2025-06-05,Available,Denmark,Standard,Agency,2025-11-18,18,2025-08-27 10:39:02,2025-09-29 11:54:38,M1,50.091,48.007
5576,2025-06-05,Available,Denmark,Business,Agency,2025-10-24,18,2025-08-27 10:43:07,2025-09-29 11:54:43,M1,25.095,68.081
5577,2025-06-05,Available,Denmark,Standard,Agency,2025-10-21,18,2025-08-27 10:42:11,2025-09-29 11:54:41,M1,22.209,48.007
5578,2025-06-05,Available,Netherlands,Standard,Direct Sales,2025-11-26,23,,2025-08-26 16:10:57,M1,92.077,34.258
5579,2025-06-05,Available,Denmark,Standard,Agency,2025-10-22,18,,2025-09-19 09:33:23,M1,33.137,49.757
5580,2025-06-05,Available,Belgium,Standard,Agency,2026-01-09,20,2025-08-27 10:41:07,2025-08-28 10:04:58,M1,133.979,36.004
5581,2025-06-05,Available,Denmark,Standard,Agency,2025-09-22,18,,2025-08-26 16:06:03,M1,26.743,34.255
5582,2025-06-05,Available,Denmark,Standard,Agency,2025-10-16,22,,2025-09-19 09:31:43,M1,27.159,49.757
5583,2025-06-05,Available,Denmark,Standard,Agency,2025-11-26,22,,2025-09-19 09:31:45,M1,68.225,49.757
5584,2025-06-05,Available,Denmark,Standard,Agency,2025-10-29,18,2025-09-23 09:59:13,2025-10-03 13:20:57,M1,26.834,63.916
5585,2025-06-05,Available,Denmark,Standard,Agency,2025-11-08,22,,2025-09-19 09:31:48,M1,49.256,49.757
5586,2025-06-05,Available,Denmark,Standard,Agency,2025-12-08,18,,2025-09-19 09:33:20,M1,79.963,49.758
5587,2025-06-05,Available,Denmark,Standard,Agency,2025-10-09,18,,2025-09-19 09:33:27,M1,20.238,49.758
5588,2025-06-02,Available,Netherlands,Standard,Direct Sales,2025-10-06,23,,2025-09-19 09:33:27,M1,17.279,
5589,2025-06-02,Available,Denmark,Standard,Agency,2025-10-24,18,2025-09-23 09:57:21,2025-10-03 13:20:53,M1,21.049,63.916
5590,2025-06-26,Available,Denmark,Standard,Agency,2025-11-10,17,2025-10-15 11:54:11,2025-10-16 11:37:30,M1,25.186,49.09
5591,2025-06-26,Available,Denmark,Standard,Agency,2025-11-24,22,2025-10-15 11:56:20,2025-10-16 11:37:24,M1,39.037,49.076
5592,2025-06-26,Available,Denmark,Standard,Agency,2025-11-11,17,2025-10-15 11:55:13,2025-10-16 11:37:01,M1,25.931,48.857
5593,2025-06-26,Available,Denmark,Standard,Agency,2025-11-26,22,2025-10-27 11:33:13,2025-11-03 16:38:35,M1,22.729,56.044
5594,2025-08-05,Available,Denmark,Standard,Agency,2025-12-19,18,2025-10-27 11:24:06,2025-11-03 16:38:29,M1,45.676,56.044
5595,2025-06-26,Available,Denmark,Standard,Agency,2025-11-06,18,2025-10-15 11:57:02,2025-10-16 11:37:33,M1,20.932,48.921
5596,2025-06-26,Available,Denmark,Standard,Agency,2026-02-06,18,2025-10-15 11:52:18,2025-10-16 11:37:00,M1,112.927,49.072
5597,2025-06-26,Available,Netherlands,Standard,Direct Sales,2025-11-17,23,2025-10-27 11:31:01,2025-10-30 11:53:23,M1,18.226,
5598,2025-08-05,Available,Denmark,Standard,Agency,2026-03-02,17,2025-10-27 11:24:02,2026-01-02 09:37:25,M1,59.258,115.752
5599,2025-06-26,Available,Belgium,Standard,Agency,2025-12-15,26,2025-11-03 10:47:02,2025-11-07 08:38:32,M1,38.116,62.962
5600,2025-06-26,Available,Denmark,Standard,Agency,2025-11-27,17,2025-10-27 11:31:23,2025-11-03 16:38:51,M1,24.011,56.044
5601,2025-06-26,Available,Netherlands,Standard,Direct Sales,2025-11-18,23,2025-10-27 11:33:15,2025-10-30 11:53:23,M1,19.212,
5602,2025-08-05,Available,Denmark,Standard,Agency,2026-01-29,22,2025-10-27 11:30:13,2026-01-02 09:37:19,M1,27.311,115.752
5603,2025-08-05,Available,Denmark,Standard,Agency,2026-04-03,22,2025-10-27 11:25:05,2026-01-02 09:37:28,M1,91.188,115.752
5604,2025-08-05,Available,Denmark,Standard,Agency,2026-03-09,22,2025-11-03 10:50:05,2026-01-02 13:34:40,M1,65.915,119.167
5605,2025-08-05,Available,Denmark,Standard,Agency,2026-02-05,22,2025-11-03 10:50:04,2026-01-02 13:34:40,M1,33.865,119.167
5606,2025-08-05,Available,Belgium,Standard,Agency,2026-03-10,12,2025-11-03 10:50:06,2025-12-01 11:07:31,M1,99.068,87.066
5607,2025-08-05,Available,Netherlands,Standard,Direct Sales,2025-12-09,23,2025-11-17 13:13:09,2025-11-17 14:14:28,M1,22.144,63.236
5608,2025-08-05,Available,Denmark,Standard,Agency,2025-12-09,17,2025-11-17 13:17:10,2025-11-17 14:18:44,M1,21.952,63.239
5609,2025-08-05,Available,Denmark,Standard,Agency,2025-12-09,17,2025-11-17 13:14:18,2025-11-18 16:13:50,M1,20.819,64.319
5610,2025-08-05,Available,Netherlands,Standard,Direct Sales,2025-12-08,23,2025-11-17 13:08:24,2025-11-18 16:13:41,M1,19.728,64.319
5611,2025-08-05,Available,Denmark,Standard,Agency,2025-12-25,17,2025-11-17 13:15:24,2025-11-18 16:14:02,M1,36.806,64.319
5612,2025-08-05,Available,Denmark,Standard,Agency,2025-12-08,22,2025-11-17 13:08:14,2025-11-17 14:16:40,M1,20.981,63.237
5613,2025-08-05,Available,Denmark,Standard,Agency,2026-01-26,18,2025-11-17 13:09:14,2025-11-17 14:16:34,M1,65.843,63.237
5614,2025-08-05,Available,Denmark,Standard,Agency,2025-12-01,17,2025-11-17 13:10:06,2025-11-18 16:13:55,M1,13.742,64.319
5615,2025-08-05,Available,Denmark,Standard,Agency,2025-12-16,18,2025-11-17 13:10:06,2025-11-18 16:13:55,M1,27.758,64.319
5616,2025-08-05,Available,Belgium,Standard,Agency,2025-12-30,26,2025-11-17 13:09:07,2025-11-17 14:19:32,M1,43.085,63.239
5617,2025-08-05,Available,Denmark,Standard,Agency,2025-12-15,18,2025-11-17 13:09:24,2025-11-18 16:13:50,M1,26.796,64.319
5618,2025-08-05,Available,Denmark,Standard,Agency,2026-02-04,18,2025-11-17 13:11:11,2025-12-25 12:46:36,M1,41.045,101.175
5619,2025-08-05,Available,Denmark,Standard,Agency,2025-12-20,22,2025-11-17 13:12:04,2025-11-18 16:14:14,M1,31.826,64.319
5620,2025-08-05,Available,Denmark,Standard,Agency,2025-11-28,22,2025-11-17 13:12:17,2025-11-18 16:14:23,M1,9.976,64.319
5621,2025-08-05,Available,Denmark,Standard,Agency,2026-01-14,22,2025-11-17 13:15:06,2025-11-18 16:13:57,M1,56.994,64.319
5622,2025-08-05,Available,Belgium,Standard,Agency,2026-01-24,20,2025-11-17 13:11:10,2025-11-18 16:14:06,M1,65.919,64.319
5623,2025-08-05,Available,Denmark,Standard,Agency,2026-01-09,22,2025-11-17 13:13:16,2025-11-18 16:13:39,M1,47.911,64.319
5624,2025-08-05,Available,Belgium,Standard,Agency,2026-01-28,26,2025-11-17 13:08:08,2025-11-17 14:19:33,M1,72.087,56.086
5625,2025-08-05,Available,Denmark,Standard,Agency,2026-02-23,22,2025-11-17 13:11:04,2025-11-18 16:14:03,M1,96.758,57.165
5626,2025-08-05,Available,Denmark,Standard,Agency,2026-02-06,22,2025-11-17 13:08:14,2025-11-18 16:13:38,M1,79.737,57.165
5627,2025-08-05,Available,Denmark,Standard,Agency,2025-12-22,22,2025-11-17 13:10:25,2025-11-18 16:14:01,M1,34.049,57.165
5628,2025-08-05,Available,Netherlands,Standard,Direct Sales,2026-01-26,23,2025-11-17 13:11:15,2025-12-19 14:36:27,M1,37.966,88.097
5629,2025-08-05,Available,Belgium,Standard,Agency,2026-02-11,12,2025-11-17 13:12:15,2025-12-01 11:07:31,M1,72.211,69.952
5630,2025-08-05,Available,Belgium,Standard,Agency,2026-02-18,12,2025-11-17 13:17:09,2025-12-01 11:07:32,M1,79.224,69.952
5631,2025-08-05,Available,Denmark,Standard,Agency,2025-12-26,18,2025-11-17 13:16:06,2025-11-17 14:16:34,M1,38.784,56.084
5632,2025-08-05,Available,Denmark,Standard,Agency,2026-02-16,22,2025-11-17 13:09:16,2025-11-17 14:14:27,M1,91.079,56.082
5633,2025-08-05,Available,Denmark,Standard,Agency,2026-01-07,22,2025-11-17 13:16:18,2025-11-17 14:14:33,M1,51.041,56.082
5634,2025-08-05,Available,Denmark,Standard,Agency,2025-12-16,17,2025-11-17 13:08:04,2025-11-18 16:13:34,M1,27.824,57.165
5635,2025-08-05,Available,Denmark,Standard,Agency,2025-12-08,17,2025-11-17 13:10:15,2025-11-18 16:13:58,M1,20.706,57.165
5636,2025-08-05,Available,Belgium,Standard,Agency,2026-02-06,20,,2025-11-25 13:01:55,M1,72.138,64.032
5637,2025-08-05,Available,Denmark,Service,Agency,2026-02-11,17,,2025-11-25 11:39:50,M1,78.181,63.975
5638,2025-08-05,Available,Denmark,Standard,Agency,2026-02-11,18,,2025-11-25 13:02:00,M1,78.061,64.032
5639,2025-08-05,Available,Belgium,Standard,Agency,2026-01-24,20,,2025-11-25 11:39:46,M1,59.295,63.975
5640,2025-08-05,Available,Denmark,Standard,Agency,2025-12-02,22,,2025-11-25 14:21:32,M1,6.988,64.087
5641,2025-08-05,Available,Denmark,Standard,Agency,2025-12-19,22,,2025-11-25 14:21:29,M1,24.068,64.087
5642,2025-08-05,Available,Denmark,Service,Agency,2026-02-11,17,,2025-11-25 13:02:01,M1,78.12,64.032
5643,2025-08-05,Available,Belgium,Standard,Agency,2026-01-16,20,2025-11-25 15:31:05,2025-11-28 16:39:52,M1,48.004,67.183
5644,2025-08-05,Available,Belgium,Standard,Agency,2026-01-15,20,,2025-11-25 13:02:04,M1,50.135,64.032
5645,2025-08-05,Available,Denmark,Standard,Agency,2025-12-17,18,,2025-11-25 13:02:00,M1,25.915,64.032
5646,2025-08-05,Available,Denmark,Standard,Agency,2026-01-08,22,,2025-11-25 14:21:27,M1,43.985,64.087
5647,2025-08-05,Available,Denmark,Service,Agency,2026-02-11,17,,2025-12-19 13:04:48,M1,54.135,63.089
5648,2025-08-05,Available,Belgium,Business,Agency,2026-03-06,1,2025-12-23 10:36:24,2026-02-16 14:46:25,M1,17.806,122.159
5649,2025-08-05,Available,Denmark,Standard,Agency,2026-03-11,22,2025-12-23 10:30:07,2026-01-02 09:37:24,M1,68.262,76.945
5650,2025-08-05,Available,Belgium,Standard,Agency,2026-03-10,20,2025-12-23 10:29:24,2026-01-16 15:18:12,M1,52.793,91.181
5651,2025-08-05,Available,Denmark,Standard,Agency,2026-02-18,22,2025-12-23 10:35:02,2026-01-02 09:37:21,M1,66.186,76.945
5652,2025-08-05,Available,Denmark,Standard,Agency,2026-02-18,22,2025-12-23 10:32:17,2026-01-02 09:37:24,M1,47.064,73.996
5653,2025-08-27,Available,Denmark,Standard,Agency,2026-04-09,18,2026-03-02 09:20:28,2026-03-25 13:20:32,M2,15.05,153.178
5654,2025-08-27,Available,Netherlands,Standard,Direct Sales,2026-03-27,23,2026-02-13 10:54:16,2026-03-05 13:39:07,M2,22.12,127.894
5655,2025-08-05,Available,Belgium,Standard,Agency,2026-02-28,20,2026-01-16 08:38:20,2026-01-16 15:18:01,M2,41.87,74.257
5656,2025-10-13,Available,Denmark,Standard,Agency,2026-04-03,22,2026-01-16 08:38:17,2026-01-20 15:10:57,M2,72.821,78.252
5657,2025-09-05,Available,Belgium,Standard,Agency,2026-03-05,20,2026-01-28 11:05:11,2026-02-02 10:31:59,M2,30.215,91.058
5658,2025-09-05,Available,Netherlands,Standard,Direct Sales,2026-03-11,23,2026-01-16 08:38:14,2026-02-11 08:59:49,M2,28.104,97.994
5659,2025-09-05,Available,Belgium,Standard,Agency,2026-03-11,2,2026-01-16 08:38:17,2026-01-20 11:11:59,M2,49.937,75.787
5660,2025-09-05,Available,Netherlands,Standard,Direct Sales,2026-03-09,23,2026-01-16 08:38:22,2026-03-02 10:00:06,M2,7.183,116.803
5661,2025-09-05,Available,Slovenia,Standard,Agency,2026-03-04,21,2026-01-28 11:05:07,2026-02-05 09:25:54,M2,27.288,91.779
5662,2025-09-05,Available,Netherlands,Standard,Direct Sales,2026-03-09,23,2026-01-16 08:38:26,2026-03-05 13:39:17,M2,4.144,119.7
5663,2025-09-05,Available,Belgium,Standard,Agency,2026-03-06,26,2026-01-16 08:38:14,2026-01-20 11:11:52,M2,44.94,75.074
5664,2025-10-13,Available,Denmark,Standard,Agency,2026-02-20,17,2026-01-13 08:32:19,2026-01-20 11:11:56,M1,30.933,71.162
5665,2025-10-13,Available,Denmark,Standard,Agency,2026-02-05,22,2026-01-13 08:32:33,2026-01-14 10:56:35,M1,22.05,65.151
5666,2025-10-13,Available,Denmark,Standard,Agency,2026-01-30,17,2026-01-13 08:32:40,2026-01-16 09:58:33,M1,14.134,67.111
5667,2025-10-13,Available,Belgium,Standard,Agency,2026-02-24,20,2026-01-13 08:32:38,2026-01-16 15:18:14,M1,32.772,67.333
5668,2025-10-13,Available,Netherlands,Standard,Direct Sales,2026-02-03,23,2026-01-13 08:32:37,2026-01-14 10:56:43,M1,20.013,62.023
5669,2025-10-30,Available,Netherlands,Standard,Direct Sales,2026-04-09,23,2026-02-27 13:22:23,2026-04-02 13:03:06,M2,6.889,139.139
5670,2025-10-30,Available,Netherlands,Standard,Direct Sales,2026-04-09,23,2026-02-27 13:22:08,2026-04-02 13:02:58,M2,6.889,139.139
5671,2025-10-30,Available,Denmark,Standard,Agency,2026-04-01,22,2026-03-02 09:21:16,2026-03-10 12:36:57,M2,22.037,92.199
5672,2025-10-30,Available,Denmark,Standard,Agency,2026-03-27,22,2026-03-02 09:21:02,2026-03-04 11:58:13,M2,22.896,79.115
5673,2025-10-30,Available,Denmark,Standard,Agency,2026-03-23,22,2026-03-02 09:20:28,2026-03-10 12:10:41,M2,13.135,85.123
5674,2025-11-28,Available,Denmark,Standard,Agency,2026-03-20,22,2026-03-02 09:17:40,2026-03-04 11:59:14,M2,15.959,69.068
5675,2025-11-28,Available,Denmark,Standard,Agency,2026-03-27,22,2026-03-02 09:17:16,2026-03-04 11:59:15,M2,23.004,68.111
5676,,Available,Netherlands,Standard,Direct Sales,2025-05-05,23,2025-04-08 14:54:13,,M0,,
5677,,Reserved,Denmark,Standard,Agency,2025-07-04,17,2025-04-21 10:04:20,,M0,,
5678,,Available,Netherlands,Standard,Direct Sales,2025-04-29,23,2025-04-08 14:56:18,,M0,,
5679,,Reserved,Denmark,Standard,Agency,2025-06-20,18,2025-04-21 10:04:02,,M0,,
5680,,Available,Denmark,Standard,Agency,2025-08-15,17,2025-04-21 10:02:15,,M0,,
5681,,Available,France,Standard,Direct Sales,2025-06-25,23,2025-05-05 08:33:22,,M0,,
5682,2025-02-28,Available,Netherlands,Standard,Direct Sales,2025-07-10,23,2025-05-23 14:32:08,2025-07-03 10:04:25,M0,,
5683,2025-02-28,Reserved,Denmark,Standard,Agency,2025-07-18,18,2025-05-23 14:32:24,2025-07-29 10:52:20,M0,0.01,
5684,2025-02-28,Available,France,Standard,Direct Sales,2025-07-02,23,2025-05-23 14:31:15,,M0,,
5685,2025-02-28,Available,France,Standard,Direct Sales,2025-11-10,23,2025-05-23 14:29:04,2025-08-18 14:17:18,M0,84.044,26.184
5686,2025-03-28,Available,Netherlands,Standard,Direct Sales,2025-07-04,23,2025-06-17 11:29:02,,M0,,
5687,2025-03-28,Available,Netherlands,Standard,Direct Sales,2025-08-04,23,2025-06-17 11:26:00,2025-07-08 12:27:34,M0,26.994,
5688,2025-05-02,Available,France,Standard,Direct Sales,2025-12-02,23,2025-08-04 07:33:14,2025-10-03 11:28:23,M1,59.972,72.067
5689,2025-05-02,Available,Denmark,Standard,Agency,2026-01-19,17,2025-08-04 07:33:23,2025-09-29 11:54:45,M1,112.067,68.119
5690,2025-05-02,Available,Netherlands,Standard,Direct Sales,2025-11-14,23,2025-08-04 07:35:20,2025-10-08 13:23:14,M1,37.113,77.145
5691,2025-05-02,Available,Netherlands,Standard,Direct Sales,2025-09-04,23,,2025-08-26 16:11:00,M1,9.046,34.259
5692,2025-05-02,Available,Netherlands,Standard,Direct Sales,2025-09-22,23,2025-08-27 10:37:06,2025-09-10 13:00:47,M1,12.021,49.126
5693,2025-06-05,Available,Denmark,Standard,Agency,2025-11-07,17,2025-08-27 10:40:18,2025-09-29 11:54:42,M1,39.198,68.081
5694,2025-06-05,Available,Croatia,Standard,Agency,2025-11-27,21,2025-09-23 09:58:15,2025-10-01 09:08:27,M1,57.102,61.741
5695,2025-06-05,Available,Denmark,Standard,Agency,2025-11-14,18,2025-08-27 10:39:19,2025-09-29 11:54:37,M1,45.876,68.08
5696,2025-06-05,Available,Denmark,Standard,Agency,2025-10-21,18,2025-08-27 10:40:08,2025-09-29 11:54:35,M1,21.11,48.007
5697,2025-06-05,Available,Denmark,Standard,Agency,2025-11-12,18,2025-08-27 10:43:03,2025-09-29 11:54:39,M1,43.945,68.08
5698,2025-06-05,Available,Denmark,Standard,Agency,2025-10-31,18,2025-08-27 10:37:10,2025-09-29 11:54:42,M1,31.929,68.081
5699,2025-06-05,Available,Denmark,Standard,Agency,2025-10-24,18,,2025-09-19 09:33:18,M1,35.077,49.758
5700,2025-06-05,Available,Denmark,Standard,Agency,2025-09-10,17,,2025-08-26 16:06:08,M1,14.97,34.255
5701,2025-06-05,Available,Denmark,Standard,Agency,2025-10-17,17,2025-09-23 09:59:11,2025-10-03 13:20:56,M1,13.864,63.916
5702,2025-06-05,Available,Denmark,Standard,Agency,2025-11-03,18,,2025-09-19 09:33:28,M1,45.034,49.758
5703,2025-06-05,Available,Denmark,Standard,Agency,2025-11-10,18,,2025-09-19 09:32:04,M1,55.158,49.757
5704,2025-06-05,Available,Denmark,Standard,Agency,2025-11-10,18,,2025-09-19 09:31:56,M1,51.974,49.757
5705,2025-06-05,Available,Denmark,Standard,Agency,2025-10-08,18,,2025-09-19 09:33:19,M1,19.134,49.758
5706,2025-06-05,Available,Denmark,Standard,Agency,2025-10-06,18,,2025-09-19 09:31:49,M1,17.214,49.757
5707,2025-06-05,Available,Denmark,Standard,Agency,2025-10-10,17,,2025-09-19 09:33:22,M1,21.216,49.758
5708,2025-06-02,Available,France,Standard,Direct Sales,2025-10-09,23,,2025-09-19 09:33:20,M1,20.08,49.758
5709,2025-06-26,Available,Denmark,Standard,Agency,2025-11-09,22,2025-10-15 11:52:14,2025-10-16 11:36:55,M1,22.177,49.09
5710,2025-06-26,Available,Denmark,Standard,Agency,2025-12-15,22,2025-10-15 11:55:15,2025-10-16 11:37:02,M1,59.933,49.078
5711,2025-06-26,Available,Denmark,Standard,Agency,2025-11-06,22,2025-10-15 11:53:05,2025-10-16 11:37:05,M1,21.061,49.078
5712,2025-06-26,Available,Denmark,Standard,Agency,2025-11-19,18,2025-10-15 11:54:20,2025-10-16 11:37:35,M1,34.05,48.921
5713,2025-06-26,Available,Denmark,Standard,Agency,2026-03-17,22,2025-10-15 11:55:22,2025-10-16 11:37:06,M1,151.953,48.92
5714,2025-06-26,Available,Denmark,Standard,Agency,2025-12-22,18,2025-10-27 11:34:07,2025-11-03 16:38:53,M1,48.661,56.044
5715,2025-08-05,Available,Denmark,Standard,Agency,2026-02-26,17,2025-10-27 11:29:09,2026-01-02 13:33:43,M1,55.135,115.916
5716,2025-06-26,Available,Netherlands,Standard,Direct Sales,2025-11-12,23,2025-10-27 11:31:16,2025-10-29 10:48:21,M1,14.173,
5717,2025-08-05,Available,Denmark,Standard,Agency,2026-03-10,17,2025-10-27 11:29:09,2025-12-25 12:46:39,M1,75.134,107.883
5718,2025-06-26,Available,Netherlands,Standard,Direct Sales,2025-11-27,23,2025-10-27 11:31:15,2025-11-04 16:21:14,M1,23.035,
5719,2025-06-26,Available,Belgium,Standard,Agency,2025-12-18,26,2025-11-03 10:46:18,2025-11-11 14:30:14,M1,37.007,67.206
5720,2025-08-05,Available,Denmark,Standard,Agency,2025-12-10,18,2025-10-27 11:29:06,2025-11-03 16:38:33,M1,35.885,56.044
5721,2025-08-05,Available,Denmark,Business,Agency,2026-03-10,17,2025-11-03 10:47:12,2026-01-02 09:37:30,M1,67.224,119.003
5722,2025-08-05,Available,Denmark,Standard,Agency,2026-02-18,22,2025-11-03 10:46:16,2026-01-02 13:34:38,M1,65.927,119.168
5723,2025-08-05,Available,Denmark,Standard,Agency,2026-02-12,18,2025-10-27 11:24:08,2025-11-03 16:38:29,M1,100.86,56.044
5724,2025-08-05,Available,Netherlands,Standard,Direct Sales,2025-12-08,23,2025-11-17 13:17:24,2025-11-17 14:14:32,M1,21.067,63.236
5725,2025-08-05,Available,Denmark,Standard,Agency,2025-12-01,22,2025-11-17 13:09:18,2025-11-17 14:16:36,M1,13.85,63.237
5726,2025-08-05,Available,Denmark,Standard,Agency,2025-12-01,22,2025-11-17 13:15:17,2025-11-17 14:16:35,M1,14.02,63.237
5727,2025-08-05,Available,Denmark,Standard,Agency,2026-03-11,22,2025-11-17 13:12:14,2025-11-17 14:16:32,M1,113.839,63.237
5728,2025-08-05,Available,Denmark,Standard,Agency,2026-01-09,17,2025-11-17 13:12:04,2025-11-18 16:14:15,M1,51.733,64.319
5729,2025-08-05,Available,Denmark,Standard,Agency,2026-03-23,22,2025-11-17 13:12:25,2025-11-18 16:14:26,M1,124.937,64.319
5730,2025-08-05,Available,Denmark,Standard,Agency,2025-12-09,22,2025-11-17 13:08:21,2025-11-18 16:13:41,M1,21.014,64.319
5731,2025-08-05,Available,Denmark,Service,Agency,2026-02-11,17,2025-11-17 13:14:14,2025-12-25 12:46:31,M1,48.146,101.175
5732,2025-08-05,Available,Belgium,Standard,Agency,2026-01-14,20,2025-11-17 13:11:09,2025-11-17 14:16:35,M1,57.152,63.237
5733,2025-08-05,Available,Denmark,Standard,Agency,2025-11-28,17,2025-11-17 13:11:06,2025-11-18 16:14:04,M1,19.739,64.319
5734,2025-08-05,Available,Denmark,Standard,Agency,2025-12-02,17,2025-11-17 13:11:21,2025-11-18 16:14:12,M1,13.799,64.319
5735,2025-08-05,Available,Denmark,Standard,Agency,2025-12-09,17,2025-11-17 13:17:14,2025-11-18 16:14:21,M1,20.744,64.319
5736,2025-08-05,Available,Denmark,Standard,Agency,2026-01-26,17,2025-11-17 13:13:11,2025-11-18 16:13:37,M1,68.973,64.319
5737,2025-08-05,Available,Denmark,Standard,Agency,2025-12-02,17,2025-11-17 13:11:19,2025-11-18 16:14:10,M1,13.954,57.165
5738,2025-08-05,Available,Denmark,Standard,Agency,2025-12-01,17,2025-11-17 13:14:04,2025-11-18 16:13:45,M1,12.81,57.165
5739,2025-08-05,Available,Belgium,Standard,Agency,2026-03-02,26,2025-11-17 13:13:11,2025-11-17 14:16:40,M1,104.815,56.084
5740,2025-08-05,Available,Belgium,Standard,Agency,2026-01-23,20,2025-11-17 13:14:11,2025-11-28 16:39:53,M1,54.705,67.183
5741,2025-08-05,Available,Denmark,Standard,Agency,2025-12-17,17,2025-11-17 13:16:23,2025-11-18 16:14:14,M1,29.049,57.165
5742,2025-08-05,Available,Denmark,Standard,Agency,2025-12-02,17,2025-11-17 13:15:09,2025-11-18 16:13:58,M1,13.8,57.165
5743,2025-08-05,Available,Denmark,Standard,Agency,2025-12-19,17,2025-11-17 13:14:15,2025-11-18 16:13:48,M1,30.931,57.165
5744,2025-08-05,Available,Denmark,Standard,Agency,2025-12-20,17,2025-11-17 13:08:07,2025-11-18 16:13:35,M1,31.917,57.165
5745,2025-08-05,Available,Denmark,Standard,Agency,2025-12-25,17,2025-11-17 13:16:19,2025-11-18 16:14:12,M1,36.73,57.165
5746,2025-08-05,Available,Denmark,Standard,Agency,2025-12-19,18,2025-11-17 13:09:15,2025-11-18 16:13:47,M1,30.915,57.165
5747,2025-08-05,Available,Denmark,Standard,Agency,2025-12-22,18,2025-11-17 13:08:20,2025-11-18 16:13:40,M1,33.747,57.165
5748,2025-08-05,Available,Denmark,Standard,Agency,2026-02-11,18,2025-11-17 13:09:25,2025-11-18 16:13:51,M1,84.935,57.165
5749,2025-08-05,Available,Belgium,Standard,Agency,2026-02-16,12,2025-11-25 15:32:20,2025-11-28 13:16:11,M1,79.871,67.042
5750,2025-08-05,Available,Slovenia,Standard,Agency,2026-01-07,21,,2025-11-25 11:39:52,M1,43.202,63.975
5751,2025-08-05,Available,Denmark,Standard,Agency,2026-03-05,22,,2025-11-25 14:21:33,M1,99.818,64.087
5752,2025-08-05,Available,Denmark,Standard,Agency,2026-01-09,18,,2025-11-25 13:02:04,M1,45.01,64.032
5753,2025-08-05,Available,Denmark,Standard,Agency,2026-01-05,18,,2025-11-25 13:02:02,M1,40.908,64.032
5754,2025-08-05,Available,Belgium,Standard,Agency,2025-12-17,26,,2025-11-25 11:39:57,M1,22.889,63.975
5755,2025-08-05,Available,Denmark,Service,Agency,2026-02-11,17,,2025-11-25 13:02:03,M1,78.141,64.032
5756,2025-08-05,Available,Denmark,Standard,Agency,2026-02-19,22,2025-12-23 10:36:26,2026-01-02 09:37:31,M1,48.248,76.945
5757,2025-08-05,Available,Belgium,Business,Agency,2026-03-06,1,2025-12-23 10:29:01,2026-02-16 14:46:22,M1,17.812,122.159
5758,2025-08-05,Available,Denmark,Standard,Agency,2026-02-19,17,2026-01-06 17:21:07,2026-01-07 12:01:42,M1,42.954,82.045
5759,2025-08-05,Available,Denmark,Standard,Agency,2026-04-02,18,,2025-12-19 13:04:47,M1,103.841,63.089
5760,2025-08-05,Available,Denmark,Standard,Agency,2026-02-11,22,2025-12-23 10:33:11,2026-01-02 09:37:30,M1,40.262,73.996
5761,2025-08-05,Available,Belgium,Business,Agency,2026-03-03,1,2025-12-23 10:32:14,2026-02-16 14:46:24,M1,14.871,119.21
5762,2025-08-05,Available,Belgium,Standard,Agency,2026-02-19,20,2025-12-23 10:33:04,2025-12-23 16:20:31,M1,57.987,64.276
5763,2025-08-05,Available,Belgium,Standard,Agency,2026-02-19,20,2025-12-23 10:33:03,2025-12-23 16:20:32,M1,57.991,64.208
5764,2025-10-13,Available,Belgium,Standard,Agency,2026-03-10,20,2026-01-16 08:38:09,2026-01-16 15:18:03,M2,52.768,74.257
5765,2025-09-05,Available,Belgium,Business,Agency,2026-02-17,20,2026-01-28 11:05:09,2026-02-02 10:32:03,M2,15.276,91.058
5766,2025-09-05,Available,Belgium,Standard,Agency,2026-03-17,20,2026-01-28 11:05:02,2026-02-02 10:31:59,M2,43.256,91.058
5767,2025-09-05,Available,Belgium,Standard,Agency,2026-03-10,20,2026-01-13 08:32:40,2026-01-16 15:18:01,M1,52.8,72.257
5768,2025-09-05,Available,Netherlands,Standard,Direct Sales,2026-02-09,23,2026-01-16 08:38:06,2026-01-28 12:36:25,M2,12.032,84.144
5769,2025-09-05,Available,Belgium,Standard,Agency,2026-03-26,14,2026-01-16 08:38:20,2026-02-11 08:59:46,M2,43.116,97.761
5770,2025-10-13,Available,Denmark,Standard,Agency,2026-04-09,17,2026-03-04 12:07:02,2026-03-20 12:37:40,M2,20.115,130.221
5771,2025-10-13,Available,Denmark,Standard,Agency,2026-02-10,17,2026-01-13 08:32:49,2026-01-20 11:11:55,M1,21.2,71.162
5772,2025-10-13,Available,Belgium,Business,Agency,2026-03-03,1,2026-01-13 08:32:52,2026-02-16 14:46:23,M1,14.878,98.31
5773,2025-10-13,Available,Belgium,Standard,Agency,2026-01-31,20,2026-01-13 08:32:59,2026-01-14 12:00:23,M1,15.938,65.195
5774,2025-10-13,Available,Netherlands,Standard,Direct Sales,2026-04-07,23,2026-01-13 08:32:54,2026-02-27 15:54:52,M1,38.991,109.358
5775,2025-10-13,Available,Netherlands,Standard,Direct Sales,2026-02-04,23,2026-01-13 08:32:52,2026-01-14 10:56:44,M1,21.198,62.023
5776,2025-10-13,Available,Denmark,Standard,Agency,2026-03-23,18,2026-03-04 12:08:27,2026-03-04 13:47:51,M2,18.758,110.17
5777,2025-10-30,Available,Netherlands,Standard,Direct Sales,2026-04-09,23,2026-02-27 13:22:09,2026-04-02 13:03:03,M2,6.887,139.139
5778,2025-10-30,Available,Netherlands,Standard,Direct Sales,2026-03-27,24,2026-02-18 14:52:13,2026-02-25 11:46:51,M2,30.206,79.164
5779,2025-10-30,Available,Netherlands,Standard,Direct Sales,2026-04-09,24,2026-02-27 13:22:14,2026-03-03 15:08:13,M2,37.009,84.24
5780,2025-10-30,Available,Netherlands,Standard,Direct Sales,2026-04-17,24,,2026-02-27 13:16:42,M2,48.815,80.162
5781,2025-10-30,Available,Netherlands,Standard,Direct Sales,2026-03-10,23,2026-02-27 13:25:22,2026-03-03 15:08:16,M2,6.937,84.24
5782,2025-10-30,Available,Netherlands,Standard,Direct Sales,2026-03-10,24,2026-02-27 13:22:12,2026-03-03 15:08:26,M2,7.07,78.15
5783,,Available,Netherlands,Standard,Direct Sales,2025-05-05,23,2025-04-08 14:53:10,,M0,,
5784,,Available,Netherlands,Standard,Direct Sales,2025-05-09,23,2025-04-08 14:52:01,,M0,,
5785,,Available,Netherlands,Standard,Direct Sales,2025-05-09,23,2025-04-21 10:02:18,,M0,,
5786,,Available,France,Standard,Direct Sales,2025-05-20,23,2025-04-08 14:52:08,,M0,,
5787,,Available,France,Standard,Direct Sales,2025-08-25,23,2025-04-21 10:02:09,,M0,,
5788,,Reserved,Denmark,Standard,Agency,2025-07-04,17,2025-04-21 10:04:13,,M0,,
5789,,Available,Denmark,Business,Agency,2025-07-25,18,2025-04-21 10:02:07,,M0,,
5790,,Available,France,Standard,Direct Sales,2025-05-02,23,2025-04-08 14:55:20,,M0,,
5791,,Available,Belgium,Standard,Agency,2026-01-26,26,2025-04-08 14:56:11,,M0,,
5792,,Available,France,Standard,Direct Sales,2025-05-21,23,2025-04-08 14:55:14,,M0,,
5793,,Available,France,Standard,Direct Sales,2025-05-23,23,2025-04-08 14:54:07,,M0,,
5794,,Available,Netherlands,Standard,Direct Sales,2025-05-01,23,2025-04-08 14:54:24,,M0,,
5795,,Available,Netherlands,Standard,Direct Sales,2025-04-28,23,2025-04-08 14:54:02,,M0,,
5796,,Reserved,Denmark,Standard,Agency,2025-06-24,17,2025-04-21 10:04:12,,M0,,
5797,,Available,Netherlands,Standard,Direct Sales,2025-04-25,23,2025-04-08 14:54:06,,M0,,
5798,,Available,France,Standard,Direct Sales,2025-06-03,23,2025-05-05 08:32:14,,M0,,
5799,,Available,France,Standard,Direct Sales,2025-05-22,23,2025-05-05 08:36:08,,M0,,
5800,,Available,France,Standard,Direct Sales,2025-09-09,23,2025-05-05 08:38:21,2025-08-01 15:01:55,M0,38.974,
5801,,Available,France,Standard,Direct Sales,2025-08-28,23,2025-05-05 08:33:06,,M0,,
5802,,Available,Netherlands,Standard,Direct Sales,2025-11-25,23,2025-05-05 08:36:07,,M0,,
5803,2025-02-28,Available,Netherlands,Standard,Direct Sales,2025-06-13,23,2025-05-23 14:30:23,,M0,,
5804,2025-02-28,Available,Netherlands,Standard,Direct Sales,2025-06-16,23,2025-05-23 14:33:01,,M0,,
5805,2025-02-28,Available,Netherlands,Standard,Direct Sales,2025-06-26,23,2025-05-23 14:30:17,,M0,,
5806,2025-02-28,Available,Netherlands,Standard,Direct Sales,2025-06-23,23,2025-05-23 14:32:01,,M0,,
5807,2025-02-28,Reserved,Greece,Standard,Agency,2026-02-27,10,2025-05-23 14:31:21,2025-07-04 11:09:55,M0,248.237,
5808,2025-02-28,Available,France,Standard,Direct Sales,2025-06-24,23,2025-05-23 14:32:10,,M0,,
5809,2025-02-28,Available,France,Standard,Direct Sales,2025-07-10,23,2025-05-23 14:32:10,,M0,,
5810,2025-02-28,Available,Netherlands,Standard,Direct Sales,2025-07-03,23,2025-05-23 14:30:17,,M0,,
5811,2025-02-28,Available,Netherlands,Standard,Direct Sales,2025-07-02,23,2025-05-23 14:31:14,,M0,,
5812,2025-03-28,Available,Netherlands,Standard,Direct Sales,2025-07-28,23,2025-06-17 11:24:01,,M0,,
5813,2025-03-28,Available,France,Standard,Direct Sales,2025-07-07,23,2025-06-17 11:29:05,,M0,,
5814,2025-03-28,Available,Netherlands,Standard,Direct Sales,2025-08-08,23,2025-06-17 11:29:16,2025-07-25 12:19:30,M0,14.136,
5815,2025-03-28,Available,Netherlands,Standard,Direct Sales,2025-08-01,23,2025-06-17 11:26:09,2025-07-08 12:27:35,M0,24.075,
5816,2025-03-28,Available,Netherlands,Standard,Direct Sales,2025-09-04,23,2025-06-17 11:28:19,2025-08-15 10:40:22,M0,20.009,
5817,2025-03-28,Available,Netherlands,Standard,Direct Sales,2025-08-01,23,2025-06-17 11:26:07,2025-07-08 12:27:35,M0,24.171,
5818,2025-03-28,Available,Netherlands,Standard,Direct Sales,2025-07-10,23,2025-06-17 11:27:06,,M0,,
5819,2025-05-02,Available,Netherlands,Standard,Direct Sales,2025-09-02,23,2025-08-04 07:36:10,2025-08-22 15:16:54,M1,11.058,30.224
5820,2025-05-02,Available,Netherlands,Standard,Direct Sales,2025-09-09,23,2025-08-04 07:34:23,2025-08-21 12:33:20,M1,19.137,29.11
5821,2025-05-02,Available,Netherlands,Standard,Direct Sales,2025-10-27,23,2025-08-04 07:34:14,2025-10-14 12:58:47,M1,13.058,83.128
5822,2025-05-02,Available,Denmark,Standard,Agency,2025-09-04,18,2025-08-04 07:32:11,2025-08-04 14:28:52,M1,30.906,12.236
5823,2025-05-02,Available,Netherlands,Standard,Direct Sales,2025-10-28,23,2025-08-04 07:35:19,2025-10-08 13:23:14,M1,20.146,77.145
5824,2025-05-02,Available,Netherlands,Standard,Direct Sales,2025-09-25,23,2025-08-04 07:35:02,2025-09-16 12:53:35,M1,8.949,55.124
5825,2025-05-02,Available,Netherlands,Standard,Direct Sales,2025-08-20,23,2025-08-04 07:35:17,2025-08-07 10:32:53,M1,13.215,15.026
5826,2025-05-02,Available,Denmark,Standard,Agency,2025-09-23,17,2025-08-04 07:31:08,2025-09-05 10:45:09,M1,18.049,44.088
5827,2025-05-02,Available,Netherlands,Standard,Direct Sales,2025-10-10,23,2025-08-27 10:39:10,2025-09-08 13:38:09,M1,32.076,47.152
5828,2025-05-02,Available,Denmark,Standard,Agency,2025-10-20,18,,2025-08-26 16:05:14,M1,54.771,34.255
5829,2025-05-02,Available,Denmark,Standard,Agency,2025-10-10,18,,2025-08-26 16:05:14,M1,44.864,34.255
5830,2025-05-02,Available,Denmark,Standard,Agency,2025-09-20,18,,2025-08-26 16:05:10,M1,24.779,34.254
5831,2025-06-05,Available,France,Standard,Direct Sales,2025-11-11,23,2025-08-27 10:40:05,2025-09-11 11:12:24,M1,61.201,50.051
5832,2025-06-05,Available,Denmark,Standard,Agency,2025-10-13,22,2025-08-27 10:42:12,2025-09-03 14:15:34,M1,40.061,22.104
5833,2025-06-05,Available,Netherlands,Standard,Direct Sales,2025-10-13,23,,2025-09-19 09:33:25,M1,24.239,
5834,2025-06-05,Available,Netherlands,Standard,Direct Sales,2025-10-10,23,,2025-08-26 16:10:53,M1,44.798,34.258
5835,2025-06-05,Available,Netherlands,Standard,Direct Sales,2025-10-27,23,2025-08-27 10:43:10,2025-09-24 13:46:31,M1,32.941,63.158
5836,2025-06-05,Available,Netherlands,Standard,Direct Sales,2025-10-08,23,2025-08-27 10:40:11,2025-09-26 08:25:33,M1,12.354,64.935
5837,2025-06-05,Available,Netherlands,Standard,Direct Sales,2025-09-10,23,,2025-08-26 16:10:11,M1,14.911,34.258
5838,2025-06-05,Available,Denmark,Standard,Agency,2025-10-16,17,,2025-09-19 09:33:30,M1,27.123,49.758
5839,2025-06-05,Available,Denmark,Standard,Agency,2025-10-24,22,,2025-09-19 09:31:49,M1,35.002,49.757
5840,2025-06-05,Available,Denmark,Standard,Agency,2025-09-24,22,2025-08-27 10:41:18,2025-09-02 15:00:28,M1,22.001,41.21
5841,2025-06-05,Available,Denmark,Standard,Agency,2025-10-10,22,,2025-09-19 09:31:57,M1,21.21,49.757
5842,2025-06-05,Available,Denmark,Standard,Agency,2025-10-14,18,,2025-09-19 09:31:53,M1,24.995,49.757
5843,2025-06-05,Available,Netherlands,Standard,Direct Sales,2025-10-15,23,,2025-09-19 09:31:53,M1,26.079,49.757
5844,2025-06-05,Available,Denmark,Standard,Agency,2025-10-16,17,,2025-09-19 09:31:53,M1,27.212,49.757
5845,2025-06-05,Available,Denmark,Standard,Agency,2025-10-16,17,,2025-09-19 09:31:50,M1,27.065,49.757
5846,2025-06-05,Available,Denmark,Standard,Agency,2025-11-14,17,,2025-09-19 09:31:59,M1,56.075,49.757
5847,2025-06-05,Available,Denmark,Standard,Agency,2025-10-13,17,,2025-09-19 09:31:46,M1,24.281,49.757
5848,2025-06-02,Available,Denmark,Service,Agency,2026-02-11,17,2025-09-23 09:59:05,2025-09-24 08:36:47,M1,140.322,54.719
5849,2025-06-02,Available,France,Standard,Direct Sales,2025-10-21,23,,2025-09-19 09:33:27,M1,32.182,49.758
5850,2025-06-02,Available,France,Standard,Direct Sales,2025-10-30,23,,2025-09-19 09:33:23,M1,41.269,49.758
5851,2025-06-02,Available,Netherlands,Standard,Direct Sales,2025-10-02,23,,2025-09-19 09:33:28,M1,13.021,
5852,2025-06-26,Available,Denmark,Standard,Agency,2025-11-13,18,2025-10-15 11:56:15,2025-10-16 11:37:20,M1,28.04,49.09
5853,2025-06-26,Available,Denmark,Standard,Agency,2025-10-30,17,2025-10-15 11:54:25,2025-10-16 11:36:49,M1,14.075,49.094
5854,2025-06-26,Available,Netherlands,Standard,Direct Sales,2025-11-24,23,2025-11-03 10:47:11,2025-11-11 14:30:18,M1,12.979,
5855,2025-06-26,Available,Denmark,Standard,Agency,2026-01-19,17,2025-10-15 11:56:06,2025-10-16 11:37:15,M1,95.137,49.069
5856,2025-06-26,Available,Denmark,Standard,Agency,2025-11-19,18,2025-10-27 11:31:19,2025-11-03 16:38:48,M1,15.94,56.044
5857,2025-06-26,Available,Denmark,Service,Agency,2026-02-11,17,2025-10-15 11:52:09,2025-10-16 11:36:53,M1,118.177,48.857
5858,2025-06-26,Available,Denmark,Standard,Agency,2026-01-28,22,2025-10-27 11:31:25,2025-11-03 16:38:54,M1,85.731,56.044
5859,2025-08-05,Available,Denmark,Standard,Agency,2026-03-30,18,2025-10-27 11:24:09,2025-11-03 16:38:52,M1,146.953,56.044
5860,2025-06-26,Available,Denmark,Standard,Agency,2026-04-09,22,2025-10-27 11:31:02,2025-12-25 12:46:28,M1,104.903,107.883
5861,2025-06-26,Available,Netherlands,Standard,Direct Sales,2025-11-17,23,2025-10-27 11:34:06,2025-10-30 11:53:30,M1,18.225,
5862,2025-08-05,Available,Denmark,Business,Agency,2026-03-09,17,2025-11-03 10:50:07,2026-01-02 09:37:21,M1,67.252,119.003
5863,2025-08-05,Available,Denmark,Standard,Agency,2026-03-25,17,2025-11-03 10:50:08,2026-01-02 09:37:22,M1,82.269,119.002
5864,2025-08-05,Available,Denmark,Standard,Agency,2026-04-15,17,2025-11-03 10:50:05,2026-01-02 09:37:28,M1,103.186,119.002
5865,2025-08-05,Available,Netherlands,Standard,Direct Sales,2025-12-01,23,2025-11-17 13:17:06,2025-11-18 16:14:17,M1,13.043,64.319
5866,2025-08-05,Available,Belgium,Business,Agency,2026-02-16,12,2025-11-17 13:10:16,2025-12-01 11:07:31,M1,79.134,77.106
5867,2025-08-05,Available,Netherlands,Standard,Direct Sales,2026-03-02,23,2025-11-17 13:10:12,2026-01-22 11:57:10,M1,39.221,129.141
5868,2025-08-05,Available,Denmark,Standard,Agency,2026-03-09,22,2025-11-17 13:13:12,2025-11-18 16:13:37,M1,110.708,64.319
5869,2025-08-05,Available,Netherlands,Standard,Direct Sales,2025-12-09,23,2025-11-17 13:12:03,2025-11-17 14:16:35,M1,22.13,63.237
5870,2025-08-05,Available,Denmark,Standard,Agency,2025-12-09,22,2025-11-17 13:12:15,2025-11-18 16:14:21,M1,21.01,64.319
5871,2025-08-05,Available,Denmark,Standard,Agency,2025-12-12,17,2025-11-17 13:14:25,2025-11-18 16:13:54,M1,23.958,64.319
5872,2025-08-05,Available,Denmark,Standard,Agency,2025-12-15,17,2025-11-17 13:12:12,2025-11-18 16:14:19,M1,27.045,64.319
5873,2025-08-05,Available,Netherlands,Standard,Direct Sales,2026-02-06,24,2025-11-17 13:14:17,2026-01-12 15:34:24,M1,25.105,119.291
5874,2025-08-05,Available,Denmark,Standard,Agency,2025-11-28,18,2025-11-17 13:17:16,2025-11-17 14:18:46,M1,10.967,63.239
5875,2025-08-05,Available,Denmark,Standard,Agency,2025-12-24,17,2025-11-17 13:14:17,2025-11-18 16:13:50,M1,36.049,64.319
5876,2025-08-05,Available,Belgium,Standard,Agency,2026-01-16,26,2025-11-17 13:16:04,2025-11-17 14:18:45,M1,59.878,63.239
5877,2025-08-05,Available,Denmark,Standard,Agency,2025-12-01,22,2025-11-17 13:08:20,2025-11-18 16:13:40,M1,12.831,64.319
5878,2025-08-05,Available,Denmark,Business,Agency,2025-12-17,22,2025-11-17 13:16:23,2025-11-17 14:14:24,M1,38.004,63.236
5879,2025-08-05,Available,Denmark,Standard,Agency,2025-12-02,22,2025-11-17 13:16:16,2025-11-17 14:14:31,M1,14.914,63.236
5880,2025-08-05,Available,Denmark,Standard,Agency,2025-12-24,17,2025-11-17 13:15:21,2025-11-18 16:14:01,M1,35.95,57.165
5881,2025-08-05,Available,Denmark,Standard,Agency,2025-12-15,22,2025-11-17 13:16:14,2025-11-18 16:14:10,M1,26.99,57.165
5882,2025-08-05,Available,Denmark,Standard,Agency,2025-12-02,22,2025-11-17 13:09:02,2025-11-18 16:13:43,M1,13.907,57.165
5883,2025-08-05,Available,Denmark,Standard,Agency,2025-12-16,22,2025-11-17 13:17:15,2025-11-18 16:14:21,M1,27.728,57.165
5884,2025-08-05,Available,Denmark,Standard,Agency,2025-12-16,22,2025-11-17 13:10:21,2025-11-18 16:14:00,M1,28.032,57.165
5885,2025-08-05,Available,Denmark,Standard,Agency,2026-02-04,18,2025-11-17 13:11:08,2025-11-18 16:14:04,M1,76.862,57.165
5886,2025-08-05,Available,Netherlands,Standard,Direct Sales,2026-01-09,23,2025-11-17 13:08:13,2025-12-19 14:36:31,M1,20.988,88.097
5887,2025-08-05,Available,Denmark,Standard,Agency,2025-12-19,22,2025-11-17 13:11:08,2025-11-17 14:14:27,M1,30.961,56.082
5888,2025-08-05,Available,Denmark,Standard,Agency,2026-02-11,18,2025-11-17 13:11:20,2025-11-18 16:14:12,M1,84.936,57.165
5889,2025-08-05,Available,Denmark,Standard,Agency,2025-12-19,17,2025-11-17 13:17:23,2025-11-18 16:14:25,M1,30.921,57.165
5890,2025-08-05,Available,Denmark,Standard,Agency,2026-02-06,22,,2025-11-25 14:21:30,M1,72.853,64.087
5891,2025-08-05,Available,Denmark,Standard,Agency,2026-01-08,22,,2025-11-25 14:21:34,M1,44.034,64.087
5892,2025-08-05,Available,Denmark,Standard,Agency,2026-01-23,22,,2025-11-25 14:21:33,M1,58.94,64.087
5893,2025-08-05,Available,Denmark,Standard,Agency,2026-01-01,17,,2025-11-25 14:21:28,M1,37.035,64.087
5894,2025-08-05,Available,Denmark,Standard,Agency,2025-12-16,17,,2025-11-25 14:21:28,M1,20.926,64.087
5895,2025-08-05,Available,Denmark,Standard,Agency,2026-04-03,22,2025-11-25 15:31:23,2026-02-27 15:54:53,M1,34.99,158.152
5896,2025-08-05,Available,Denmark,Service,Agency,2026-02-11,17,,2025-11-25 14:21:26,M1,78.069,64.087
5897,2025-08-05,Available,Denmark,Standard,Agency,2026-02-17,22,,2025-12-19 13:35:17,M1,59.93,63.11
5898,2025-09-05,Available,Netherlands,Standard,Direct Sales,2026-01-26,23,2026-01-06 17:21:08,2026-01-07 12:01:46,M1,19.169,77.126
5899,2025-10-13,Available,Netherlands,Standard,Direct Sales,2026-02-05,23,2026-01-16 08:38:23,2026-01-20 11:11:58,M2,16.109,78.086
5900,2025-08-05,Available,Netherlands,Standard,Direct Sales,2026-03-10,24,2026-01-16 08:38:20,2026-03-05 13:39:09,M2,5.133,122.188
5901,2025-09-05,Available,Belgium,Standard,Agency,2026-04-04,20,2026-01-28 11:05:12,2026-02-02 10:32:02,M2,59.901,91.058
5902,2025-09-05,Available,Belgium,Standard,Agency,2026-03-27,20,2026-01-28 11:05:09,2026-02-02 10:32:02,M2,51.992,91.058
5903,2025-09-05,Available,Belgium,Standard,Agency,2026-04-03,26,2026-01-16 08:38:19,2026-01-16 15:17:58,M2,73.866,72.024
5904,2025-09-05,Available,France,Standard,Direct Sales,2026-03-10,23,2026-01-16 08:38:18,2026-02-05 15:18:00,M2,33.008,92.024
5905,2025-09-05,Available,Netherlands,Standard,Direct Sales,2026-03-20,24,2026-01-16 08:38:12,2026-03-05 13:39:16,M2,15.036,119.955
5906,2025-10-13,Available,Denmark,Standard,Agency,2026-04-15,18,2026-03-04 12:07:10,2026-03-25 10:55:25,M2,20.857,135.15
5907,2025-10-13,Available,Netherlands,Standard,Direct Sales,2026-02-06,23,2026-01-13 08:33:04,2026-01-26 14:01:53,M1,10.86,74.152
5908,2025-10-30,Available,Netherlands,Standard,Direct Sales,2026-03-10,24,2026-02-18 14:52:17,2026-02-25 11:46:56,M2,13.235,79.164
5909,2025-10-30,Available,France,Standard,Direct Sales,2026-04-09,23,2026-02-18 14:52:06,2026-02-20 12:47:34,M2,48.057,74.206
5910,2025-10-30,Available,Netherlands,Standard,Direct Sales,2026-04-03,24,,2026-02-27 13:16:42,M2,34.884,81.226
5911,2025-10-30,Available,Netherlands,Standard,Direct Sales,2026-03-10,24,,2026-02-27 13:16:39,M2,11.147,80.162
5912,2025-10-30,Available,Netherlands,Standard,Direct Sales,2026-03-06,23,,2026-02-27 13:16:43,M2,7.189,80.162
5913,2025-10-30,Available,Netherlands,Standard,Direct Sales,2026-04-09,23,2026-02-27 13:22:01,2026-03-12 13:12:29,M2,28.077,93.159
5914,2025-10-30,Available,France,Standard,Direct Sales,2026-04-02,23,2026-02-18 14:52:06,2026-02-20 12:47:35,M2,40.834,73.142
5915,2025-11-28,Available,Netherlands,Standard,Direct Sales,2026-04-09,23,2026-03-02 09:19:39,2026-04-02 13:03:01,M2,6.887,101.176
5916,,Available,Netherlands,Standard,Direct Sales,2025-07-21,23,2025-07-21 15:18:00,,M0,,
5917,,Reserved,Denmark,Standard,Agency,2025-06-13,18,2025-04-21 10:03:05,,M0,,
5918,,Available,France,Standard,Direct Sales,2025-07-08,23,2025-04-21 10:05:01,,M0,,
5919,,Available,Netherlands,Standard,Direct Sales,2025-05-09,23,2025-04-21 10:02:21,,M0,,
5920,,Available,Netherlands,Standard,Direct Sales,2025-05-07,23,2025-04-08 14:54:10,,M0,,
5921,,Available,France,Standard,Direct Sales,2025-05-01,23,2025-04-08 14:52:06,,M0,,
5922,,Available,France,Standard,Direct Sales,2025-05-15,23,2025-04-08 14:50:15,,M0,,
5923,,Reserved,Denmark,Standard,Agency,2025-06-17,18,2025-04-21 10:03:10,,M0,,
5924,,Available,France,Standard,Direct Sales,2025-06-06,23,2025-05-05 08:32:22,,M0,,
5925,,Available,Netherlands,Standard,Direct Sales,2025-06-11,23,2025-05-05 08:38:00,,M0,,
5926,,Available,France,Standard,Direct Sales,2025-05-29,23,2025-05-05 08:34:12,,M0,,
5927,,Available,France,Standard,Direct Sales,2025-06-06,23,2025-05-05 08:35:22,,M0,,
5928,,Available,France,Internal,Direct Sales,2025-11-14,23,2025-05-05 08:34:08,,M0,,
5929,,Available,France,Standard,Direct Sales,2025-06-04,23,2025-05-05 08:35:21,,M0,,
5930,,Available,Netherlands,Standard,Direct Sales,2025-05-27,23,2025-05-05 08:32:12,,M0,,
5931,,Available,Netherlands,Standard,Direct Sales,2025-05-26,23,2025-05-05 08:34:23,,M0,,
5932,2025-02-28,Available,Netherlands,Standard,Direct Sales,2025-07-01,23,2025-05-23 14:31:16,,M0,,
5933,2025-02-28,Available,Netherlands,Standard,Direct Sales,2025-08-01,23,2025-05-23 14:30:06,2025-07-03 10:04:27,M0,28.998,
5934,2025-02-28,Available,Netherlands,Standard,Direct Sales,2025-07-24,23,2025-05-23 14:29:08,2025-07-02 08:32:39,M0,22.323,
5935,2025-02-28,Available,Netherlands,Standard,Direct Sales,2025-06-20,23,2025-05-23 14:31:11,,M0,,
5936,2025-02-28,Available,Netherlands,Standard,Direct Sales,2025-08-12,23,2025-05-23 14:30:09,2025-07-10 15:36:25,M0,32.913,
5937,2025-02-28,Available,France,Standard,Direct Sales,2025-07-30,23,2025-05-23 14:29:15,,M0,,
5938,2025-02-28,Available,Netherlands,Standard,Direct Sales,2025-10-14,23,2025-05-23 14:32:03,2025-09-09 14:20:32,M0,35.044,
5939,2025-02-28,Available,Netherlands,Standard,Direct Sales,2025-08-06,23,2025-05-23 14:30:04,2025-07-28 10:44:39,M0,9.198,5.035
5940,2025-03-28,Available,Netherlands,Standard,Direct Sales,2025-09-03,23,2025-06-17 11:29:11,,M0,,
5941,2025-03-28,Available,Netherlands,Standard,Direct Sales,2025-07-07,23,2025-06-17 11:30:21,2025-07-01 10:53:36,M0,,
5942,2025-03-28,Available,Netherlands,Standard,Direct Sales,2025-09-02,23,2025-06-17 11:31:00,2025-08-12 13:22:14,M0,21.162,
5943,2025-03-28,Available,Netherlands,Standard,Direct Sales,2025-07-31,23,2025-06-17 11:26:06,2025-07-18 15:07:37,M0,13.065,
5944,2025-03-28,Available,France,Standard,Direct Sales,2025-08-18,23,2025-06-17 11:23:11,2025-07-22 14:52:17,M0,26.814,
5945,2025-03-28,Available,Netherlands,Standard,Direct Sales,2025-07-18,23,2025-06-17 11:24:11,2025-07-04 14:26:11,M0,,
5946,2025-03-28,Available,Netherlands,Standard,Direct Sales,2025-07-14,23,2025-06-17 11:25:07,,M0,,
5947,2025-03-28,Available,Netherlands,Standard,Direct Sales,2025-06-30,23,2025-06-17 11:23:03,,M0,,
5948,2025-03-28,Available,Netherlands,Standard,Direct Sales,2025-08-07,23,2025-07-07 11:39:22,2025-07-23 10:08:48,M0,15.205,
5949,2025-05-02,Available,Netherlands,Standard,Direct Sales,2025-09-26,23,2025-08-04 07:36:12,2025-08-18 13:33:23,M1,39.009,26.152
5950,2025-05-02,Available,Netherlands,Standard,Direct Sales,2025-08-22,23,2025-08-04 07:37:12,2025-08-07 10:32:55,M1,15.233,15.027
5951,2025-05-02,Available,France,Standard,Direct Sales,2025-11-17,23,2025-08-04 07:33:21,2025-08-18 15:55:59,M1,90.876,26.253
5952,2025-05-02,Available,Netherlands,Standard,Direct Sales,2025-11-12,23,2025-08-04 07:34:04,2025-10-08 13:23:12,M1,34.914,77.145
5953,2025-05-02,Available,Netherlands,Standard,Direct Sales,2025-08-22,23,2025-08-04 07:30:24,2025-08-04 14:29:31,M1,17.853,
5954,2025-05-02,Available,Denmark,Standard,Agency,2026-01-05,18,2025-08-04 07:30:17,2025-08-25 10:50:17,M1,134.022,33.04
5955,2025-05-02,Available,Netherlands,Standard,Direct Sales,2025-09-22,23,2025-08-27 10:42:24,2025-09-10 13:00:46,M1,12.405,49.126
5956,2025-05-02,Available,Netherlands,Standard,Direct Sales,2025-09-16,23,,2025-08-26 16:10:08,M1,20.945,34.258
5957,2025-06-05,Available,Denmark,Standard,Agency,2025-10-20,22,2025-08-27 10:43:01,2025-09-03 14:15:28,M1,47.059,42.178
5958,2025-06-05,Available,Denmark,Standard,Agency,2025-10-02,22,2025-08-27 10:37:17,2025-09-02 15:00:09,M1,29.962,41.209
5959,2025-06-05,Available,Netherlands,Standard,Direct Sales,2025-09-19,23,,2025-08-26 16:11:01,M1,24.039,34.258
5960,2025-06-05,Available,Denmark,Standard,Agency,2025-11-06,17,,2025-09-19 09:33:23,M1,48.268,49.758
5961,2025-06-05,Available,Denmark,Standard,Agency,2025-09-25,17,,2025-08-26 16:06:09,M1,29.764,34.255
5962,2025-06-05,Available,Denmark,Standard,Agency,2025-10-10,17,,2025-09-19 09:31:46,M1,21.025,49.757
5963,2025-06-05,Available,Denmark,Standard,Agency,2025-10-13,17,,2025-09-19 09:33:22,M1,24.269,49.758
5964,2025-06-05,Available,Denmark,Standard,Agency,2025-11-10,17,,2025-09-19 09:31:57,M1,52.066,49.757
5965,2025-06-02,Available,Netherlands,Standard,Direct Sales,2025-10-06,23,,2025-09-19 09:33:24,M1,17.074,
5966,2025-06-02,Available,Denmark,Standard,Agency,2025-10-27,22,2025-09-23 09:59:16,2025-10-03 11:23:54,M1,24.133,63.835
5967,2025-06-02,Available,Netherlands,Standard,Direct Sales,2025-11-07,23,2025-09-23 09:57:21,2025-10-03 11:23:59,M1,35.216,63.835
5968,2025-06-02,Available,Belgium,Standard,Agency,2026-01-16,20,2025-09-23 09:57:00,2025-10-24 15:34:11,M1,83.056,85.989
5969,2025-06-02,Available,France,Standard,Direct Sales,2025-10-22,23,,2025-09-19 09:33:17,M1,33.283,49.758
5970,2025-06-02,Available,Denmark,Standard,Agency,2025-10-27,22,,2025-09-19 09:33:26,M1,38.148,49.758
5971,2025-06-02,Available,Denmark,Standard,Agency,2025-11-10,17,,2025-09-19 09:33:26,M1,52.036,49.758
5972,2025-06-26,Available,Denmark,Standard,Agency,2025-12-09,18,2025-10-15 11:54:08,2025-10-16 11:37:24,M1,53.894,49.09
5973,2025-06-26,Available,Denmark,Standard,Agency,2025-11-18,17,2025-10-15 11:52:04,2025-10-16 11:36:50,M1,32.97,49.07
5974,2025-06-26,Available,Denmark,Standard,Agency,2025-10-28,22,2025-10-15 11:56:04,2025-10-16 11:37:14,M1,12.189,49.07
5975,2025-06-26,Available,Denmark,Standard,Agency,2025-11-06,18,2025-10-15 11:53:22,2025-10-16 11:37:17,M1,20.919,49.076
5976,2025-06-26,Available,Denmark,Standard,Agency,2025-11-27,18,2025-10-27 11:33:16,2025-11-03 16:38:36,M1,21.008,56.044
5977,2025-08-05,Available,Netherlands,Standard,Direct Sales,2025-11-20,24,2025-10-27 11:25:07,2025-10-31 13:11:32,M1,20.183,52.9
5978,2025-08-05,Available,Denmark,Standard,Agency,2026-01-09,17,2025-10-27 11:29:06,2025-11-03 16:38:39,M1,66.87,56.044
5979,2025-06-26,Available,Denmark,Standard,Agency,2026-01-30,17,2025-10-27 11:34:02,2025-11-03 16:38:52,M1,87.879,56.044
5980,2025-08-05,Available,Denmark,Standard,Agency,2025-12-29,17,2025-10-27 11:24:07,2025-11-03 16:38:44,M1,55.819,56.044
5981,2025-08-05,Available,Denmark,Standard,Agency,2026-01-02,17,2025-10-27 11:25:04,2025-11-03 16:38:38,M1,59.999,56.044
5982,2025-06-26,Available,Netherlands,Standard,Direct Sales,2025-11-17,23,2025-11-03 10:46:16,2025-11-11 10:39:07,M1,6.285,67.046
5983,2025-06-26,Available,Belgium,Standard,Agency,2025-12-22,20,2025-11-03 10:44:12,2025-11-11 14:30:20,M1,39.809,67.206
5984,2025-06-26,Available,France,Standard,Direct Sales,2025-12-01,23,2025-11-03 10:47:02,2025-11-07 08:38:30,M1,24.205,62.962
5985,2025-06-26,Available,Denmark,Service,Agency,2025-11-13,18,2025-10-27 11:31:08,2025-11-03 16:38:42,M1,9.91,56.044
5986,2025-06-26,Available,Netherlands,Standard,Direct Sales,2025-11-25,23,2025-10-27 11:31:06,2025-11-04 16:21:17,M1,21.026,
5987,2025-06-26,Available,Netherlands,Standard,Direct Sales,2025-12-02,23,2025-11-03 10:46:23,2025-11-11 10:39:14,M1,21.213,67.045
5988,2025-08-05,Available,Denmark,Standard,Agency,2026-02-09,22,2025-11-03 10:50:09,2026-01-02 13:34:39,M1,37.868,119.167
5989,2025-08-05,Available,Denmark,Standard,Agency,2026-01-27,22,2025-11-03 10:50:10,2026-01-02 09:37:24,M1,25.349,119.003
5990,2025-06-26,Available,Denmark,Standard,Agency,2025-11-24,18,2025-11-03 10:47:03,2025-11-07 08:38:33,M1,17.322,62.961
5991,2025-08-05,Available,Denmark,Standard,Agency,2026-04-08,22,2025-11-03 10:46:22,2026-01-02 09:37:29,M1,96.234,119.003
5992,2025-06-26,Available,Netherlands,Standard,Direct Sales,2025-11-20,23,2025-11-03 10:47:06,2025-11-07 13:23:23,M1,13.174,63.16
5993,2025-08-05,Available,Netherlands,Standard,Direct Sales,2025-12-09,23,2025-11-17 13:09:21,2025-11-17 14:14:30,M1,22.146,63.236
5994,2025-08-05,Available,Netherlands,Standard,Direct Sales,2025-12-18,23,2025-11-17 13:12:08,2025-11-28 16:39:57,M1,20.036,74.337
5995,2025-08-05,Available,Netherlands,Standard,Direct Sales,2025-11-28,23,2025-11-17 13:10:20,2025-11-17 14:16:33,M1,11.099,63.237
5996,2025-08-05,Available,Denmark,Standard,Agency,2026-02-09,22,2025-11-17 13:12:14,2025-11-17 14:16:30,M1,83.794,63.237
5997,2025-08-05,Available,Denmark,Standard,Agency,2025-12-24,18,2025-11-17 13:10:24,2025-11-18 16:14:01,M1,35.783,64.319
5998,2025-08-05,Available,Denmark,Standard,Agency,2026-03-10,17,2025-11-17 13:09:06,2025-12-25 12:46:38,M1,75.039,101.175
5999,2025-08-05,Available,Netherlands,Standard,Direct Sales,2025-12-01,23,2025-11-17 13:10:17,2025-11-18 16:13:59,M1,13.044,64.319
6000,2025-08-05,Available,Netherlands,Standard,Direct Sales,2025-11-28,23,2025-11-17 13:08:19,2025-11-17 14:19:31,M1,11.096,63.239
6001,2025-08-05,Available,Denmark,Standard,Agency,2026-01-30,18,2025-11-17 13:10:13,2025-12-25 12:46:37,M1,35.87,101.175
6002,2025-08-05,Available,Denmark,Standard,Agency,2026-02-11,17,2025-11-17 13:09:12,2025-12-25 12:46:29,M1,47.923,101.175
6003,2025-08-05,Available,Denmark,Standard,Agency,2026-02-09,22,2025-11-17 13:17:21,2026-01-20 11:12:04,M1,20.065,127.109
6004,2025-08-05,Available,Denmark,Standard,Agency,2026-01-22,22,2025-11-17 13:17:21,2025-11-18 16:14:25,M1,63.871,64.319
6005,2025-08-05,Available,Denmark,Standard,Agency,2026-03-10,18,2025-11-17 13:14:24,2025-11-18 16:13:54,M1,111.763,64.319
6006,2025-08-05,Available,Denmark,Standard,Agency,2026-01-09,18,2025-11-17 13:16:14,2025-11-18 16:14:09,M1,51.792,64.319
6007,2025-08-05,Available,Denmark,Standard,Agency,2026-01-05,18,2025-11-17 13:17:07,2025-11-18 16:14:18,M1,47.751,64.319
6008,2025-08-05,Available,Denmark,Standard,Agency,2025-12-29,18,2025-11-17 13:14:16,2025-11-18 16:13:49,M1,40.783,64.319
6009,2025-08-05,Available,Denmark,Standard,Agency,2026-02-20,18,2025-11-17 13:09:06,2025-11-18 16:13:44,M1,93.685,57.165
6010,2025-08-05,Available,Denmark,Standard,Agency,2026-02-11,18,2025-11-17 13:16:15,2025-11-18 16:14:10,M1,84.938,57.165
6011,2025-08-05,Available,Denmark,Standard,Agency,2026-02-11,18,2025-11-17 13:08:01,2025-11-18 16:13:32,M1,84.942,57.165
6012,2025-08-05,Available,Denmark,Standard,Agency,2026-03-30,18,2025-11-17 13:16:04,2025-11-18 16:14:04,M1,128.947,57.165
6013,2025-08-05,Available,Denmark,Standard,Agency,2026-01-13,18,2025-11-17 13:17:20,2025-11-18 16:14:24,M1,55.99,57.165
6014,2025-08-05,Available,France,Standard,Direct Sales,2025-12-23,23,2025-11-17 13:11:24,2025-11-17 14:18:38,M1,36.025,56.085
6015,2025-08-05,Available,Denmark,Standard,Agency,2025-12-01,18,2025-11-17 13:13:09,2025-11-18 16:13:36,M1,12.953,57.165
6016,2025-08-05,Available,Denmark,Standard,Agency,2025-12-18,18,2025-11-17 13:14:01,2025-11-18 16:13:43,M1,29.734,57.165
6017,2025-08-05,Available,Denmark,Standard,Agency,2025-12-02,17,2025-11-17 13:11:17,2025-11-18 16:14:08,M1,13.685,57.165
6018,2025-08-05,Available,Denmark,Standard,Agency,2026-02-11,18,2025-11-17 13:12:13,2025-11-18 16:14:20,M1,84.941,57.165
6019,2025-08-05,Available,Denmark,Standard,Agency,2026-03-10,18,2025-11-17 13:12:08,2025-11-18 16:14:16,M1,111.759,57.165
6020,2025-08-05,Available,Netherlands,Standard,Direct Sales,2025-12-09,23,2025-11-17 13:15:22,2025-11-17 14:16:40,M1,22.134,56.084
6021,2025-08-05,Available,Netherlands,Standard,Direct Sales,2026-01-09,23,,2025-11-25 13:01:52,M1,45.035,64.032
6022,2025-08-05,Available,Netherlands,Standard,Direct Sales,2025-12-22,23,,2025-11-25 13:02:02,M1,27.145,64.032
6023,2025-08-05,Available,Belgium,Standard,Agency,2026-01-16,20,,2025-11-25 13:01:59,M1,51.141,64.032
6024,2025-08-05,Available,Belgium,Standard,Agency,2025-12-26,20,,2025-11-25 11:39:52,M1,31.153,63.975
6025,2025-08-05,Available,Denmark,Standard,Agency,2026-01-02,17,,2025-11-25 14:21:30,M1,37.912,64.087
6026,2025-08-05,Available,Denmark,Standard,Agency,2026-01-07,17,,2025-11-25 14:21:31,M1,43.093,64.087
6027,2025-08-05,Available,Denmark,Standard,Agency,2026-03-06,17,2025-11-25 15:30:24,2025-12-25 12:46:38,M1,71.048,94.021
6028,2025-08-05,Available,Netherlands,Standard,Direct Sales,2025-12-10,23,,2025-11-25 14:21:27,M1,14.973,64.087
6029,2025-08-05,Available,Belgium,Standard,Agency,2026-01-21,20,2025-11-25 15:31:23,2025-12-25 11:49:19,M1,26.15,93.981
6030,2025-08-05,Available,Denmark,Standard,Agency,2026-02-06,17,2025-11-25 15:33:22,2025-12-25 12:46:37,M1,43.03,94.021
6031,2025-08-05,Available,Denmark,Standard,Agency,2026-03-31,22,2025-11-25 15:31:18,2026-03-18 11:23:58,M1,13.152,176.963
6032,2025-08-05,Available,Denmark,Standard,Agency,2026-02-11,17,2025-11-25 15:33:18,2025-12-25 12:46:34,M1,48.142,94.021
6033,2025-08-05,Available,Denmark,Standard,Agency,2026-03-06,22,,2025-12-19 13:35:30,M1,77.092,63.11
6034,2025-08-05,Available,Denmark,Standard,Agency,2026-02-11,22,2025-12-23 10:36:21,2026-01-02 09:37:27,M1,40.214,76.945
6035,2025-08-05,Available,Denmark,Standard,Agency,2026-02-11,18,,2025-12-19 13:04:38,M1,54.07,63.089
6036,2025-08-05,Available,Belgium,Standard,Agency,2026-02-02,20,2025-12-23 10:35:20,2025-12-23 16:20:32,M1,40.701,67.225
6037,2025-08-05,Available,Denmark,Standard,Agency,2026-04-09,18,,2025-12-19 13:04:40,M1,111.045,63.089
6038,2025-08-05,Available,Belgium,Business,Agency,2026-01-15,2,2025-12-23 10:33:06,2025-12-31 13:11:35,M1,33.034,72.139
6039,2025-08-05,Available,Belgium,Standard,Agency,2026-02-19,20,,2025-12-19 13:04:45,M1,61.825,59.852
6040,2025-10-13,Available,Netherlands,Standard,Direct Sales,2026-01-26,23,2026-01-06 17:21:14,2026-01-07 12:01:34,M1,19.059,76.123
6041,2025-08-27,Available,Netherlands,Standard,Direct Sales,2026-02-06,24,2026-01-06 17:21:10,2026-01-22 10:30:51,M1,15.319,86.059
6042,2025-08-27,Available,Belgium,Standard,Agency,2026-03-10,20,,2026-02-10 15:04:07,M2,27.758,105.248
6043,2025-08-05,Available,Denmark,Standard,Agency,2026-04-10,22,2026-01-16 08:38:22,2026-01-20 15:11:01,M2,79.914,78.252
6044,2025-09-05,Available,Denmark,Standard,Agency,2026-03-02,18,2026-01-13 08:32:40,2026-01-16 09:58:37,M1,45.001,74.035
6045,2025-09-05,Available,Belgium,Standard,Agency,2026-04-03,20,2026-01-28 11:05:06,2026-02-02 10:32:05,M2,59.299,91.058
6046,2025-09-05,Available,Netherlands,Standard,Direct Sales,2026-02-16,23,2026-01-16 08:38:22,2026-02-04 08:16:05,M2,12.383,90.964
6047,2025-09-05,Available,Belgium,Standard,Agency,2026-03-10,20,2026-01-16 08:38:16,2026-01-16 15:18:08,M2,52.746,71.958
6048,2025-09-05,Available,Denmark,Standard,Agency,2026-02-20,17,2026-01-16 08:38:21,2026-01-20 15:11:00,M2,30.79,75.953
6049,2025-09-05,Available,Denmark,Standard,Agency,2026-02-06,17,2026-01-16 08:38:13,2026-01-20 11:11:50,M2,17.138,75.853
6050,2025-09-05,Available,Netherlands,Standard,Direct Sales,2026-03-10,23,2026-01-16 08:38:18,2026-02-04 08:16:01,M2,34.372,90.475
6051,2025-09-05,Available,Denmark,Standard,Agency,2026-04-07,18,2026-01-13 08:32:32,2026-01-16 09:58:47,M1,81.09,71.802
6052,2025-10-13,Available,Belgium,Standard,Agency,2026-02-06,20,2026-01-13 08:32:34,2026-01-16 15:18:00,M1,20.111,67.332
6053,2025-10-13,Available,Netherlands,Standard,Direct Sales,2026-03-31,23,2026-01-13 08:32:28,2026-02-27 15:54:54,M1,31.873,109.358
6054,2025-10-13,Available,Denmark,Standard,Agency,2026-03-10,22,2026-01-13 08:32:37,2026-01-14 10:56:45,M1,54.981,62.023
6055,2025-10-30,Available,Netherlands,Standard,Direct Sales,2026-04-09,23,2026-02-27 13:25:10,2026-04-02 13:03:06,M2,6.887,139.106
6056,2025-10-30,Available,Netherlands,Standard,Direct Sales,2026-03-23,23,2026-02-18 14:52:05,2026-02-25 11:46:54,M2,26.04,79.164
6057,2025-10-30,Available,France,Standard,Direct Sales,2026-04-09,23,2026-02-18 14:52:18,2026-02-20 12:47:33,M2,48.04,74.206
6058,2025-10-30,Available,Netherlands,Standard,Direct Sales,2026-04-09,23,2026-02-27 13:22:16,2026-04-03 11:56:57,M2,5.935,116.171
6059,2025-10-30,Available,Netherlands,Standard,Direct Sales,2026-03-10,24,,2026-02-27 13:16:36,M2,11.15,81.226
6060,2025-10-30,Available,Netherlands,Standard,Direct Sales,2026-04-09,24,2026-02-27 13:25:13,2026-03-27 08:27:29,M2,13.302,107.961
6061,2025-10-30,Available,Netherlands,Standard,Direct Sales,2026-04-16,24,2026-02-27 13:25:27,2026-03-27 08:27:26,M2,20.314,107.961
6062,2025-10-30,Available,Netherlands,Standard,Direct Sales,2026-03-19,23,2026-02-27 13:22:17,2026-03-05 13:01:17,M2,14.054,80.061
6063,2025-11-28,Available,Netherlands,Standard,Direct Sales,2026-04-09,23,2026-03-02 09:19:02,2026-04-02 13:03:01,M2,6.885,101.176
6064,2025-11-28,Available,Denmark,Standard,Agency,2026-04-14,17,2026-03-02 09:18:28,2026-03-04 11:58:45,M2,40.89,72.131
6065,,Available,France,Business,Direct Sales,2025-09-19,23,2025-04-08 14:50:15,,M0,,
6066,,Available,Netherlands,Standard,Direct Sales,2025-04-25,23,2025-04-08 14:56:05,,M0,,
6067,,Available,Netherlands,Standard,Direct Sales,2025-05-05,23,2025-04-08 14:56:00,,M0,,
6068,,Available,Netherlands,Standard,Direct Sales,2025-05-09,23,2025-04-21 10:05:03,,M0,,
6069,,Available,Netherlands,Standard,Direct Sales,2025-05-07,23,2025-04-21 10:05:12,,M0,,
6070,,Available,Netherlands,Standard,Direct Sales,2025-05-09,23,2025-04-21 10:05:01,,M0,,
6071,,Available,Netherlands,Standard,Direct Sales,2025-05-05,23,2025-04-21 10:03:18,,M0,,
6072,,Available,Denmark,Standard,Agency,2025-07-30,18,2025-04-21 10:03:14,,M0,,
6073,,Available,Netherlands,Standard,Direct Sales,2025-05-09,23,2025-04-08 14:53:02,,M0,,
6074,,Available,Netherlands,Standard,Direct Sales,2025-04-30,23,2025-04-08 14:51:04,,M0,,
6075,,Available,France,Standard,Direct Sales,2025-05-07,23,2025-04-08 14:57:14,,M0,,
6076,,Reserved,Denmark,Standard,Agency,2025-07-07,18,2025-04-21 10:02:00,,M0,,
6077,,Available,Netherlands,Standard,Direct Sales,2025-05-07,23,2025-04-08 14:56:09,,M0,,
6078,,Available,Netherlands,Standard,Direct Sales,2025-06-06,23,2025-05-05 08:38:09,,M0,,
6079,,Available,Netherlands,Standard,Direct Sales,2025-05-28,23,2025-05-05 08:32:06,,M0,,
6080,,Available,Netherlands,Standard,Direct Sales,2025-05-28,23,2025-05-05 08:35:11,,M0,,
6081,,Available,Netherlands,Standard,Direct Sales,2025-06-09,23,2025-05-05 08:34:17,,M0,,
6082,,Available,Netherlands,Standard,Direct Sales,2025-06-03,23,2025-05-05 08:35:21,,M0,,
6083,,Available,Netherlands,Standard,Direct Sales,2025-06-06,23,2025-05-05 08:37:05,,M0,,
6084,2025-02-28,Available,Netherlands,Standard,Direct Sales,2025-07-10,23,2025-05-23 14:32:07,,M0,,
6085,2025-02-28,Available,Netherlands,Standard,Direct Sales,2025-08-12,23,2025-05-23 14:31:16,2025-07-30 15:13:23,M0,12.929,7.221
6086,2025-02-28,Available,Netherlands,Standard,Direct Sales,2025-07-08,23,2025-05-23 14:29:19,,M0,,
6087,2025-02-28,Available,Netherlands,Standard,Direct Sales,2025-06-23,23,2025-05-23 14:32:22,,M0,,
6088,2025-02-28,Available,Netherlands,Standard,Direct Sales,2025-06-16,23,2025-05-23 14:31:23,,M0,,
6089,2025-02-28,Available,Netherlands,Standard,Direct Sales,2025-06-17,23,2025-05-23 14:29:10,,M0,,
6090,2025-03-28,Available,Netherlands,Standard,Direct Sales,2025-07-23,23,2025-06-17 11:25:23,2025-07-03 12:16:23,M0,19.872,
6091,2025-03-28,Available,Netherlands,Standard,Direct Sales,2025-07-30,23,2025-06-17 11:30:06,2025-07-04 14:26:13,M0,25.919,
6092,2025-03-28,Available,Netherlands,Standard,Direct Sales,2025-07-14,23,2025-06-17 11:28:22,2025-07-03 09:03:28,M0,,
6093,2025-03-28,Available,Netherlands,Standard,Direct Sales,2025-07-28,23,2025-06-17 11:25:18,2025-07-04 14:26:13,M0,24.085,
6094,2025-03-28,Reserved,Denmark,Demo,Agency,2025-09-30,18,2025-06-17 11:23:19,,M0,,
6095,2025-03-28,Reserved,Denmark,Standard,Agency,2025-07-25,18,2025-06-17 11:31:11,2025-07-08 12:27:36,M0,16.103,
6096,2025-03-28,Available,Netherlands,Standard,Direct Sales,2025-07-24,23,2025-07-07 11:38:02,2025-07-17 12:28:06,M0,7.158,
6097,2025-03-28,Available,Netherlands,Standard,Direct Sales,2025-08-15,23,2025-06-17 11:23:19,2025-07-22 14:52:15,M0,23.838,
6098,2025-03-28,Reserved,Denmark,Standard,Agency,2025-08-01,18,2025-06-17 11:32:17,2025-07-08 12:27:36,M0,23.926,
6099,2025-03-28,Available,France,Standard,Direct Sales,2025-08-05,23,2025-06-17 11:31:11,,M0,,
6100,2025-05-02,Available,Netherlands,Standard,Direct Sales,2025-08-22,23,2025-08-04 07:37:02,2025-08-07 10:32:54,M1,15.232,15.027
6101,2025-05-02,Available,Netherlands,Standard,Direct Sales,2025-11-20,23,2025-08-04 07:32:08,2025-08-11 12:27:24,M1,101.052,19.106
6102,2025-05-02,Available,Denmark,Standard,Agency,2025-11-06,18,2025-08-04 07:33:01,2025-09-05 10:45:06,M1,62.042,44.065
6103,2025-05-02,Available,Denmark,Standard,Agency,2025-09-17,18,2025-08-04 07:32:25,2025-09-05 10:45:20,M1,11.966,44.065
6104,2025-05-02,Available,Belgium,Business,Agency,2025-08-27,20,2025-08-04 07:33:05,2025-08-04 14:28:49,M1,22.587,12.22
6105,2025-05-02,Available,Netherlands,Standard,Direct Sales,2025-09-12,23,2025-08-04 07:34:04,2025-08-13 10:25:48,M1,30.257,
6106,2025-05-02,Available,Denmark,Standard,Agency,2025-09-03,17,2025-08-04 07:33:11,2025-08-04 14:28:49,M1,29.78,12.236
6107,2025-05-02,Available,Belgium,Standard,Agency,2025-11-20,20,2025-08-04 07:30:07,2025-08-26 13:25:50,M1,83.899,34.176
6108,2025-05-02,Available,Denmark,Standard,Agency,2025-09-03,17,2025-08-04 07:31:03,2025-08-04 14:29:28,M1,29.977,12.237
6109,2025-05-02,Available,Denmark,Standard,Agency,2025-09-04,17,2025-08-04 07:30:06,2025-08-04 14:29:27,M1,30.932,12.237
6110,2025-05-02,Available,Denmark,Standard,Agency,2025-09-15,18,,2025-08-26 16:05:12,M1,19.642,34.254
6111,2025-05-02,Available,Netherlands,Standard,Direct Sales,2025-09-18,23,2025-08-27 10:40:18,2025-09-02 15:00:24,M1,15.865,41.209
6112,2025-05-02,Available,Netherlands,Standard,Direct Sales,2025-09-08,23,,2025-08-26 16:10:58,M1,13.012,34.258
6113,2025-05-02,Available,Denmark,Standard,Agency,2025-09-11,18,,2025-08-26 16:06:04,M1,15.644,34.255
6114,2025-06-05,Available,Denmark,Standard,Agency,2025-10-15,18,2025-08-27 10:39:06,2025-09-03 14:15:32,M1,41.824,42.178
6115,2025-06-05,Available,Denmark,Standard,Agency,2025-10-08,18,2025-08-27 10:39:17,2025-09-03 14:15:25,M1,34.934,42.178
6116,2025-06-05,Available,Denmark,Standard,Agency,2025-09-30,17,2025-08-27 10:38:14,2025-09-03 14:15:22,M1,26.747,42.178
6117,2025-06-05,Available,Denmark,Standard,Agency,2025-09-12,22,,2025-08-26 16:06:10,M1,16.954,34.255
6118,2025-06-05,Available,Netherlands,Standard,Direct Sales,2025-09-24,23,,2025-08-26 16:10:02,M1,28.991,34.258
6119,2025-06-05,Available,Denmark,Standard,Agency,2025-11-12,22,2025-08-27 10:43:06,2025-09-17 11:56:22,M1,55.938,56.082
6120,2025-06-05,Available,Denmark,Standard,Agency,2025-11-10,17,,2025-09-19 09:33:16,M1,52.164,49.759
6121,2025-06-05,Available,Netherlands,Standard,Direct Sales,2025-09-29,23,,2025-08-26 16:10:06,M1,33.987,34.258
6122,2025-06-05,Available,Belgium,Standard,Agency,2025-11-28,20,2025-08-27 10:42:16,2025-08-28 10:04:56,M1,91.027,36.004
6123,2025-06-05,Available,Denmark,Standard,Agency,2025-10-31,22,2025-08-27 10:42:10,2025-09-02 15:00:23,M1,58.93,41.209
6124,2025-06-05,Available,Denmark,Standard,Agency,2025-10-07,17,,2025-09-19 09:32:01,M1,18.068,49.758
6125,2025-06-05,Available,Netherlands,Standard,Direct Sales,2025-11-14,23,2025-09-23 09:57:17,2025-10-10 09:45:14,M1,35.269,
6126,2025-06-05,Available,Denmark,Standard,Agency,2025-11-10,17,,2025-09-19 09:31:47,M1,52.243,49.758
6127,2025-06-02,Available,Denmark,Standard,Agency,2025-11-07,18,2025-09-23 09:58:08,2025-09-26 12:35:19,M1,41.959,56.885
6128,2025-06-02,Available,Denmark,Standard,Agency,2025-11-13,17,,2025-09-19 09:33:15,M1,55.13,49.759
6129,2025-06-26,Available,Denmark,Standard,Agency,2026-01-09,17,2025-10-15 11:52:22,2025-10-16 11:37:01,M1,85.026,49.095
6130,2025-06-26,Available,Denmark,Standard,Agency,2026-03-05,17,2025-10-27 11:31:01,2025-12-25 12:46:29,M1,69.931,107.883
6131,2025-06-26,Available,Denmark,Standard,Agency,2025-11-11,18,2025-10-15 11:53:08,2025-10-16 11:37:06,M1,25.97,49.076
6132,2025-06-26,Available,Netherlands,Standard,Direct Sales,2025-10-28,23,2025-10-15 11:56:21,2025-10-16 11:37:25,M1,12.221,
6133,2025-06-26,Available,Denmark,Standard,Agency,2025-10-28,18,2025-10-15 11:55:07,2025-10-16 11:36:55,M1,11.97,49.07
6134,2025-06-26,Available,Denmark,Standard,Agency,2025-12-15,18,2025-10-15 11:56:22,2025-10-16 11:37:26,M1,59.998,49.069
6135,2025-06-26,Available,Denmark,Standard,Agency,2025-11-05,18,2025-10-15 11:55:07,2025-10-16 11:36:55,M1,19.923,49.07
6136,2025-08-05,Available,Denmark,Standard,Agency,2026-02-06,17,2025-10-27 11:30:20,2026-01-02 09:37:23,M1,35.273,115.751
6137,2025-08-05,Available,France,Standard,Direct Sales,2026-01-10,23,2025-10-27 11:29:04,2025-12-19 14:36:24,M1,21.928,101.959
6138,2025-08-05,Available,France,Standard,Direct Sales,2025-11-26,23,2025-10-27 11:25:06,2025-10-29 10:48:22,M1,28.136,50.801
6139,2025-08-05,Available,Denmark,Standard,Agency,2026-04-16,22,2025-10-27 11:30:19,2025-12-25 12:46:39,M1,111.956,107.883
6140,2025-08-05,Available,Netherlands,Standard,Direct Sales,2025-11-21,23,2025-10-27 11:24:08,2025-10-31 13:11:37,M1,21.199,52.9
6141,2025-06-26,Available,Denmark,Standard,Agency,2025-12-01,18,2025-10-27 11:31:04,2025-11-03 16:38:41,M1,27.754,56.044
6142,2025-06-26,Available,France,Standard,Direct Sales,2026-04-03,27,2025-10-27 11:31:17,2026-02-20 12:47:33,M1,41.92,164.883
6143,2025-08-05,Available,Denmark,Standard,Agency,2026-04-14,17,2025-10-27 11:29:03,2026-01-02 13:33:42,M1,102.077,115.916
6144,2025-06-26,Available,France,Standard,Direct Sales,2026-02-06,27,2025-10-27 11:31:23,2026-01-22 11:57:08,M1,15.146,135.848
6145,2025-08-05,Available,Denmark,Standard,Agency,2026-01-22,17,2025-10-27 11:24:07,2025-12-25 12:46:38,M1,28.142,107.883
6146,2025-06-26,Available,Netherlands,Standard,Direct Sales,2025-11-19,23,2025-10-27 11:31:08,2025-10-30 11:53:25,M1,20.118,
6147,2025-06-26,Available,Netherlands,Standard,Direct Sales,2025-11-26,23,2025-10-27 11:31:06,2025-11-04 16:21:17,M1,22.066,
6148,2025-06-26,Available,Netherlands,Standard,Direct Sales,2025-11-25,23,2025-11-03 10:47:03,2025-11-11 14:30:13,M1,13.95,67.206
6149,2025-06-26,Available,Netherlands,Standard,Direct Sales,2025-11-17,23,2025-10-27 11:31:14,2025-10-30 11:53:28,M1,18.224,
6150,2025-06-26,Available,Netherlands,Standard,Direct Sales,2025-11-13,23,2025-10-27 11:31:18,2025-10-29 10:48:23,M1,15.231,
6151,2025-06-26,Available,Netherlands,Standard,Direct Sales,2025-11-26,23,2025-11-03 10:47:04,2025-11-11 10:39:08,M1,15.309,67.046
6152,2025-08-05,Available,Denmark,Standard,Agency,2026-02-26,17,2025-11-03 10:50:10,2026-01-02 13:33:44,M1,55.032,119.166
6153,2025-08-05,Available,Denmark,Standard,Agency,2026-03-09,22,2025-11-03 10:50:07,2026-01-02 13:34:38,M1,66.004,119.167
6154,2025-08-05,Available,Denmark,Service,Agency,2026-02-11,17,2025-11-17 13:11:21,2025-12-25 12:46:40,M1,48.136,101.175
6155,2025-08-05,Reserved,Denmark,Standard,Agency,2026-03-27,22,2025-11-17 13:12:03,2025-12-25 12:46:30,M1,91.829,101.175
6156,2025-08-05,Available,Netherlands,Standard,Direct Sales,2025-12-10,23,2025-11-17 13:09:13,2025-11-18 16:33:40,M1,21.879,
6157,2025-08-05,Available,Netherlands,Standard,Direct Sales,2025-12-09,23,2025-11-17 13:12:21,2025-11-17 14:16:40,M1,22.149,63.237
6158,2025-08-05,Available,Denmark,Standard,Agency,2026-02-11,18,2025-11-17 13:15:16,2025-12-25 12:46:30,M1,48.068,101.175
6159,2025-08-05,Available,Netherlands,Standard,Direct Sales,2025-11-26,23,2025-11-17 13:17:05,2025-11-18 16:14:17,M1,8.085,64.319
6160,2025-08-05,Available,Denmark,Standard,Agency,2026-04-13,18,2025-11-17 13:16:15,2025-11-18 16:14:10,M1,145.724,64.319
6161,2025-08-05,Available,Denmark,Standard,Agency,2026-02-09,18,2025-11-17 13:16:24,2025-12-25 12:46:28,M1,45.812,101.175
6162,2025-08-05,Available,Denmark,Standard,Agency,2026-02-23,22,2025-11-17 13:14:10,2026-01-20 15:10:58,M1,33.871,127.275
6163,2025-08-05,Available,Denmark,Standard,Agency,2026-03-31,22,2025-11-17 13:14:08,2026-03-05 13:39:06,M1,25.928,171.211
6164,2025-08-05,Available,Netherlands,Standard,Direct Sales,2025-11-27,23,2025-11-17 13:14:12,2025-11-17 14:14:26,M1,10.119,63.236
6165,2025-08-05,Available,Netherlands,Standard,Direct Sales,2025-12-16,23,2025-11-17 13:12:23,2025-11-28 16:39:59,M1,17.716,74.337
6166,2025-08-05,Available,Denmark,Standard,Agency,2026-01-01,22,2025-11-17 13:15:15,2025-11-18 16:14:00,M1,43.796,57.165
6167,2025-08-05,Available,Denmark,Standard,Agency,2026-01-02,17,2025-11-17 13:13:03,2025-11-18 16:13:33,M1,45.895,57.165
6168,2025-08-05,Available,Denmark,Standard,Agency,2025-12-08,18,2025-11-17 13:14:15,2025-11-18 16:13:48,M1,19.781,57.165
6169,2025-08-05,Available,Denmark,Standard,Agency,2026-01-12,18,2025-11-17 13:14:02,2025-11-18 16:13:44,M1,54.674,57.165
6170,2025-08-05,Available,Denmark,Standard,Agency,2026-01-16,18,2025-11-17 13:14:07,2025-11-18 16:13:47,M1,58.734,57.165
6171,2025-08-05,Available,Denmark,Standard,Agency,2026-01-12,18,2025-11-17 13:08:11,2025-11-18 16:13:37,M1,54.672,57.165
6172,2025-08-05,Available,Denmark,Standard,Agency,2025-12-02,17,2025-11-17 13:11:03,2025-11-18 16:14:03,M1,13.914,57.165
6173,2025-08-05,Available,Netherlands,Standard,Direct Sales,2025-12-09,23,2025-11-17 13:15:12,2025-11-17 14:16:31,M1,22.145,56.083
6174,2025-08-05,Available,Denmark,Standard,Agency,2026-01-14,17,,2025-11-25 14:21:33,M1,49.943,64.087
6175,2025-08-05,Available,Netherlands,Standard,Direct Sales,2025-12-25,23,,2025-11-25 13:01:59,M1,30.068,64.032
6176,2025-08-05,Available,Netherlands,Standard,Direct Sales,2025-12-22,23,,2025-11-25 11:39:51,M1,27.216,63.974
6177,2025-08-05,Available,Netherlands,Standard,Direct Sales,2025-12-23,23,,2025-11-25 13:01:55,M1,28.19,64.031
6178,2025-08-05,Available,Denmark,Service,Agency,2026-02-11,17,2025-11-25 15:30:14,2025-12-25 12:46:34,M1,48.134,94.021
6179,2025-08-05,Available,Netherlands,Standard,Direct Sales,2026-01-06,23,2025-11-25 15:33:01,2025-12-25 11:49:19,M1,12.137,93.981
6180,2025-08-05,Available,France,Standard,Direct Sales,2026-01-26,23,2025-11-25 15:33:06,2025-11-26 13:22:27,M1,60.943,65.046
6181,2025-08-05,Available,Netherlands,Standard,Direct Sales,2026-01-09,23,,2025-11-25 13:01:51,M1,45.052,64.031
6182,2025-08-05,Available,Denmark,Service,Agency,2026-02-11,17,,2025-12-19 13:04:40,M1,54.114,63.089
6183,2025-08-05,Available,Denmark,Standard,Agency,2026-01-30,22,2025-12-23 10:32:04,2026-01-16 11:57:53,M1,13.943,91.042
6184,2025-08-05,Available,Denmark,Service,Agency,2026-02-11,17,,2025-12-19 13:04:50,M1,54.118,63.089
6185,2025-08-05,Available,Denmark,Standard,Agency,2026-02-06,18,,2025-12-19 13:04:46,M1,48.916,60.14
6186,2025-08-05,Available,Denmark,Standard,Agency,2026-02-26,22,,2025-12-19 13:35:28,M1,69.034,59.873
6187,2025-10-13,Available,Denmark,Standard,Agency,2026-02-11,22,2026-01-06 17:21:13,2026-01-07 12:01:33,M1,33.957,77.126
6188,2025-08-27,Available,Netherlands,Standard,Direct Sales,2026-04-03,23,2026-03-02 09:20:22,2026-04-01 14:03:05,M2,2.001,160.208
6189,2025-08-27,Available,Netherlands,Standard,Direct Sales,2026-03-06,23,2026-02-13 10:54:29,2026-03-05 13:39:17,M2,1.127,128.189
6190,2025-08-27,Available,Netherlands,Standard,Direct Sales,2026-04-15,24,2026-02-13 10:54:13,2026-03-05 13:39:10,M2,41.033,128.189
6191,2025-08-27,Available,Netherlands,Standard,Direct Sales,2026-04-03,24,2026-02-13 10:54:02,2026-03-05 13:39:10,M2,28.992,127.19
6192,2025-08-05,Available,Denmark,Standard,Agency,2026-02-19,18,2026-01-16 08:38:07,2026-01-20 11:11:48,M2,29.193,78.086
6193,2025-09-05,Available,Denmark,Standard,Agency,2026-03-11,17,2026-01-28 11:05:02,2026-02-03 13:32:36,M2,35.905,92.184
6194,2025-10-13,Available,Netherlands,Standard,Direct Sales,2026-02-06,23,2026-01-16 08:38:13,2026-01-20 11:11:50,M2,16.996,78.086
6195,2025-09-05,Available,Denmark,Standard,Agency,2026-03-20,18,2026-01-28 11:05:08,2026-02-03 13:32:33,M2,44.863,92.184
6196,2025-09-05,Available,Denmark,Business,Agency,2026-03-10,17,2026-01-16 08:38:03,2026-01-20 15:10:53,M2,49.017,76.252
6197,2025-09-05,Available,Denmark,Standard,Agency,2026-03-03,18,2026-01-16 08:38:01,2026-01-20 11:11:50,M2,40.981,76.086
6198,2025-09-05,Available,Denmark,Standard,Agency,2026-03-04,18,2026-01-16 08:38:12,2026-01-20 11:12:03,M2,42.907,75.853
6199,2025-09-05,Available,Denmark,Standard,Agency,2026-02-11,22,2026-01-16 08:38:11,2026-01-20 15:10:57,M2,22.024,75.763
6200,2025-09-05,Available,Denmark,Standard,Agency,2026-03-09,22,2026-01-16 08:38:10,2026-01-20 15:10:56,M2,47.92,76.019
6201,2025-10-13,Available,Belgium,Business,Agency,2026-04-17,20,2026-03-04 12:07:16,2026-03-18 11:24:05,M2,30.106,128.17
6202,2025-10-13,Available,Denmark,Standard,Agency,2026-02-01,18,2026-01-13 08:32:21,2026-01-16 09:58:41,M1,14.14,67.11
6203,2025-10-30,Available,Netherlands,Standard,Direct Sales,2026-03-19,23,2026-02-27 13:22:11,2026-03-03 15:08:23,M2,15.812,109.226
6204,2025-10-30,Available,Denmark,Standard,Agency,2026-03-10,17,,2026-02-27 13:16:39,M2,11.093,81.226
6205,2025-10-30,Available,France,Standard,Direct Sales,2026-03-31,23,2026-02-18 14:52:16,2026-02-20 12:47:31,M2,38.981,74.206
6206,2025-10-30,Available,France,Standard,Direct Sales,2026-04-03,23,2026-02-18 14:52:07,2026-02-20 12:47:30,M2,41.998,74.206
6207,2025-11-28,Available,France,Standard,Direct Sales,2026-04-08,23,2026-03-02 09:17:07,2026-03-11 10:21:31,M2,28.093,76.044
6208,2025-11-28,Available,Belgium,Standard,Agency,2026-03-10,12,2026-03-02 09:17:08,2026-03-02 14:48:09,M2,7.838,66.228
6209,,Available,Netherlands,Standard,Direct Sales,2026-04-09,23,2025-04-30 08:01:20,,M0,,
6210,,Available,Netherlands,Standard,Direct Sales,2025-05-07,23,2025-04-08 14:53:20,,M0,,
6211,,Available,France,Standard,Direct Sales,2025-05-02,23,2025-04-08 14:55:05,,M0,,
6212,,Available,France,Standard,Direct Sales,2025-05-13,23,2025-04-21 10:05:14,,M0,,
6213,,Available,Netherlands,Standard,Direct Sales,2025-05-07,23,2025-04-21 10:04:04,,M0,,
6214,,Available,Netherlands,Standard,Direct Sales,2025-05-07,23,2025-04-21 10:05:03,,M0,,
6215,,Available,Netherlands,Business,Direct Sales,2026-03-12,23,2025-04-21 10:03:18,,M0,,
6216,,Available,Netherlands,Standard,Direct Sales,2025-04-30,23,2025-04-08 14:54:19,,M0,,
6217,,Available,Netherlands,Demo,Direct Sales,2025-08-06,23,2025-04-21 10:02:01,,M0,,
6218,,Available,Netherlands,Standard,Direct Sales,2025-04-29,23,2025-04-08 14:51:18,,M0,,
6219,,Available,Netherlands,Standard,Direct Sales,2025-04-28,23,2025-04-08 14:57:10,,M0,,
6220,,Reserved,Denmark,Business,Agency,2025-05-16,18,2025-04-21 10:02:21,,M0,,
6221,,Available,Netherlands,Standard,Direct Sales,2025-06-06,23,2025-04-08 14:54:04,,M0,,
6222,,Reserved,Denmark,Standard,Agency,2025-07-10,17,2025-04-21 10:03:06,,M0,,
6223,,Available,France,Standard,Direct Sales,2025-05-09,23,2025-04-08 14:57:16,,M0,,
6224,,Available,Netherlands,Standard,Direct Sales,2025-05-21,23,2025-05-05 08:33:15,,M0,,
6225,,Available,Netherlands,Standard,Direct Sales,2025-06-26,23,2025-05-05 08:33:14,,M0,,
6226,,Available,Netherlands,Standard,Direct Sales,2025-06-04,23,2025-05-05 08:37:12,,M0,,
6227,,Available,Netherlands,Standard,Direct Sales,2025-06-06,23,2025-05-05 08:35:11,,M0,,
6228,,Available,Netherlands,Standard,Direct Sales,2025-10-08,23,2025-05-05 08:36:03,,M0,,
6229,,Available,Netherlands,Standard,Direct Sales,2025-05-26,23,2025-05-05 08:32:15,,M0,,
6230,,Available,Netherlands,Standard,Direct Sales,2025-08-29,23,2025-05-05 08:38:11,2025-07-09 07:49:44,M0,51.118,
6231,2025-02-28,Available,Netherlands,Standard,Direct Sales,2025-07-10,23,2025-05-23 14:29:06,,M0,,
6232,2025-02-28,Available,Netherlands,Standard,Direct Sales,2025-06-16,23,2025-05-23 14:31:08,,M0,,
6233,2025-02-28,Available,Netherlands,Standard,Direct Sales,2025-06-20,23,2025-05-23 14:32:21,,M0,,
6234,2025-02-28,Available,Netherlands,Standard,Direct Sales,2025-07-23,23,2025-05-23 14:29:12,,M0,,
6235,2025-02-28,Available,Netherlands,Standard,Direct Sales,2025-08-27,23,2025-05-23 14:30:20,2025-07-22 20:56:53,M0,35.811,
6236,2025-02-28,Available,Netherlands,Standard,Direct Sales,2025-06-19,23,2025-05-23 14:32:06,,M0,,
6237,2025-02-28,Available,Netherlands,Standard,Direct Sales,2025-06-11,23,2025-05-23 14:30:15,,M0,,
6238,2025-03-28,Available,Netherlands,Standard,Direct Sales,2025-07-23,23,2025-06-17 11:23:05,2025-07-03 09:03:28,M0,20.303,
6239,2025-03-28,Available,Netherlands,Standard,Direct Sales,2025-07-30,23,2025-06-17 11:23:23,2025-07-03 09:03:29,M0,27.079,
6240,2025-03-28,Available,Netherlands,Standard,Direct Sales,2025-07-14,23,2025-06-17 11:24:12,,M0,,
6241,2025-03-28,Available,France,Standard,Direct Sales,2025-09-09,23,2025-06-17 11:29:11,,M0,,
6242,2025-03-28,Available,France,Standard,Direct Sales,2025-07-22,23,2025-06-17 11:31:18,,M0,,
6243,2025-03-28,Available,Netherlands,Standard,Direct Sales,2025-08-13,23,2025-06-17 11:27:21,,M0,,
6244,2025-03-28,Available,Netherlands,Standard,Direct Sales,2025-06-24,23,2025-06-17 11:31:13,,M0,,
6245,2025-03-28,Available,Netherlands,Standard,Direct Sales,2025-09-02,23,2025-06-17 11:32:08,,M0,,
6246,2025-03-28,Available,Netherlands,Standard,Direct Sales,2025-07-24,23,2025-06-17 11:28:06,2025-07-03 09:03:29,M0,21.043,
6247,2025-05-02,Available,Netherlands,Standard,Direct Sales,2025-10-23,23,2025-08-04 07:37:17,2025-09-16 12:53:36,M1,37.075,55.124
6248,2025-05-02,Available,Netherlands,Standard,Direct Sales,2025-09-02,23,2025-08-04 07:36:18,2025-08-26 13:28:04,M1,7.14,34.148
6249,2025-05-02,Available,Netherlands,Standard,Direct Sales,2025-10-06,23,2025-08-04 07:34:16,2025-09-02 15:00:16,M1,34.111,41.212
6250,2025-05-02,Available,Denmark,Standard,Agency,2025-10-14,17,2025-08-04 07:33:21,2025-09-05 10:45:21,M1,38.974,44.065
6251,2025-05-02,Available,Denmark,Standard,Agency,2025-12-31,18,2025-08-04 07:34:22,2025-09-05 10:46:08,M1,117.206,44.036
6252,2025-05-02,Available,France,Standard,Direct Sales,2025-09-09,23,2025-08-04 07:33:04,2025-08-11 12:27:24,M1,28.907,19.108
6253,2025-05-02,Available,Netherlands,Standard,Direct Sales,2025-10-20,23,2025-08-04 07:31:22,2025-09-15 14:56:20,M1,34.871,54.209
6254,2025-05-02,Available,Netherlands,Standard,Direct Sales,2025-08-26,23,2025-08-04 07:36:09,2025-08-18 15:54:03,M1,7.932,26.25
6255,2025-05-02,Available,Netherlands,Standard,Direct Sales,2025-08-26,23,2025-08-04 07:36:20,2025-08-11 12:27:22,M1,15.078,19.106
6256,2025-05-02,Available,Netherlands,Standard,Direct Sales,2025-09-04,23,,2025-08-26 16:10:07,M1,9.033,34.258
6257,2025-05-02,Available,Netherlands,Standard,Direct Sales,2025-10-10,23,,2025-08-26 16:10:56,M1,44.796,34.258
6258,2025-06-05,Available,Denmark,Standard,Agency,2025-09-16,22,,2025-08-26 16:06:01,M1,20.689,34.255
6259,2025-06-05,Available,Denmark,Standard,Agency,2025-09-29,17,2025-08-27 10:38:02,2025-09-03 14:15:29,M1,25.819,42.178
6260,2025-06-05,Available,Denmark,Standard,Agency,2025-10-15,17,2025-08-27 10:39:16,2025-09-03 14:15:24,M1,41.805,42.178
6261,2025-06-05,Available,Denmark,Standard,Agency,2025-10-14,22,2025-08-27 10:41:22,2025-09-17 11:56:18,M1,27.02,56.081
6262,2025-06-05,Available,Netherlands,Standard,Direct Sales,2025-12-02,23,2025-09-23 09:58:09,2025-09-24 13:46:32,M1,69.047,54.935
6263,2025-06-05,Available,Denmark,Standard,Agency,2025-10-17,17,,2025-09-19 09:31:51,M1,28.238,49.758
6264,2025-06-05,Available,Netherlands,Standard,Direct Sales,2025-09-18,23,2025-08-27 10:40:14,2025-09-05 12:46:03,M1,12.956,44.116
6265,2025-06-05,Available,Denmark,Standard,Agency,2025-10-14,17,,2025-09-19 09:33:19,M1,24.987,49.759
6266,2025-06-05,Available,Denmark,Standard,Agency,2025-10-28,18,,2025-09-19 09:33:29,M1,39.169,49.759
6267,2025-06-05,Available,Denmark,Standard,Agency,2025-12-09,18,,2025-09-19 09:33:26,M1,81.017,49.759
6268,2025-06-05,Available,Denmark,Standard,Agency,2025-10-22,18,,2025-09-19 09:31:47,M1,32.961,49.758
6269,2025-06-05,Available,Denmark,Standard,Agency,2025-10-14,17,,2025-09-19 09:31:44,M1,25.163,49.758
6270,2025-06-02,Available,Netherlands,Standard,Direct Sales,2025-10-10,23,,2025-09-19 09:33:26,M1,21.244,
6271,2025-06-26,Available,Netherlands,Standard,Direct Sales,2025-10-27,23,2025-10-15 11:52:11,2025-10-16 11:36:54,M1,11.157,
6272,2025-06-26,Available,Denmark,Demo,Agency,2026-01-16,18,2025-10-27 11:33:21,2025-11-03 16:38:49,M1,73.882,56.044
6273,2025-06-26,Available,Denmark,Standard,Agency,2025-12-25,17,2025-10-15 11:54:15,2025-10-16 11:37:31,M1,70.35,49.07
6274,2025-06-26,Available,Netherlands,Standard,Direct Sales,2025-11-03,23,2025-10-15 11:52:11,2025-10-16 11:36:53,M1,18.135,
6275,2025-06-26,Available,Denmark,Standard,Agency,2025-11-17,17,2025-10-15 11:54:13,2025-10-16 11:37:30,M1,32.222,49.07
6276,2025-06-26,Available,Netherlands,Standard,Direct Sales,2025-11-07,23,2025-10-27 11:33:21,2025-11-03 16:38:49,M1,4.002,56.044
6277,2025-06-26,Available,Denmark,Standard,Agency,2025-11-05,18,2025-10-15 11:52:01,2025-10-16 11:36:47,M1,19.985,49.072
6278,2025-06-26,Available,Denmark,Standard,Agency,2025-12-01,18,2025-10-27 11:31:02,2025-11-03 16:38:28,M1,27.678,56.044
6279,2025-08-05,Available,Denmark,Standard,Agency,2026-01-20,22,2025-10-27 11:24:09,2026-01-02 13:34:39,M1,18.15,115.916
6280,2025-06-26,Available,Netherlands,Standard,Direct Sales,2025-11-24,23,2025-11-03 10:46:20,2025-11-11 14:30:17,M1,13.041,67.206
6281,2025-06-26,Available,Netherlands,Standard,Direct Sales,2025-11-14,23,2025-10-27 11:33:15,2025-10-30 11:53:33,M1,15.181,
6282,2025-06-26,Available,Netherlands,Standard,Direct Sales,2025-11-26,23,2025-11-03 10:47:10,2025-11-11 10:39:11,M1,15.321,67.046
6283,2025-06-26,Available,Slovenia,Standard,Agency,2026-03-05,21,2025-10-27 11:31:22,2025-11-03 16:38:51,M1,121.908,59.104
6284,2025-08-05,Available,Denmark,Standard,Agency,2026-01-02,18,2025-10-27 11:24:00,2025-11-03 16:38:26,M1,59.72,56.044
6285,2025-08-05,Available,Denmark,Standard,Agency,2026-01-14,22,2025-10-27 11:30:16,2025-12-25 12:46:34,M1,19.969,107.883
6286,2025-08-05,Available,Denmark,Standard,Agency,2026-01-16,22,2025-11-03 10:50:03,2026-01-02 13:34:40,M1,14.073,119.167
6287,2025-08-05,Available,Denmark,Standard,Agency,2026-04-03,17,2025-11-17 13:09:14,2026-03-25 10:55:29,M1,9.17,191.098
6288,2025-08-05,Available,Denmark,Standard,Agency,2026-01-09,17,2025-11-17 13:15:21,2025-12-25 12:46:32,M1,14.891,101.175
6289,2025-08-05,Available,Netherlands,Standard,Direct Sales,2025-12-02,23,2025-11-17 13:10:07,2025-11-18 16:13:55,M1,14.139,64.319
6290,2025-08-05,Available,Netherlands,Standard,Direct Sales,2025-12-08,23,2025-11-17 13:08:04,2025-11-17 14:14:26,M1,21.15,63.236
6291,2025-08-05,Available,Denmark,Standard,Agency,2026-03-06,18,2025-11-17 13:13:17,2025-12-25 12:46:33,M1,71.07,101.175
6292,2025-08-05,Available,Netherlands,Standard,Direct Sales,2025-11-28,23,2025-11-17 13:17:18,2025-11-17 14:18:47,M1,11.066,63.239
6293,2025-08-05,Available,Denmark,Standard,Agency,2026-04-10,18,2025-11-17 13:15:03,2025-12-25 12:46:36,M1,105.846,101.175
6294,2025-08-05,Available,Netherlands,Standard,Direct Sales,2025-12-08,23,2025-11-17 13:13:13,2025-11-17 14:14:31,M1,21.067,63.236
6295,2025-08-05,Available,Denmark,Standard,Agency,2026-03-10,17,2025-11-17 13:14:06,2025-11-17 14:18:37,M1,113.036,63.239
6296,2025-08-05,Available,Netherlands,Standard,Direct Sales,2025-11-28,23,2025-11-17 13:15:01,2025-11-17 14:18:47,M1,11.12,63.239
6297,2025-08-05,Available,Denmark,Standard,Agency,2026-04-17,18,2025-11-17 13:09:08,2025-12-25 12:46:39,M1,113.05,101.175
6298,2025-08-05,Available,Netherlands,Standard,Direct Sales,2026-01-09,23,2025-11-17 13:11:02,2025-11-17 14:14:33,M1,53.0,63.236
6299,2025-08-05,Available,Netherlands,Standard,Direct Sales,2026-01-09,23,2025-11-17 13:11:12,2025-11-17 14:14:28,M1,52.999,63.236
6300,2025-08-05,Available,Netherlands,Standard,Direct Sales,2026-01-09,23,2025-11-17 13:12:12,2025-11-17 14:14:33,M1,52.998,63.236
6301,2025-08-05,Available,Netherlands,Standard,Direct Sales,2026-01-09,23,2025-11-17 13:11:04,2025-11-17 14:14:24,M1,52.996,63.236
6302,2025-08-05,Available,Netherlands,Standard,Direct Sales,2025-11-27,23,2025-11-17 13:10:14,2025-11-17 14:14:31,M1,10.091,63.236
6303,2025-08-05,Available,Netherlands,Standard,Direct Sales,2026-01-09,23,2025-11-17 13:12:01,2025-11-17 14:14:25,M1,52.987,56.082
6304,2025-08-05,Available,Netherlands,Standard,Direct Sales,2025-12-19,23,2025-11-17 13:10:24,2025-11-17 14:14:32,M1,32.127,56.082
6305,2025-08-05,Available,Netherlands,Standard,Direct Sales,2025-12-17,23,2025-11-17 13:16:09,2025-11-28 16:39:55,M1,18.734,67.183
6306,2025-08-05,Available,Netherlands,Standard,Direct Sales,2025-12-01,23,2025-11-17 13:14:18,2025-11-18 16:13:50,M1,13.017,57.165
6307,2025-08-05,Available,Denmark,Standard,Agency,2026-02-20,17,2025-11-25 15:32:24,2025-12-25 12:46:37,M1,56.978,94.021
6308,2025-08-05,Available,Denmark,Standard,Agency,2025-12-26,17,,2025-11-25 14:21:29,M1,31.021,64.087
6309,2025-08-05,Available,Denmark,Standard,Agency,2026-02-10,17,2025-11-25 15:30:21,2025-12-25 12:46:36,M1,47.148,94.021
6310,2025-08-05,Available,Denmark,Service,Agency,2026-02-11,17,2025-11-25 15:32:01,2025-12-25 12:46:27,M1,48.125,94.021
6311,2025-08-05,Available,Belgium,Business,Agency,2026-01-20,14,2025-12-23 10:36:25,2026-01-13 14:01:41,M1,11.061,88.128
6312,2025-08-05,Available,Denmark,Standard,Agency,2026-01-27,17,,2025-12-19 13:35:17,M1,39.045,63.11
6313,2025-08-05,Available,Denmark,Standard,Agency,2026-01-09,17,,2025-12-19 13:04:47,M1,20.962,63.089
6314,2025-08-05,Available,Denmark,Standard,Agency,2026-04-03,17,,2025-12-19 13:35:18,M1,105.094,63.11
6315,2025-09-05,Available,Denmark,Standard,Agency,2026-03-10,18,2026-01-06 17:21:03,2026-01-09 13:05:59,M1,58.924,79.171
6316,2025-08-27,Available,Netherlands,Standard,Direct Sales,2026-03-09,23,2026-02-13 10:54:21,2026-03-05 13:39:05,M2,4.028,127.19
6317,2025-08-05,Available,Netherlands,Standard,Direct Sales,2026-03-13,24,2026-01-16 08:38:16,2026-03-05 13:39:16,M2,7.978,122.188
6318,2025-10-13,Available,Netherlands,Standard,Direct Sales,2026-02-03,23,2026-01-16 08:38:05,2026-01-20 11:12:02,M2,14.347,78.086
6319,2025-10-13,Available,Netherlands,Standard,Direct Sales,2026-02-04,23,2026-01-16 08:38:12,2026-01-20 11:12:02,M2,15.244,78.086
6320,2025-09-05,Available,Belgium,Standard,Agency,2026-01-30,20,2026-01-13 08:32:13,2026-01-14 12:00:17,M1,15.936,72.119
6321,2025-09-05,Available,Denmark,Standard,Agency,2026-04-09,22,2026-01-16 08:38:23,2026-01-20 15:10:54,M2,78.807,76.252
6322,2025-09-05,Available,Denmark,Standard,Agency,2026-04-01,22,2026-01-16 08:38:13,2026-01-20 15:10:56,M2,70.954,76.252
6323,2025-09-05,Available,Denmark,Standard,Agency,2026-04-09,17,2026-01-16 08:38:01,2026-01-20 11:11:54,M2,79.211,76.086
6324,2025-09-05,Available,Netherlands,Standard,Direct Sales,2026-02-19,23,2026-01-16 08:38:19,2026-02-11 08:59:46,M2,8.369,97.695
6325,2025-09-05,Available,Netherlands,Standard,Direct Sales,2026-03-06,23,2026-01-16 08:38:17,2026-02-11 09:05:47,M2,23.336,97.765
6326,2025-09-05,Available,Netherlands,Standard,Direct Sales,2026-02-03,23,2026-01-16 08:38:19,2026-01-20 11:12:06,M2,14.344,75.853
6327,2025-09-05,Available,Germany,Standard,Direct Sales,2026-03-19,23,2026-01-16 08:38:07,2026-02-25 11:46:50,M2,21.981,111.877
6328,2025-10-13,Available,Denmark,Standard,Agency,2026-02-19,22,2026-01-13 08:32:11,2026-01-20 11:11:57,M1,30.072,71.161
6329,2025-10-13,Available,France,Standard,Direct Sales,2026-03-17,23,2026-01-13 08:32:03,2026-02-04 08:16:04,M1,41.317,86.039
6330,2025-10-13,Available,Belgium,Standard,Agency,2026-02-28,20,2026-01-13 08:32:25,2026-01-16 15:18:00,M1,41.919,64.205
6331,2025-10-13,Available,Netherlands,Standard,Direct Sales,2026-01-29,23,2026-01-13 08:32:06,2026-01-14 10:56:48,M1,15.201,62.023
6332,2025-10-30,Available,Netherlands,Standard,Direct Sales,2026-04-09,23,2026-02-27 13:22:05,2026-04-03 11:56:58,M2,5.934,116.171
6333,2025-11-28,Available,Denmark,Standard,Agency,2026-03-17,17,2026-03-02 09:18:28,2026-03-02 14:40:50,M2,14.899,70.244
6334,2025-11-28,Available,France,Standard,Direct Sales,2026-04-16,23,2026-03-02 09:21:15,2026-03-11 10:21:35,M2,36.201,77.991
6335,2025-11-28,Available,Belgium,Standard,Agency,2026-04-15,12,2026-03-02 09:19:39,2026-03-02 14:48:13,M2,44.044,68.14
6336,2025-11-28,Available,Belgium,Standard,Agency,2026-04-17,26,2026-03-02 09:18:22,2026-03-04 16:16:01,M2,40.656,69.29
6337,2025-11-28,Available,Belgium,Standard,Agency,2026-04-17,20,2026-03-02 09:18:30,2026-03-02 14:47:57,M2,44.921,66.963
6338,,Available,France,Standard,Direct Sales,2025-04-25,23,2025-04-08 14:54:17,,M0,,
6339,,Available,France,Standard,Direct Sales,2025-05-19,23,2025-04-08 14:52:22,,M0,,
6340,,Available,Netherlands,Standard,Direct Sales,2025-05-30,23,2025-04-08 14:55:02,,M0,,
6341,,Available,Netherlands,Standard,Direct Sales,2025-05-05,23,2025-04-08 14:55:20,,M0,,
6342,,Available,France,Standard,Direct Sales,2025-05-20,23,2025-04-21 10:02:08,,M0,,
6343,,Available,France,Standard,Direct Sales,2025-06-09,23,2025-04-08 14:50:17,,M0,,
6344,,Available,France,Standard,Direct Sales,2025-05-13,23,2025-04-08 14:51:03,,M0,,
6345,,Available,France,Standard,Direct Sales,2025-05-05,23,2025-04-08 14:53:17,,M0,,
6346,,Available,Denmark,Standard,Agency,2025-08-12,17,2025-04-21 10:03:04,,M0,,
6347,,Available,France,Standard,Direct Sales,2025-05-15,23,2025-04-21 10:04:06,,M0,,
6348,,Available,France,Standard,Direct Sales,2025-05-22,23,2025-04-21 10:02:05,,M0,,
6349,,Available,Netherlands,Standard,Direct Sales,2025-05-29,23,2025-05-05 08:35:04,,M0,,
6350,,Available,Netherlands,Standard,Direct Sales,2025-05-23,23,2025-05-05 08:33:11,,M0,,
6351,,Available,Netherlands,Standard,Direct Sales,2025-06-04,23,2025-05-05 08:33:07,,M0,,
6352,,Available,Netherlands,Standard,Direct Sales,2025-06-25,23,2025-05-05 08:36:14,,M0,,
6353,,Available,Netherlands,Standard,Direct Sales,2025-08-11,23,2025-05-05 08:37:07,2025-07-22 14:14:26,M0,20.025,
6354,,Available,Netherlands,Standard,Direct Sales,2025-10-06,23,2025-05-05 08:36:01,2025-08-25 09:28:26,M0,42.28,32.982
6355,,Available,Netherlands,Standard,Direct Sales,2025-11-24,23,2025-05-05 08:38:18,2025-11-07 13:23:26,M0,17.014,107.145
6356,,Available,Netherlands,Standard,Direct Sales,2025-06-04,23,2025-05-05 08:35:01,,M0,,
6357,2025-02-28,Available,Netherlands,Standard,Direct Sales,2025-06-09,23,2025-05-23 14:31:22,,M0,,
6358,2025-02-28,Available,Netherlands,Standard,Direct Sales,2025-06-13,23,2025-05-23 14:29:21,,M0,,
6359,2025-02-28,Available,Netherlands,Standard,Direct Sales,2025-06-11,23,2025-05-23 14:30:02,,M0,,
6360,2025-02-28,Available,Netherlands,Standard,Direct Sales,2025-06-16,23,2025-05-23 14:29:22,,M0,,
6361,2025-02-28,Available,France,Standard,Direct Sales,2025-06-09,23,2025-05-23 14:31:04,,M0,,
6362,2025-02-28,Available,Netherlands,Standard,Direct Sales,2025-07-10,23,2025-05-23 14:30:13,,M0,,
6363,2025-02-28,Available,France,Standard,Direct Sales,2025-06-09,23,2025-05-23 14:31:18,,M0,,
6364,2025-02-28,Available,Netherlands,Standard,Direct Sales,2025-06-11,23,2025-05-23 14:29:18,,M0,,
6365,2025-02-28,Available,Netherlands,Standard,Direct Sales,2025-08-05,23,2025-05-23 14:31:06,2025-07-21 10:40:22,M0,15.255,
6366,2025-03-28,Available,Netherlands,Standard,Direct Sales,2025-07-02,23,2025-06-17 11:31:05,,M0,,
6367,2025-03-28,Available,Netherlands,Standard,Direct Sales,2025-07-07,23,2025-06-17 11:32:18,,M0,,
6368,2025-03-28,Available,Netherlands,Standard,Direct Sales,2025-08-07,23,2025-06-17 11:31:01,,M0,,
6369,2025-03-28,Available,Netherlands,Standard,Direct Sales,2025-07-08,23,2025-06-17 11:27:07,,M0,,
6370,2025-03-28,Available,Netherlands,Standard,Direct Sales,2025-07-03,23,2025-06-17 11:26:14,,M0,,
6371,2025-03-28,Available,Netherlands,Standard,Direct Sales,2025-08-08,23,2025-06-17 11:28:08,2025-07-22 12:06:46,M0,17.146,
6372,2025-03-28,Available,Netherlands,Standard,Direct Sales,2025-07-04,23,2025-06-17 11:29:19,,M0,,
6373,2025-03-28,Available,Netherlands,Standard,Direct Sales,2025-07-21,23,2025-06-17 11:28:20,,M0,,
6374,2025-03-28,Available,Netherlands,Standard,Direct Sales,2025-08-07,23,2025-07-07 11:39:21,2025-07-23 10:08:47,M0,15.278,
6375,2025-05-02,Available,Netherlands,Standard,Direct Sales,2025-08-19,23,2025-08-04 07:37:13,2025-08-07 10:32:53,M1,12.264,15.026
6376,2025-05-02,Available,Netherlands,Standard,Direct Sales,2025-08-29,23,2025-08-04 07:36:16,2025-08-21 12:33:23,M1,8.176,29.11
6377,2025-05-02,Available,Denmark,Standard,Agency,2025-09-12,17,2025-08-04 07:34:01,2025-08-18 15:52:07,M1,24.725,26.248
6378,2025-05-02,Available,Netherlands,Standard,Direct Sales,2025-10-17,23,2025-08-04 07:37:12,2025-09-15 14:56:21,M1,31.942,54.209
6379,2025-05-02,Reserved,Belgium,Standard,Agency,2026-02-20,26,2025-08-04 07:32:06,2025-08-28 14:29:25,M1,176.028,36.22
6380,2025-05-02,Available,Denmark,Standard,Agency,2025-09-09,17,2025-08-04 07:35:11,2025-08-18 15:52:06,M1,21.958,26.248
6381,2025-05-02,Available,Denmark,Standard,Agency,2025-09-10,22,2025-08-04 07:30:21,2025-08-25 10:50:13,M1,16.023,33.04
6382,2025-05-02,Reserved,Belgium,Standard,Agency,2025-11-14,20,2025-08-04 07:35:02,2025-08-28 14:29:28,M1,78.12,36.191
6383,2025-05-02,Available,Belgium,Standard,Agency,2025-11-14,20,2025-08-04 07:31:13,2025-08-26 13:25:43,M1,78.099,34.176
6384,2025-05-02,Available,Denmark,Standard,Agency,2025-10-24,17,2025-08-27 10:41:15,2025-10-03 13:20:57,M1,20.866,72.14
6385,2025-05-02,Available,Netherlands,Standard,Direct Sales,2025-09-25,23,,2025-08-26 16:10:05,M1,30.014,34.258
6386,2025-05-02,Available,Denmark,Standard,Agency,2025-11-28,17,2025-08-27 10:38:02,2025-10-10 09:45:15,M1,49.305,78.99
6387,2025-05-02,Available,Denmark,Standard,Agency,2025-09-25,22,2025-08-27 10:42:06,2025-09-02 15:00:21,M1,22.997,41.209
6388,2025-05-02,Available,Denmark,Standard,Agency,2025-09-25,22,2025-08-27 10:42:18,2025-09-02 15:00:13,M1,22.739,41.209
6389,2025-06-05,Available,Denmark,Standard,Agency,2025-11-05,18,2025-09-23 09:58:02,2025-09-29 11:54:37,M1,36.903,59.857
6390,2025-06-05,Available,Netherlands,Standard,Direct Sales,2025-10-23,23,2025-09-23 09:58:17,2025-09-24 08:40:43,M1,29.251,54.722
6391,2025-06-05,Available,Denmark,Standard,Agency,2025-09-17,18,,2025-08-26 16:06:05,M1,21.746,34.255
6392,2025-06-05,Available,Netherlands,Standard,Direct Sales,2025-09-18,23,2025-08-27 10:37:24,2025-09-08 07:33:36,M1,10.393,46.899
6393,2025-06-05,Available,Denmark,Standard,Agency,2025-09-19,22,2025-08-27 10:43:06,2025-09-02 15:00:27,M1,16.857,41.209
6394,2025-06-05,Available,Denmark,Standard,Agency,2025-10-17,22,2025-08-27 10:37:15,2025-09-17 11:56:21,M1,30.131,56.082
6395,2025-06-05,Available,Denmark,Standard,Agency,2025-11-10,18,,2025-09-19 09:33:21,M1,52.119,49.759
6396,2025-06-05,Available,Denmark,Standard,Agency,2025-10-28,18,,2025-09-19 09:33:24,M1,39.06,49.759
6397,2025-06-05,Available,Denmark,Standard,Agency,2025-11-11,22,2025-08-27 10:39:02,2025-09-17 11:56:21,M1,54.218,56.082
6398,2025-06-05,Available,Netherlands,Standard,Direct Sales,2025-10-02,23,,2025-09-19 09:31:43,M1,13.116,49.758
6399,2025-06-05,Available,Denmark,Standard,Agency,2025-12-15,18,,2025-09-19 09:31:56,M1,109.231,49.758
6400,2025-06-05,Available,Denmark,Standard,Agency,2025-10-10,18,,2025-09-19 09:33:24,M1,21.029,49.759
6401,2025-06-05,Available,Denmark,Standard,Agency,2025-10-10,18,,2025-09-19 09:31:52,M1,21.009,49.758
6402,2025-06-05,Available,Denmark,Standard,Agency,2025-10-28,18,,2025-09-19 09:32:01,M1,38.99,49.758
6403,2025-06-02,Available,Denmark,Standard,Agency,2025-11-07,18,,2025-09-19 09:33:19,M1,49.006,49.759
6404,2025-06-02,Available,Denmark,Standard,Agency,2025-11-07,17,,2025-09-19 09:33:24,M1,49.289,49.759
6405,2025-06-02,Available,Netherlands,Standard,Direct Sales,2025-10-28,23,2025-09-23 09:58:21,2025-09-24 13:46:30,M1,34.124,
6406,2025-06-02,Available,Denmark,Standard,Agency,2025-11-26,17,,2025-09-19 09:33:31,M1,74.161,49.759
6407,2025-06-02,Available,Denmark,Standard,Agency,2025-12-02,17,,2025-09-19 09:33:22,M1,74.228,49.759
6408,2025-06-26,Available,Denmark,Standard,Agency,2025-11-05,18,2025-10-15 11:53:19,2025-10-16 11:37:16,M1,20.114,49.094
6409,2025-06-26,Available,Denmark,Standard,Agency,2025-11-03,17,2025-10-15 11:52:02,2025-10-16 11:36:47,M1,18.113,49.09
6410,2025-06-26,Available,Denmark,Standard,Agency,2025-11-24,22,2025-10-27 11:33:19,2025-11-03 16:38:38,M1,20.715,56.044
6411,2025-06-26,Available,Denmark,Standard,Agency,2025-11-13,17,2025-10-15 11:55:11,2025-10-16 11:36:57,M1,27.901,49.074
6412,2025-06-26,Available,Netherlands,Standard,Direct Sales,2025-10-31,23,2025-10-15 11:55:05,2025-10-16 11:36:53,M1,15.03,
6413,2025-06-26,Available,Netherlands,Standard,Direct Sales,2025-11-12,23,2025-10-15 11:57:01,2025-10-29 16:23:00,M1,14.037,
6414,2025-08-05,Available,Denmark,Standard,Agency,2026-03-10,18,2025-10-27 11:29:05,2025-12-25 12:46:29,M1,75.124,107.883
6415,2025-08-05,Available,Denmark,Standard,Agency,2026-01-30,22,2025-10-27 11:29:02,2025-11-03 16:38:38,M1,87.948,56.044
6416,2025-08-05,Available,Denmark,Standard,Agency,2025-12-18,18,2025-10-27 11:25:03,2025-11-03 16:38:50,M1,44.718,56.044
6417,2025-08-05,Available,Denmark,Standard,Agency,2026-01-15,17,2025-10-27 11:25:01,2025-11-03 16:38:48,M1,72.793,56.044
6418,2025-06-26,Available,Netherlands,Standard,Direct Sales,2025-10-29,23,2025-10-15 11:55:23,2025-10-16 11:37:09,M1,13.217,
6419,2025-08-05,Available,Denmark,Standard,Agency,2026-03-10,18,2025-10-27 11:25:08,2025-12-25 12:46:39,M1,74.857,107.883
6420,2025-08-05,Available,Denmark,Standard,Agency,2025-11-27,18,2025-10-27 11:25:02,2025-11-03 16:38:49,M1,23.698,56.044
6421,2025-06-26,Available,Denmark,Standard,Agency,2025-11-21,18,2025-10-27 11:31:15,2025-11-03 16:38:36,M1,17.89,56.044
6422,2025-06-26,Available,Denmark,Standard,Agency,2025-11-26,18,2025-10-27 11:31:14,2025-11-03 16:38:47,M1,21.98,56.044
6423,2025-06-26,Available,Netherlands,Standard,Direct Sales,2025-11-20,23,2025-10-27 11:33:13,2025-11-04 16:21:13,M1,15.906,
6424,2025-08-05,Available,Denmark,Demo,Agency,2026-02-16,18,2025-11-03 10:46:14,2026-01-02 09:37:17,M1,45.311,119.003
6425,2025-06-26,Available,Denmark,Service,Agency,2026-02-11,17,2025-10-15 11:52:07,2025-10-16 11:36:52,M1,118.179,49.072
6426,2025-06-26,Available,Denmark,Standard,Agency,2025-11-19,17,2025-10-27 11:31:20,2025-11-03 16:38:50,M1,15.96,56.044
6427,2025-06-26,Available,Netherlands,Standard,Direct Sales,2025-11-14,23,2025-10-27 11:31:21,2025-10-29 10:48:26,M1,16.222,
6428,2025-08-05,Available,Denmark,Standard,Agency,2025-12-02,17,2025-10-27 11:24:04,2025-11-03 16:38:32,M1,28.8,56.044
6429,2025-08-05,Available,Denmark,Standard,Agency,2026-02-06,17,2025-10-27 11:24:06,2026-01-02 13:33:41,M1,34.979,115.916
6430,2025-08-05,Available,Denmark,Standard,Agency,2026-02-06,17,2025-11-03 10:47:12,2026-01-02 13:33:42,M1,34.942,119.167
6431,2025-06-26,Available,Belgium,Standard,Agency,2025-11-28,20,2025-11-03 10:47:06,2025-11-11 14:30:15,M1,15.982,67.206
6432,2025-08-05,Available,Denmark,Standard,Agency,2025-12-09,18,2025-11-17 13:14:21,2025-11-18 16:13:51,M1,20.938,64.319
6433,2025-08-05,Available,Netherlands,Standard,Direct Sales,2025-12-09,23,2025-11-17 13:11:18,2025-11-17 14:16:39,M1,22.143,63.237
6434,2025-08-05,Available,France,Standard,Direct Sales,2026-01-09,23,2025-11-17 13:11:23,2025-11-17 14:18:37,M1,52.893,63.238
6435,2025-08-05,Available,Denmark,Standard,Agency,2026-02-11,18,2025-11-17 13:11:02,2025-12-25 12:46:33,M1,48.087,101.175
6436,2025-08-05,Available,Denmark,Standard,Agency,2026-01-19,17,2025-11-17 13:15:11,2025-12-25 12:46:27,M1,24.948,101.174
6437,2025-08-05,Available,Netherlands,Standard,Direct Sales,2025-12-10,23,2025-11-17 13:17:01,2025-11-18 16:33:42,M1,21.881,64.332
6438,2025-08-05,Available,Netherlands,Standard,Direct Sales,2025-11-28,23,2025-11-17 13:17:18,2025-11-17 14:16:36,M1,11.12,63.237
6439,2025-08-05,Available,Netherlands,Standard,Direct Sales,2025-12-02,23,2025-11-17 13:16:17,2025-11-18 16:14:11,M1,14.075,64.319
6440,2025-08-05,Available,Netherlands,Standard,Direct Sales,2025-12-16,23,2025-11-17 13:14:00,2025-11-28 16:39:57,M1,17.715,74.337
6441,2025-08-05,Available,France,Standard,Direct Sales,2026-01-08,23,2025-11-17 13:16:08,2025-12-01 11:07:32,M1,38.211,69.952
6442,2025-08-05,Available,Netherlands,Standard,Direct Sales,2026-01-09,23,,2025-11-25 11:39:47,M1,45.097,63.974
6443,2025-08-05,Available,Netherlands,Standard,Direct Sales,2025-12-26,23,,2025-11-25 13:01:57,M1,31.199,64.031
6444,2025-08-05,Available,Netherlands,Standard,Direct Sales,2026-01-09,23,,2025-11-25 13:01:52,M1,45.038,64.031
6445,2025-08-05,Available,Denmark,Service,Agency,2026-02-11,17,2025-11-25 15:32:16,2025-12-25 12:46:32,M1,48.141,94.021
6446,2025-08-05,Available,Denmark,Standard,Agency,2026-02-09,17,,2025-11-25 14:21:32,M1,75.784,64.087
6447,2025-08-05,Available,Denmark,Standard,Agency,2026-02-11,22,2026-01-06 17:21:15,2026-01-07 12:01:36,M1,34.868,82.045
6448,2025-08-05,Available,Denmark,Standard,Agency,2026-02-03,18,2025-12-23 10:29:21,2025-12-25 12:46:35,M1,39.109,69.076
6449,2025-08-05,Available,Belgium,Standard,Agency,2026-01-23,20,,2025-12-19 13:04:43,M1,35.149,63.089
6450,2025-08-05,Available,Denmark,Standard,Agency,2026-02-11,22,2025-12-23 10:29:16,2026-01-02 09:37:20,M1,39.963,76.945
6451,2025-08-05,Available,Denmark,Standard,Agency,2026-03-09,17,2025-12-23 10:36:24,2026-01-20 11:12:07,M1,48.134,92.062
6452,2025-08-05,Available,Denmark,Standard,Agency,2026-01-11,22,,2025-12-19 13:35:29,M1,41.055,59.873
6453,2025-08-05,Available,Denmark,Standard,Agency,2026-02-09,17,,2025-12-19 13:04:45,M1,52.084,59.852
6454,2025-08-27,Available,Netherlands,Standard,Direct Sales,2026-04-09,23,2026-03-02 09:20:25,2026-04-01 08:18:07,M2,8.284,159.968
6455,2025-08-05,Available,Netherlands,Standard,Direct Sales,2026-02-04,23,2026-01-16 08:38:05,2026-01-20 11:12:04,M2,15.246,78.086
6456,2025-09-05,Available,Denmark,Standard,Agency,2026-02-06,22,2026-01-28 11:05:08,2026-02-05 09:25:55,M2,1.173,94.012
6457,2025-08-05,Available,Denmark,Standard,Agency,2026-04-02,18,2026-01-16 08:38:14,2026-01-20 11:11:51,M2,72.054,78.086
6458,2025-09-05,Available,Netherlands,Standard,Direct Sales,2026-02-05,23,2026-01-16 08:38:19,2026-01-22 10:30:54,M2,14.212,80.057
6459,2025-09-05,Available,Denmark,Standard,Agency,2026-03-10,17,2026-01-16 08:38:22,2026-01-20 15:11:00,M2,49.006,76.252
6460,2025-09-05,Available,Netherlands,Standard,Direct Sales,2026-02-03,23,2026-01-16 08:38:17,2026-01-20 11:12:00,M2,14.351,76.086
6461,2025-09-05,Available,Netherlands,Standard,Direct Sales,2026-02-10,23,2026-01-16 08:38:17,2026-01-26 14:01:52,M2,15.05,81.971
6462,2025-09-05,Available,Netherlands,Standard,Direct Sales,2026-02-04,23,2026-01-16 08:38:21,2026-01-20 11:11:54,M2,15.245,75.853
6463,2025-09-05,Available,Netherlands,Standard,Direct Sales,2026-02-26,23,2026-01-16 08:38:26,2026-01-22 11:57:11,M2,35.088,77.884
6464,2025-09-05,Available,Denmark,Standard,Agency,2026-02-11,22,2026-01-16 08:38:01,2026-01-20 15:10:54,M2,21.733,76.019
6465,2025-09-05,Available,Denmark,Standard,Agency,2026-02-11,22,2026-01-16 08:38:09,2026-01-20 15:11:01,M2,21.739,71.327
6466,2025-10-13,Available,Belgium,Standard,Agency,2026-04-17,14,2026-03-04 12:07:08,2026-03-25 10:59:31,M2,22.865,135.153
6467,2025-10-13,Available,Netherlands,Standard,Direct Sales,2026-02-03,23,2026-01-13 08:32:54,2026-01-14 10:56:50,M1,20.2,62.023
6468,2025-10-13,Available,Belgium,Standard,Agency,2026-04-17,20,2026-03-04 12:09:10,2026-03-18 11:24:00,M2,29.858,124.07
6469,2025-10-30,Available,France,Standard,Direct Sales,2026-04-08,23,2026-03-02 09:20:29,2026-03-11 10:21:24,M2,28.141,117.027
6470,2025-10-30,Available,Netherlands,Standard,Direct Sales,2026-04-03,24,2026-02-18 14:52:14,2026-02-25 11:46:53,M2,37.193,79.164
6471,2025-10-30,Available,Netherlands,Standard,Direct Sales,2026-03-10,24,2026-02-18 14:52:14,2026-02-25 11:46:53,M2,13.14,79.164
6472,2025-10-30,Available,Netherlands,Standard,Direct Sales,2026-03-25,23,2026-02-27 13:25:10,2026-03-12 13:12:49,M2,12.995,93.159
6473,2025-10-30,Available,France,Standard,Direct Sales,2026-04-08,23,2026-02-27 13:23:17,2026-03-18 09:03:40,M2,21.239,98.986
6474,2025-10-30,Available,Belgium,Standard,Agency,2026-03-10,20,2026-03-02 09:20:27,2026-03-02 15:28:09,M2,7.97,83.253
6475,2025-10-30,Available,Netherlands,Standard,Direct Sales,2026-03-03,23,2026-02-18 14:52:04,2026-02-25 11:46:52,M2,6.192,78.1
6476,2025-10-30,Available,Denmark,Standard,Agency,2026-03-10,22,,2026-02-27 13:16:32,M2,10.798,74.169
6477,2025-10-30,Available,Denmark,Standard,Agency,2026-03-10,22,,2026-02-27 13:16:38,M2,10.996,74.169
6478,2025-11-28,Available,Belgium,Standard,Agency,2026-03-27,12,2026-03-02 09:17:25,2026-03-02 14:48:04,M2,25.03,67.229
6479,2025-11-28,Available,Belgium,Standard,Agency,2026-03-10,12,2026-03-02 09:19:41,2026-03-02 14:48:01,M2,7.762,67.229
6480,2025-11-28,Available,Belgium,Standard,Agency,2026-04-03,14,2026-03-02 09:17:21,2026-03-02 14:48:12,M2,31.012,67.23
6481,2025-11-28,Available,Belgium,Standard,Agency,2026-04-03,20,2026-03-02 09:18:20,2026-03-02 14:48:00,M2,31.898,67.229
6482,2025-11-28,Available,Belgium,Standard,Agency,2026-03-20,2,2026-03-02 09:17:01,2026-03-02 14:47:56,M2,17.911,67.207
6483,2025-11-28,Available,Belgium,Standard,Agency,2026-03-30,2,2026-03-02 09:17:11,2026-03-04 13:47:51,M2,25.812,69.085
6484,2025-11-28,Available,Belgium,Standard,Agency,2026-04-08,12,2026-03-02 09:17:34,2026-03-02 14:48:05,M2,36.887,66.228
6485,2025-11-28,Available,Belgium,Standard,Agency,2026-03-23,2,2026-03-02 09:17:14,2026-03-04 13:47:56,M2,18.905,68.186
